order_id,seller_id,marketplace,sku,quantity,customer_id,order_date,order_amount,status
OD058515917902,S0002,flipkart,TSHIRT-WHT-M,1,C01705,2026-09-28T02:44:28.181Z,439.00,delivered
875-8522719-6145371,S0022,amazon,HOODIE-PNK-XL,1,C02609,2026-08-04T08:31:09.102Z,996.55,delivered
MYN1074053508,S0040,myntra,JEANS-GRN-34,4,C01047,2026-07-12T02:11:09.196Z,4556.00,delivered
MYN2703423352,S0004,myntra,KURTI-YEL-XL,2,C01875,2026-09-01T21:04:25.618Z,1096.20,delivered
OD255326419894,S0003,flipkart,SAREE-MAR-FREE,2,C01540,2026-09-02T23:50:28.832Z,3019.10,shipped
MYN9471464893,S0016,myntra,HANDBAG-BLK-FREE,2,C01935,2026-08-23T22:30:27.345Z,2158.00,delivered
524-0856494-6506196,S0001,amazon,TSHIRT-PNK-XL,2,C02054,2026-08-24T16:36:49.733Z,738.00,delivered
OD086764508576,S0002,flipkart,HOODIE-YEL-M,1,C01147,2026-08-12T12:31:27.030Z,1149.00,delivered
MSH787270612,S0002,meesho,HOODIE-YEL-M,1,C02945,2026-08-03T06:32:37.042Z,1149.00,delivered
450-6161939-3082173,S0045,amazon,WATCH-BLK-FREE,2,C02697,2026-08-22T15:52:24.757Z,6638.00,confirmed
445-0553309-7187166,S0001,amazon,HOODIE-GRN-XL,1,C00462,2026-09-20T09:04:32.592Z,1747.05,cancelled
605-2063964-7149293,S0004,amazon,KURTI-BLU-S,2,C01771,2026-07-12T10:16:26.848Z,1492.20,cancelled
MYN2351961156,S0019,myntra,WATCH-BLK-FREE,1,C00692,2026-09-13T02:45:32.502Z,1395.55,returned
OD784397521260,S0002,flipkart,TSHIRT-WHT-M,1,C02222,2026-09-30T08:19:12.267Z,395.10,delivered
MYN4173635349,S0047,myntra,KURTI-WHT-S,1,C00522,2026-09-27T08:59:18.961Z,859.00,delivered
791-8500673-6176086,S0020,amazon,SAREE-RED-FREE,4,C01240,2026-09-09T15:12:13.244Z,5956.00,delivered
OD858748837528,S0002,flipkart,TSHIRT-PNK-M,1,C00658,2026-09-30T08:41:26.516Z,679.00,delivered
MSH680425852,S0040,meesho,JEANS-MAR-30,2,C02546,2026-07-21T09:08:53.925Z,-2958.00,delivered
068-9691161-6914588,S0004,amazon,KURTI-YEL-XL,3,C00984,2026-10-01T03:57:34.446Z,1644.30,delivered
OD836956007815,S0035,flipkart,TSHIRT-GRN-L,1,C01069,2026-07-27T14:45:51.293Z,479.00,cancelled
OD617104376096,S0002,flipkart,HOODIE-YEL-M,3,C01724,2026-08-25T17:47:41.827Z,3274.65,delivered
644-3884862-8748483,S0013,amazon,SNEAKER-GRN-7,4,C01301,2026-09-26T01:03:33.140Z,4516.00,cancelled
245-7947802-1022674,S0022,amazon,HOODIE-YEL-M,5,C01898,2026-08-31T03:44:58.315Z,5790.25,shipped
430-1707345-0528952,S0016,amazon,HANDBAG-BLU-FREE,1,C01250,2026-09-20T03:06:42.290Z,1329.00,confirmed
015-9895242-8715335,S0040,amazon,SAREE-BLK-FREE,2,C02522,2026-09-01T04:48:16.512Z,2898.00,delivered
MSH407611998,S0009,meesho,HANDBAG-PNK-FREE,2,C02938,2026-08-11T02:57:32.514Z,2138.00,cancelled
MSH679949014,S0001,meesho,HOODIE-GRN-XL,1,C00437,2026-08-12T21:03:24.602Z,1839.00,shipped
MSH830003771,S0001,meesho,TSHIRT-PNK-XL,2,C01236,2026-08-09T05:06:58.113Z,738.00,delivered
OD808954957890,S0002,flipkart,TSHIRT-RED-S,1,C00799,2026-07-30T05:03:48.851Z,360.05,shipped
MSH559340616,S0002,meesho,TSHIRT-WHT-M,2,C01997,2026-07-12T11:51:53.426Z,790.20,delivered
MSH613948292,S0005,meesho,SNEAKER-MAR-7,2,C00953,2026-09-02T03:37:23.775Z,4558.10,delivered
347-2012492-2437257,S0008,amazon,JEANS-YEL-32,1,C02814,2026-09-06T16:17:39.123Z,1619.10,cancelled
863-2792547-3868159,S0001,amazon,HOODIE-GRN-XL,1,C00591,2026-07-23T12:19:27.783Z,1747.05,pending
MYN4950268122,S0008,myntra,JEANS-BLK-36,2,C01085,2026-09-30T21:59:48.585Z,1598.00,delivered
OD740032340233,S0002,flipkart,HOODIE-MAR-L,1,C02693,2026-09-28T18:19:41.582Z,917.10,shipped
MYN1353648131,S0014,myntra,KURTI-WHT-XL,2,C02812,2026-09-12T02:08:59.048Z,998.00,cancelled
OD320817139634,S0024,flipkart,JEANS-GRN-30,1,C00133,2026-07-11T09:26:45.624Z,989.00,delivered
OD455550490661,S0002,flipkart,HOODIE-BLK-L,5,C02807,2026-09-10T02:02:34.273Z,5095.00,delivered
OD509457819815,S0018,flipkart,JEANS-RED-30,1,C00793,2026-07-24T03:37:11.588Z,1239.00,delivered
MSH102967933,S0002,meesho,HOODIE-YEL-M,1,C01323,2026-07-25T13:44:45.320Z,1034.10,cancelled
OD338979823398,S0003,flipkart,KURTI-WHT-XL,1,C01409,2026-09-07T15:34:56.217Z,404.10,delivered
MSH771295785,S0027,meesho,SAREE-YEL-FREE,2,C02831,2026-09-19T10:02:03.951Z,2798.00,delivered
MYN2004399745,S0014,myntra,KURTI-RED-M,1,C02461,2026-07-16T07:15:00.013Z,749.00,delivered
MYN2782402729,S0003,myntra,SAREE-MAR-FREE,1,C01439,2026-08-31T00:35:13.545Z,1589.00,shipped
MYN3870703167,S0049,myntra,SNEAKER-YEL-10,1,C01428,2026-09-11T21:38:44.180Z,2579.00,cancelled
MYN0231457138,S0039,myntra,HANDBAG-YEL-FREE,3,C00208,2026-07-31T08:22:55.331Z,1963.65,delivered
OD288440659413,S0035,flipkart,TSHIRT-WHT-XL,4,C00672,2026-08-01T07:02:05.089Z,2356.00,cancelled
178-3866897-6115495,S0004,amazon,KURTI-YEL-XL,1,C00317,2026-09-22T03:26:58.396Z,548.10,shipped
MSH694191127,S0002,meesho,TSHIRT-RED-S,1,C02971,2026-08-10T03:34:46.274Z,379.00,delivered
928-6400554-4736901,S0032,amazon,WATCH-WHT-FREE,1,C00291,2026-07-11T04:29:56.642Z,1448.10,delivered
MSH321347651,S0001,meesho,TSHIRT-WHT-XL,1,C02107,2026-09-28T18:28:10.591Z,455.05,confirmed
MYN1359514769,S0047,myntra,KURTI-BLK-L,1,C02583,2026-08-04T00:53:41.614Z,296.10,delivered
MYN6572995663,S0033,myntra,TSHIRT-MAR-M,1,C02834,2026-08-09T08:47:43.871Z,639.00,confirmed
MSH290093087,S0007,meesho,JEANS-YEL-30,1,C01104,2026-08-24T02:05:54.154Z,548.10,delivered
MSH415063400,S0001,meesho,TSHIRT-GRN-L,1,C00168,2026-08-24T05:27:28.864Z,489.00,shipped
MSH037122523,S0007,meesho,JEANS-BLU-36,2,C02536,2026-09-07T21:54:31.791Z,2126.10,delivered
535-8002755-1099895,S0001,amazon,TSHIRT-WHT-XL,2,C02347,2026-07-26T09:27:09.292Z,958.00,returned
MSH616123412,S0005,meesho,SNEAKER-BLU-7,1,C02402,2026-09-21T12:04:46.433Z,2469.00,delivered
MYN2391406374,S0049,myntra,SNEAKER-YEL-10,1,C01903,2026-08-09T05:33:16.199Z,2579.00,delivered
MYN7084101860,S0011,myntra,KURTI-BLK-M,3,C02161,2026-09-03T08:23:54.662Z,2457.00,delivered
OD886228030301,S0002,flipkart,HOODIE-YEL-M,1,C00777,2026-08-28T17:11:17.480Z,1149.00,returned
OD383492463343,S0031,flipkart,SNEAKER-BLU-10,1,C00147,2026-08-23T18:20:37.962Z,1747.05,cancelled
MSH677966845,S0002,meesho,HOODIE-BLK-L,1,C00857,2026-07-24T13:17:23.691Z,968.05,delivered
252-2293788-2249254,S0001,amazon,HOODIE-GRN-XL,1,C00237,2026-09-13T16:23:04.034Z,1655.10,delivered
MYN0607577077,S0006,myntra,SNEAKER-RED-10,1,C02062,2026-09-05T15:09:39.496Z,2969.00,delivered
MYN9354991156,S0008,myntra,JEANS-BLK-36,1,C02183,2026-08-09T15:07:23.837Z,799.00,delivered
MYN9915864854,S0008,myntra,JEANS-PNK-30,2,C02362,2026-09-09T12:40:36.205Z,2122.20,shipped
614-6067463-7917069,S0001,amazon,HOODIE-GRN-XL,1,,2026-08-18T14:38:38.107Z,1839.00,shipped
MYN3883160478,S0003,myntra,SAREE-MAR-FREE,2,C00510,2026-09-30T14:00:55.773Z,3178.00,delivered
OD223650334844,S0010,flipkart,SAREE-WHT-FREE,1,C01784,2026-07-18T02:11:37.740Z,1813.55,cancelled
MYN3031017406,S0019,myntra,WATCH-BLK-FREE,2,C01358,2026-09-16T04:25:44.160Z,2938.00,pending
929-2402998-2816330,S0008,amazon,JEANS-BLU-34,2,C00991,2026-08-30T01:48:14.249Z,2998.00,delivered
MYN6684585252,S0016,myntra,HANDBAG-RED-FREE,1,C00449,2026-08-14T22:14:43.238Z,469.00,confirmed
220-8171522-5173055,S0001,amazon,TSHIRT-WHT-XL,1,C02988,2026-09-03T16:37:22.499Z,479.00,delivered
OD033611049765,S0008,flipkart,JEANS-BLU-34,2,C02925,2026-07-08T08:44:51.785Z,2848.10,cancelled
MYN3918281805,S0008,myntra,JEANS-YEL-32,4,C01158,2026-09-02T07:21:21.885Z,7196.00,delivered
XXXXXXXXXXXXXXXXXXXXXXXXXXXXXXXXXXXXXXXXXXXXXXXXXXXXXXXXXXXXXXXXXXXXXX,S0041,myntra,KURTI-YEL-M,3,C02072,2026-09-01T01:02:53.532Z,2476.65,pending
OD752750044500,S0015,flipkart,SAREE-PNK-FREE,3,C01960,2026-09-20T10:55:49.497Z,2277.15,delivered
982-7423693-1938861,S0001,amazon,TSHIRT-WHT-XL,1,C00288,2026-07-15T18:44:04.795Z,479.00,delivered
OD072441930700,S0002,flipkart,HOODIE-YEL-M,2,C02330,2026-07-06T07:29:31.564Z,2298.00,returned
MSH761127208,S0002,meesho,HOODIE-YEL-M,1,C02248,2026-08-23T18:37:38.898Z,1149.00,delivered
383-6812573-0133619,S0008,amazon,JEANS-BLU-34,1,C01088,2026-08-13T11:54:38.365Z,1349.10,delivered
OD163496200760,S0015,flipkart,WATCH-PNK-FREE,1,C00596,2026-08-20T17:06:30.830Z,1929.00,delivered
MSH654454091,S0001,meesho,TSHIRT-WHT-XL,4,C02397,2026-08-29T15:58:22.579Z,1916.00,delivered
802-8579377-7900739,S0023,amazon,SAREE-BLU-FREE,1,C02931,2026-08-04T01:02:57.920Z,2479.00,cancelled
OD012490196538,S0002,flipkart,HOODIE-BLK-L,1,C01166,2026-08-05T19:00:55.668Z,917.10,cancelled
MYN3559345474,S0033,myntra,TSHIRT-MAR-M,1,C02078,2026-08-09T21:14:42.587Z,639.00,returned
MYN1968259374,S0048,myntra,HOODIE-BLU-M,2,C02223,2026-08-13T22:49:41.085Z,2018.00,delivered
MYN3818762890,S0004,myntra,KURTI-BLU-S,1,C01928,2026-09-14T04:22:15.919Z,829.00,cancelled
MYN4819591748,S0004,myntra,KURTI-YEL-XL,2,C02978,2026-09-17T17:13:15.734Z,1218.00,pending
OD638275895419,S0024,flipkart,KURTI-MAR-XL,1,C01513,2026-07-20T05:14:36.419Z,377.10,delivered
MSH535935271,S0030,meesho,SAREE-MAR-FREE,2,C01710,2026-09-09T02:17:09.040Z,4498.00,shipped
881-7233125-7187564,S0001,amazon,TSHIRT-GRN-L,1,C01089,2026-08-13T21:58:05.008Z,489.00,delivered
MYN6601496245,S0003,myntra,KURTI-BLK-M,2,C01294,2026-09-09T01:39:37.211Z,1558.00,shipped
OD101350391232,S0021,flipkart,SNEAKER-BLK-10,1,C02830,2026-09-01T17:11:37.932Z,1338.55,pending
OD046616755745,S0024,flipkart,JEANS-RED-36,1,C00815,2026-08-02T02:06:50.133Z,759.05,delivered
MYN0994431172,S0019,myntra,WATCH-PNK-FREE,1,C00818,2026-08-19T00:01:42.080Z,3309.00,shipped
MYN2456765653,S0028,myntra,JEANS-GRN-36,4,C02499,2026-08-02T13:42:21.716Z,3196.00,delivered
MSH128768762,S0027,meesho,SAREE-WHT-FREE,1,C01836,2026-09-30T10:50:23.121Z,1829.00,shipped
MSH256172782,S0030,meesho,SAREE-RED-FREE,2,C02718,2026-10-03T01:29:21.944Z,4018.00,delivered
646-6179926-6297652,S0001,amazon,TSHIRT-WHT-XL,1,C00883,2026-09-21T00:13:44.066Z,431.10,shipped
607-4568001-6814837,S0004,amazon,KURTI-YEL-XL,2,C02905,2026-08-19T10:45:24.314Z,1157.10,shipped
MSH526310113,S0007,meesho,HOODIE-PNK-M,1,C02307,2026-09-18T13:39:03.473Z,1259.00,delivered
OD996512316937,S0015,flipkart,SAREE-GRN-FREE,2,C02088,2026-09-26T00:59:35.958Z,4598.00,delivered
MYN3413965386,S0003,myntra,SAREE-MAR-FREE,1,C00712,2026-08-10T07:53:30.991Z,1589.00,cancelled
MSH878205465,S0030,meesho,JEANS-RED-30,1,C02635,2026-09-08T17:49:47.429Z,1759.00,cancelled
883-7852807-1688357,S0004,amazon,KURTI-BLU-S,1,C02304,2026-09-13T19:17:08.514Z,787.55,delivered
MSH135215822,S0002,meesho,TSHIRT-PNK-M,1,C01768,2026-09-11T15:22:05.235Z,679.00,delivered
MYN3717362041,S0039,myntra,SAREE-YEL-FREE,1,C02745,2026-08-07T02:07:38.712Z,1329.00,returned
MYN1012517714,S0003,myntra,SAREE-MAR-FREE,2,C00767,2026-07-07T23:30:42.660Z,3178.00,returned
745-4139306-4863245,S0004,amazon,KURTI-BLU-S,3,C02763,2026-09-11T21:38:21.195Z,2487.00,delivered
MYN6769254343,S0029,myntra,WATCH-BLK-FREE,1,C02399,2026-08-24T21:16:23.767Z,1279.00,delivered
MYN3552688165,S0037,myntra,JEANS-PNK-36,1,C01025,2026-09-08T11:23:17.350Z,909.00,delivered
MSH857486974,S0005,meesho,SNEAKER-RED-7,1,C02874,2026-07-26T11:11:41.671Z,2199.00,pending
OD292405258721,S0002,flipkart,TSHIRT-BLU-XL,2,C00748,2026-08-16T18:36:17.116Z,1222.20,delivered
OD936956262313,S0002,flipkart,HOODIE-YEL-M,2,C02769,2026-09-16T18:04:43.322Z,2183.10,delivered
280-7108571-9629031,S0037,amazon,JEANS-MAR-34,1,C01819,2026-07-10T07:37:41.560Z,1509.00,delivered
MYN0032738161,S0015,myntra,SAREE-PNK-FREE,2,C02953,2026-08-10T19:59:21.986Z,1518.10,delivered
MSH213950783,S0002,meesho,HOODIE-YEL-M,1,C02590,2026-07-24T07:33:54.565Z,1149.00,delivered
823-4604933-5066877,S0022,amazon,HOODIE-YEL-M,1,C01317,2026-08-28T15:46:05.278Z,1219.00,shipped
MSH517006807,S0002,meesho,HOODIE-YEL-M,4,C00358,2026-08-19T00:22:35.988Z,4596.00,pending
575-4876696-0837399,S0004,amazon,KURTI-YEL-M,1,C00672,2026-08-31T13:09:45.722Z,825.55,delivered
MSH854861491,S0029,meesho,SNEAKER-PNK-7,1,C02421,2026-09-27T10:14:45.111Z,2285.10,delivered
OD201416013180,S0010,flipkart,HANDBAG-RED-FREE,1,C01583,2026-07-18T00:14:11.609Z,619.00,delivered
MYN9354921019,S0006,myntra,SNEAKER-YEL-7,1,C00617,2026-08-20T14:21:34.416Z,1389.00,delivered
082-5948848-5812930,S0004,amazon,KURTI-YEL-XL,3,C02788,2026-09-16T08:45:13.326Z,1644.30,returned
OD752830230976,S0018,flipkart,JEANS-RED-30,4,C02515,2026-09-14T00:55:18.262Z,4460.40,cancelled
180-2904735-7763120,S0001,amazon,HOODIE-GRN-XL,1,C00292,2026-09-16T09:14:57.737Z,1839.00,delivered
101-5850724-4715042,S0001,amazon,TSHIRT-WHT-XL,1,C00195,2026-09-15T11:52:39.423Z,455.05,delivered
MSH388540150,S0016,meesho,HANDBAG-PNK-FREE,2,C01765,2026-08-06T00:43:16.598Z,1043.10,pending
MSH226592893,S0007,meesho,JEANS-BLK-34,1,C01104,2026-09-02T13:22:28.444Z,829.00,delivered
753-5944164-9678888,S0004,amazon,KURTI-YEL-XL,2,C02337,2026-07-27T12:45:03.935Z,1096.20,delivered
516-7249470-1497241,S0001,amazon,TSHIRT-WHT-XL,1,C00909,2026-09-22T09:07:00.501Z,479.00,delivered
MSH463912013,S0001,meesho,HOODIE-PNK-M,1,C00724,2026-07-21T02:59:03.936Z,1599.00,delivered
290-8842829-0384192,S0041,amazon,KURTI-WHT-L,2,C00930,2026-07-07T22:18:30.736Z,1238.00,pending
OD769649257757,S0009,flipkart,HANDBAG-PNK-FREE,1,C00850,2026-08-17T08:36:27.497Z,962.10,pending
OD602210936438,S0002,flipkart,HOODIE-YEL-M,2,C00744,2026-09-09T11:14:14.896Z,2298.00,delivered
MSH602819406,S0005,meesho,SNEAKER-MAR-7,1,C00703,2026-07-27T23:08:42.783Z,2279.05,shipped
MYN2933511329,S0003,myntra,KURTI-MAR-XL,5,C02108,2026-07-05T22:38:16.563Z,2945.00,confirmed
460-7216863-4529516,S0046,amazon,HOODIE-BLU-L,2,C00999,2026-08-07T15:06:14.587Z,2958.00,cancelled
OD435160342615,S0010,flipkart,SAREE-GRN-FREE,2,C02423,2026-09-05T06:29:41.121Z,2938.00,delivered
OD829302420743,S0003,flipkart,SAREE-MAR-FREE,1,C01095,2026-08-10T14:02:42.414Z,1430.10,delivered
MSH474728788,S0001,meesho,HOODIE-GRN-XL,2,C01118,2026-08-12T12:34:12.576Z,3494.10,delivered
OD422599615340,S0002,flipkart,HOODIE-YEL-M,1,C00114,2026-09-04T22:06:56.912Z,1034.10,returned
103-3695633-8868655,S0001,amazon,TSHIRT-WHT-XL,1,C01712,2026-07-05T20:13:26.317Z,479.00,delivered
MYN1028207643,S0006,myntra,SNEAKER-YEL-10,1,C01552,2026-09-29T23:48:28.038Z,2359.00,delivered
OD676635112487,S0036,flipkart,JEANS-PNK-36,1,C02619,2026-08-11T23:49:48.902Z,1489.00,cancelled
OD634585843128,S0037,flipkart,JEANS-BLU-30,4,C01370,2026-08-03T12:40:03.139Z,2676.00,shipped
236-0451815-6457772,S0001,amazon,HOODIE-GRN-XL,2,C00789,2026-08-27T16:09:54.868Z,3310.20,pending
MYN9116781187,S0006,myntra,SNEAKER-MAR-9,2,C01559,2026-07-28T12:30:57.920Z,3858.00,shipped
OD009731984241,S0042,flipkart,WATCH-BLU-FREE,4,C01608,2026-07-09T19:06:49.849Z,7156.00,returned
MYN1316811842,S0048,myntra,HOODIE-YEL-XL,2,C02868,2026-08-22T12:45:31.080Z,3498.00,delivered
OD685615598105,S0003,flipkart,KURTI-BLK-L,1,C01056,2026-09-27T09:38:43.479Z,769.00,delivered
MYN6844923586,S0041,myntra,KURTI-YEL-M,1,C02843,2026-09-22T20:18:22.251Z,782.10,delivered
MYN8854691276,S0006,myntra,SNEAKER-YEL-7,3,C00118,2026-09-28T07:14:32.257Z,4167.00,pending
MSH838895714,S0036,meesho,HOODIE-GRN-XL,5,C01129,2026-08-06T19:59:31.682Z,9395.00,cancelled
956-9773003-8633829,S0001,amazon,TSHIRT-WHT-XL,2,C02008,2026-09-07T15:10:56.625Z,958.00,delivered
OD886351259500,S0003,flipkart,KURTI-BLK-M,2,C01623,2026-07-28T23:36:50.003Z,1558.00,delivered
MYN9048180175,S0008,myntra,JEANS-PNK-30,1,C02254,2026-07-28T18:48:32.539Z,1061.10,delivered
593-4478679-8666178,S0001,amazon,HOODIE-GRN-XL,1,C02011,2026-08-02T14:42:19.109Z,1839.00,delivered
MSH471811085,S0009,meesho,HANDBAG-RED-FREE,2,C02617,2026-08-25T15:41:55.563Z,1784.10,returned
MYN7267365534,S0049,myntra,SNEAKER-YEL-10,2,C01638,2026-08-01T23:18:25.411Z,5158.00,delivered
301-5457156-3712260,S0001,amazon,TSHIRT-PNK-XL,1,C01293,2026-09-12T16:04:19.454Z,350.55,delivered
MSH825760301,S0001,meesho,TSHIRT-WHT-XL,1,C02354,2026-09-16T16:58:25.363Z,479.00,delivered
OD622830874875,S0003,flipkart,SAREE-YEL-FREE,3,C02194,2026-08-01T14:49:17.587Z,3867.00,delivered
OD915586222071,S0010,flipkart,SAREE-GRN-FREE,2,C00668,2026-08-11T02:08:34.670Z,2938.00,pending
OD370634683459,S0010,flipkart,SAREE-PNK-FREE,3,C00549,2026-07-16T09:42:49.600Z,5046.30,delivered
OD758508274349,S0033,flipkart,SAREE-BLU-FREE,2,C00537,2026-08-04T12:51:31.392Z,3358.00,delivered
OD901079871250,S0009,flipkart,HANDBAG-RED-FREE,2,C00190,2026-09-28T00:38:14.198Z,1690.20,delivered
OD193396290101,S0002,flipkart,TSHIRT-WHT-M,1,C01255,2026-09-06T10:59:55.665Z,417.05,delivered
MSH368807222,S0005,meesho,SNEAKER-MAR-7,5,C01944,2026-07-30T14:08:42.480Z,11395.25,returned
OD993997020572,S0002,flipkart,HOODIE-YEL-M,4,C00974,2026-07-31T00:02:24.328Z,4596.00,delivered
MYN3279188581,S0039,myntra,SAREE-YEL-FREE,3,C02186,2026-07-29T06:03:55.164Z,3987.00,delivered
160-9694537-3160766,S0045,amazon,WATCH-RED-FREE,5,C02997,2026-07-11T07:22:32.428Z,7645.50,delivered
MYN4036673710,S0048,myntra,HOODIE-BLK-L,2,C01078,2026-08-16T03:55:05.068Z,2578.00,returned
MYN8300863982,S0048,myntra,HOODIE-BLU-XL,5,C02247,2026-09-23T11:59:11.073Z,3985.25,pending
887-3471143-1999076,S0016,amazon,HANDBAG-PNK-FREE,1,C00537,2026-08-23T23:34:12.466Z,494.10,delivered
OD979005967456,S0003,flipkart,KURTI-BLK-L,1,C00594,2026-07-30T04:10:52.915Z,692.10,delivered
390-3169803-1824092,S0035,amazon,TSHIRT-MAR-M,1,C02137,2026-07-20T11:18:47.258Z,449.00,delivered
MYN4136470702,S0047,myntra,KURTI-RED-M,1,C00515,2026-07-27T01:06:46.478Z,539.00,delivered
MSH063756572,S0005,meesho,SNEAKER-MAR-7,1,C00625,2026-07-10T05:47:30.092Z,2159.10,delivered
MSH473408352,S0001,meesho,HOODIE-GRN-XL,1,C01343,2026-08-24T16:53:36.603Z,1655.10,shipped
167-2234805-4782007,S0008,amazon,JEANS-YEL-32,2,C00881,2026-09-26T02:24:48.991Z,3598.00,delivered
OD541405085851,S0002,flipkart,TSHIRT-WHT-M,3,C00808,2026-09-17T07:05:19.292Z,1317.00,delivered
OD948512809389,S0034,flipkart,HANDBAG-YEL-FREE,1,C02572,2026-08-26T22:52:14.010Z,1249.00,delivered
MYN0469348219,S0003,myntra,KURTI-YEL-L,2,C01227,2026-07-27T00:46:39.439Z,1081.10,delivered
MYN3752460221,S0006,myntra,SNEAKER-GRN-7,3,C02228,2026-07-23T08:07:07.327Z,2265.30,pending
008-4148108-7755764,S0045,amazon,WATCH-MAR-FREE,2,C02976,2026-08-14T18:44:33.680Z,2638.00,returned
305-7317292-4588229,S0035,amazon,TSHIRT-GRN-L,1,C01034,2026-08-10T08:23:44.739Z,479.00,returned
702-4937035-4441545,S0016,amazon,HANDBAG-BLK-FREE,1,C00850,2026-08-04T22:24:04.844Z,1079.00,delivered
MSH867075723,S0027,meesho,SAREE-WHT-FREE,1,C01671,2026-08-04T12:03:21.685Z,1646.10,delivered
OD641320095847,S0010,flipkart,SAREE-YEL-FREE,2,C01173,2026-09-07T00:01:27.488Z,1398.00,delivered
MSH455281640,S0002,meesho,HOODIE-BLK-L,1,C00591,2026-08-09T09:56:14.437Z,968.05,delivered
OD836392990955,S0024,flipkart,JEANS-RED-36,1,C00970,2026-09-15T00:06:42.047Z,799.00,delivered
223-8813671-4817342,S0009,amazon,HANDBAG-PNK-FREE,1,C00795,2026-10-01T22:59:05.925Z,1015.55,confirmed
MSH781717955,S0001,meesho,TSHIRT-WHT-XL,3,C02910,2026-10-02T19:33:09.832Z,1437.00,delivered
OD127652563363,S0015,flipkart,SAREE-PNK-FREE,2,C02843,2026-08-05T19:48:26.040Z,1598.00,returned
OD222898998207,S0021,flipkart,SNEAKER-GRN-10,1,C02097,2026-08-01T13:53:55.501Z,1937.05,confirmed
908-1511453-4961351,S0001,amazon,TSHIRT-PNK-XL,3,C01842,2026-09-08T13:40:02.747Z,1107.00,delivered
294-5177594-3234544,S0035,amazon,TSHIRT-BLK-M,2,C01402,2026-07-27T13:18:57.591Z,1309.10,delivered
MYN9264107450,S0046,myntra,HOODIE-BLK-XL,2,C02051,2026-09-30T22:13:55.971Z,1510.20,returned
MSH207930720,S0027,meesho,SAREE-WHT-FREE,1,C01446,2026-08-02T23:42:02.407Z,1646.10,delivered
OD683033373738,S0002,flipkart,HOODIE-YEL-M,5,C00112,2026-09-13T04:51:34.295Z,5170.50,delivered
000-0672700-2657243,S0045,amazon,WATCH-GRN-FREE,2,C00600,2026-07-19T14:00:44.065Z,3478.00,confirmed
788-0418921-7270758,S0001,amazon,HOODIE-GRN-XL,4,C01716,2026-08-09T21:53:11.117Z,7356.00,delivered
MYN2391563064,S0003,myntra,KURTI-BLK-L,3,C00466,2026-07-26T10:09:41.649Z,2307.00,delivered
MSH458494122,S0001,meesho,TSHIRT-WHT-XL,3,C02712,2026-07-11T14:41:01.666Z,1365.15,returned
MYN8037672619,S0008,myntra,JEANS-YEL-32,4,C00529,2026-08-13T03:23:05.416Z,6476.40,delivered
MYN1734752101,S0008,myntra,WATCH-PNK-FREE,1,C02914,2026-07-07T12:08:01.834Z,3077.10,delivered
MSH274524839,S0009,meesho,HANDBAG-GRN-FREE,1,C02256,2026-09-16T05:18:24.007Z,476.10,delivered
OD983534199739,S0003,flipkart,KURTI-BLK-L,3,C02140,2026-08-26T06:47:08.773Z,2191.65,delivered
375-9949863-9365696,S0009,amazon,HANDBAG-PNK-FREE,4,C02026,2026-08-30T10:45:26.745Z,4276.00,delivered
397-6447028-5174517,S0004,amazon,KURTI-YEL-XL,1,C00987,2026-07-23T08:14:35.985Z,609.00,pending
MYN7552432947,S0008,myntra,JEANS-YEL-32,1,C00903,2026-07-30T20:08:55.456Z,1799.00,delivered
MSH229512923,S0012,meesho,KURTI-BLU-XL,4,C00391,2026-07-20T00:13:38.252Z,3436.00,cancelled
MYN4000028763,S0003,myntra,KURTI-PNK-XL,1,C01165,2026-09-26T07:18:22.247Z,749.55,delivered
258-5771472-3252229,S0009,amazon,HANDBAG-BLK-FREE,4,C00526,2026-08-16T12:08:05.314Z,4876.00,delivered
215-3587578-3089507,S0008,amazon,JEANS-BLU-34,1,C01712,2026-09-14T18:11:04.670Z,1499.00,delivered
OD368148848482,S0010,flipkart,SAREE-WHT-FREE,1,C01247,2026-08-04T14:28:18.444Z,1813.55,delivered
932-9719170-6207347,S0025,amazon,SNEAKER-RED-9,1,C02218,2026-09-28T09:35:26.554Z,2449.00,delivered
OD625680285266,S0002,flipkart,HOODIE-YEL-M,1,C02659,2026-09-07T20:57:06.352Z,1149.00,delivered
OD137159896068,S0010,flipkart,SAREE-WHT-FREE,3,C02144,2026-08-24T10:08:27.397Z,5154.30,delivered
MYN3044119286,S0008,myntra,JEANS-BLK-36,2,C00613,2026-08-31T23:34:46.409Z,1438.20,delivered
438-0991836-7055215,S0004,amazon,KURTI-YEL-XL,2,C02551,2026-08-09T13:44:53.350Z,1218.00,cancelled
MYN5844689365,S0003,myntra,SAREE-MAR-FREE,2,C01293,2026-07-08T13:53:07.250Z,3019.10,delivered
OD669887104148,S0002,flipkart,TSHIRT-GRN-M,1,C02423,2026-07-11T12:01:55.732Z,464.55,cancelled
MSH086578834,S0002,meesho,HOODIE-YEL-M,1,C00549,2026-08-29T01:34:04.612Z,1034.10,delivered
MSH392539632,S0002,meesho,TSHIRT-WHT-M,5,C02350,2026-07-25T15:27:43.101Z,2195.00,delivered
OD816123266711,S0037,flipkart,JEANS-BLK-34,5,C00451,2026-08-03T17:42:51.764Z,4630.50,delivered
106-4644255-4913973,S0001,amazon,HOODIE-GRN-XL,2,C00890,2026-08-09T23:35:18.604Z,3494.10,delivered
MSH032456449,S0030,meesho,SAREE-WHT-FREE,3,C01213,2026-09-03T17:13:04.941Z,6099.30,returned
222-1626790-3191134,S0022,amazon,HOODIE-BLU-M,1,C00989,2026-09-03T12:20:18.787Z,1281.55,delivered
MSH858944412,S0007,meesho,HOODIE-BLK-XL,2,C01163,2026-07-08T12:52:56.852Z,2958.00,delivered
MYN3607519657,S0003,myntra,SAREE-MAR-FREE,2,C01839,2026-10-02T18:40:10.541Z,3178.00,returned
385-5295392-2138666,S0045,amazon,WATCH-GRN-FREE,4,C01212,2026-09-23T23:13:57.106Z,6956.00,delivered
MYN8755190405,S0006,myntra,SNEAKER-BLU-7,1,C00986,2026-10-02T13:08:42.201Z,1399.00,pending
289-2750638-1824329,S0041,amazon,TSHIRT-RED-L,2,C01663,2026-08-12T08:24:35.699Z,1058.00,delivered
OD686775420833,S0031,flipkart,HOODIE-RED-XL,2,C01564,2026-09-19T08:40:14.040Z,2778.00,delivered
MYN4338533234,S0044,myntra,HOODIE-YEL-XL,2,C01266,2026-08-17T16:12:37.924Z,3858.00,confirmed
OD019314769714,S0038,flipkart,SNEAKER-RED-10,4,C01866,2026-09-05T05:48:35.255Z,7710.20,cancelled
MYN3748668967,S0008,myntra,JEANS-BLK-36,3,C00292,2026-08-26T13:18:31.860Z,2397.00,delivered
MYN1134407807,S0008,myntra,JEANS-YEL-32,2,C00753,2026-08-25T11:46:30.789Z,3598.00,delivered
MSH820979234,S0002,meesho,HOODIE-YEL-M,1,C00345,2026-07-26T06:47:59.621Z,1149.00,delivered
MSH010691992,S0010,meesho,SAREE-GRN-FREE,4,C01453,2026-08-26T20:08:06.917Z,5876.00,delivered
864-2148577-5666121,S0041,amazon,TSHIRT-RED-L,3,C01891,2026-07-30T17:52:28.654Z,1428.30,delivered
MSH204987539,S0040,meesho,SAREE-YEL-FREE,2,C00357,2026-08-19T21:17:31.999Z,3832.20,returned
514-2780167-9160017,S0016,amazon,HANDBAG-BLK-FREE,1,C02676,2026-08-08T07:27:11.109Z,971.10,delivered
MSH071893517,S0001,meesho,HOODIE-GRN-XL,2,C00695,2026-07-08T08:30:04.940Z,3494.10,delivered
MSH664265265,S0002,meesho,HOODIE-YEL-M,1,C01180,2026-07-16T07:15:14.816Z,1091.55,delivered
MSH998375996,S0001,meesho,TSHIRT-PNK-XL,2,C00439,2026-09-27T13:51:55.972Z,664.20,delivered
301-8262260-3125240,S0043,amazon,HANDBAG-RED-FREE,1,C01472,2026-08-29T02:37:08.480Z,1239.00,returned
MYN1854049363,S0041,myntra,TSHIRT-YEL-S,1,C02825,2026-07-20T03:56:57.348Z,503.10,delivered
MSH690639781,S0001,meesho,HOODIE-GRN-XL,2,C00615,2026-08-27T05:12:01.283Z,3678.00,delivered
OD418375755526,S0018,flipkart,JEANS-RED-30,1,C02590,2026-07-29T11:47:39.904Z,1115.10,delivered
563-6564963-6438238,S0009,amazon,HANDBAG-YEL-FREE,2,C02427,2026-08-26T13:16:15.581Z,1618.00,confirmed
MYN8016760706,S0028,myntra,JEANS-RED-34,1,C00237,2026-09-07T03:27:00.908Z,1159.00,shipped
OD406574466670,S0010,flipkart,HANDBAG-RED-FREE,3,C02951,2026-08-14T12:48:09.295Z,1857.00,delivered
MYN8515167955,S0039,myntra,HANDBAG-BLU-FREE,3,C02549,2026-08-13T00:00:52.538Z,1767.00,delivered
OD506712406188,S0042,flipkart,WATCH-BLU-FREE,1,C02995,2026-08-06T11:37:43.382Z,1789.00,delivered
742-7480863-0046518,S0033,amazon,TSHIRT-RED-M,1,C00864,2026-08-21T07:16:05.577Z,602.10,delivered
MSH133085094,S0002,meesho,TSHIRT-WHT-M,1,C02621,2026-07-17T14:52:11.244Z,439.00,delivered
OD047776677005,S0002,flipkart,TSHIRT-WHT-M,2,C01733,2026-08-01T16:22:15.116Z,834.10,confirmed
MYN6044425288,S0029,myntra,WATCH-BLK-FREE,1,C02400,2026-08-23T13:41:51.971Z,1279.00,delivered
MSH919942909,S0005,meesho,SNEAKER-MAR-7,1,C02341,2026-07-31T12:09:07.046Z,2279.05,delivered
OD051659235207,S0002,flipkart,HOODIE-BLK-L,1,C01905,2026-09-24T18:48:56.032Z,1019.00,delivered
048-1811668-5053452,S0022,amazon,SNEAKER-WHT-10,2,C02172,2026-09-16T04:53:59.195Z,2738.00,shipped
OD437571612227,S0002,flipkart,HOODIE-BLK-L,1,C01706,2026-08-18T01:00:04.305Z,917.10,delivered
MYN5267948237,S0006,myntra,SNEAKER-YEL-9,4,C00854,2026-08-29T23:56:47.298Z,5506.20,delivered
462-2337250-1300113,S0031,amazon,SNEAKER-PNK-9,1,C01384,2026-08-28T00:08:05.118Z,2849.00,delivered
MYN4117499802,S0003,myntra,KURTI-BLK-L,1,C00122,2026-07-22T16:48:15.111Z,769.00,delivered
489-0042071-9761810,S0009,amazon,HANDBAG-YEL-FREE,2,C01395,2026-07-07T22:33:24.950Z,1456.20,delivered
OD667489464744,S0003,flipkart,SAREE-MAR-FREE,1,C02228,2026-07-26T11:20:12.635Z,1589.00,pending
MYN5451506881,S0008,myntra,JEANS-YEL-32,2,C00574,2026-07-11T06:34:43.651Z,3598.00,delivered
OD404589356227,S0010,flipkart,SAREE-PNK-FREE,1,C01306,2026-08-04T12:50:51.887Z,1869.00,delivered
MYN4085931160,S0003,myntra,KURTI-BLK-L,2,C00792,2026-08-13T04:54:15.005Z,1538.00,returned
OD350825329478,S0010,flipkart,SAREE-PNK-FREE,1,C00088,2026-09-24T14:19:47.471Z,1682.10,delivered
MSH596914501,S0001,meesho,TSHIRT-WHT-XL,5,C01413,2026-07-07T18:10:15.681Z,2395.00,returned
MSH392423767,S0001,meesho,TSHIRT-WHT-XL,3,C00154,2026-09-02T04:49:55.276Z,1365.15,delivered
OD577479696104,S0024,flipkart,JEANS-RED-36,1,C02369,2026-08-26T17:55:40.750Z,799.00,delivered
OD044868014442,S0002,flipkart,HOODIE-MAR-L,1,C00217,2026-08-05T17:46:38.353Z,917.10,delivered
OD995758463278,S0002,flipkart,TSHIRT-PNK-XL,3,C00670,2026-09-08T08:59:11.614Z,777.00,cancelled
MYN3852672953,S0003,myntra,KURTI-YEL-L,4,C00548,2026-08-23T19:00:31.471Z,2048.40,pending
OD814091164323,S0003,flipkart,KURTI-BLK-L,4,C01306,2026-09-20T04:01:57.658Z,3076.00,pending
173-7707872-4185760,S0001,amazon,TSHIRT-PNK-XL,3,C02192,2026-08-05T04:08:11.180Z,1107.00,returned
356-9969403-1650705,S0048,amazon,HOODIE-MAR-XL,5,C01308,2026-07-11T06:23:17.668Z,6045.00,delivered
OD928914618568,S0002,flipkart,TSHIRT-WHT-M,2,C02704,2026-08-12T16:52:40.701Z,878.00,cancelled
090-1336661-8685986,S0001,amazon,TSHIRT-PNK-XL,3,C01975,2026-09-28T19:17:35.775Z,1107.00,delivered
MYN9208421060,S0003,myntra,SAREE-MAR-FREE,1,C02895,2026-10-01T15:14:35.721Z,1509.55,returned
403-2572693-4203269,S0001,amazon,TSHIRT-WHT-XL,1,C01617,2026-08-23T18:01:29.663Z,479.00,shipped
OD159902541186,S0002,flipkart,HOODIE-MAR-XL,5,C02672,2026-07-29T16:43:37.811Z,4695.00,cancelled
MYN8371647706,S0006,myntra,SNEAKER-RED-10,4,C02331,2026-08-26T03:08:58.215Z,11876.00,shipped
862-4372157-0445030,S0001,amazon,HOODIE-GRN-XL,1,C00322,2026-07-06T09:10:19.081Z,1655.10,delivered
MSH995825309,S0012,meesho,KURTI-BLU-S,5,C00174,2026-08-08T00:43:31.510Z,3145.00,delivered
MSH104820864,S0005,meesho,SNEAKER-MAR-7,1,C01376,2026-08-27T13:09:29.107Z,2399.00,shipped
418-2000369-9123975,S0043,amazon,HANDBAG-GRN-FREE,3,C01838,2026-08-26T04:58:39.219Z,1650.15,delivered
OD920206450651,S0003,flipkart,SAREE-RED-FREE,1,C01451,2026-08-06T23:30:29.778Z,1025.05,delivered
MYN1727300547,S0008,myntra,JEANS-YEL-32,1,C01860,2026-09-02T13:24:38.379Z,1799.00,shipped
MSH225456435,S0012,meesho,KURTI-BLU-XL,1,C02815,2026-07-30T21:15:30.967Z,859.00,delivered
OD310119854634,S0008,flipkart,WATCH-YEL-FREE,4,C01373,2026-08-14T07:09:47.826Z,3236.00,delivered
MSH335350319,S0009,meesho,HANDBAG-RED-FREE,3,C02513,2026-09-29T19:26:52.556Z,2676.15,delivered
OD264637540222,S0044,flipkart,HOODIE-MAR-M,2,C00334,2026-07-14T23:19:45.814Z,1938.00,delivered
MSH083187373,S0001,meesho,HOODIE-GRN-XL,3,C01329,2026-09-22T17:32:46.115Z,5241.15,delivered
MSH115610396,S0001,meesho,TSHIRT-GRN-L,3,C00764,2026-08-08T01:54:30.356Z,1467.00,delivered
MYN2269454298,S0046,myntra,HOODIE-PNK-L,2,C00034,2026-09-02T16:23:18.462Z,3598.00,delivered
MSH677612707,S0005,meesho,SNEAKER-MAR-7,4,C00706,2026-07-20T17:22:09.327Z,9596.00,confirmed
MSH354291798,S0001,meesho,HOODIE-GRN-XL,1,C01291,2026-08-29T06:37:33.698Z,1839.00,delivered
MSH507020855,S0002,meesho,TSHIRT-PNK-M,1,C00921,2026-09-06T11:01:14.436Z,679.00,delivered
MYN0327983420,S0003,myntra,KURTI-PNK-XL,4,C02490,2026-09-22T19:37:37.266Z,2840.40,delivered
MYN9975950094,S0003,myntra,SAREE-MAR-FREE,1,C01088,2026-09-11T09:21:36.002Z,1589.00,delivered
MSH304290878,S0007,meesho,JEANS-GRN-34,1,C01029,2026-09-20T10:47:01.342Z,647.107,delivered
MSH353551711,S0001,meesho,HOODIE-GRN-XL,1,C01828,2026-07-16T02:39:12.713Z,1839.00,delivered
OD879399147119,S0010,flipkart,SAREE-YEL-FREE,4,C01985,2026-08-18T01:18:09.665Z,2796.00,shipped
MYN5224870162,S0004,myntra,KURTI-YEL-XL,1,C02354,2026-09-24T05:00:50.729Z,548.10,delivered
547-7959675-5991002,S0001,amazon,TSHIRT-PNK-XL,1,C02054,2026-08-08T14:48:53.079Z,369.00,delivered
MSH144167485,S0002,meesho,TSHIRT-RED-S,3,C02485,2026-08-26T17:59:57.961Z,1080.15,shipped
MYN6650479893,S0047,myntra,KURTI-RED-M,3,C02130,2026-08-11T07:53:10.634Z,1617.00,delivered
OD785268897924,S0010,flipkart,SAREE-GRN-FREE,4,C01741,2026-07-27T04:09:43.811Z,5876.00,delivered
MYN5897049973,S0037,myntra,JEANS-PNK-34,3,C02658,2026-08-09T08:30:08.798Z,4842.15,delivered
MSH384396155,S0001,meesho,TSHIRT-WHT-XL,2,C01723,2026-08-06T06:31:56.522Z,958.00,delivered
MYN2029556572,S0038,myntra,TSHIRT-RED-M,2,C02277,2026-09-04T14:19:12.177Z,1258.00,confirmed
MSH578422986,S0001,meesho,HOODIE-GRN-XL,1,C01974,2026-09-29T16:19:57.987Z,1839.00,delivered
OD269537420004,S0002,flipkart,HOODIE-MAR-L,2,C01259,2026-07-24T23:43:02.632Z,1936.10,delivered
MYN5836008430,S0006,myntra,SNEAKER-BLU-7,2,C00061,2026-08-21T02:06:13.871Z,2798.00,delivered
MYN0559356853,S0006,myntra,SNEAKER-MAR-9,1,C00079,2026-08-23T00:21:53.742Z,1736.10,delivered
445-7828091-5068647,S0001,amazon,HOODIE-GRN-XL,1,C02010,2026-07-16T07:31:27.839Z,1655.10,returned
OD015834289141,S0002,flipkart,HOODIE-YEL-M,2,C01725,2026-07-20T04:59:51.409Z,2183.10,delivered
893-8816991-6611905,S0001,amazon,TSHIRT-GRN-L,1,C01510,2026-07-31T20:21:02.702Z,489.00,shipped
335-4973196-1175633,S0028,amazon,JEANS-GRN-36,4,C02957,2026-09-04T11:32:28.625Z,3196.00,delivered
OD698735587398,S0010,flipkart,SAREE-WHT-FREE,2,C02673,2026-09-22T12:57:29.484Z,3818.00,delivered
734-8255904-9540986,S0027,amazon,SAREE-WHT-FREE,1,C00901,2026-09-05T23:42:16.564Z,1829.00,confirmed
OD502455050703,S0002,flipkart,HOODIE-YEL-M,1,C01082,2026-07-31T07:01:13.065Z,1034.10,delivered
142-3388964-8184473,S0001,amazon,TSHIRT-WHT-XL,1,C01708,2026-09-11T02:26:43.856Z,431.10,pending
MYN0791023478,S0008,myntra,WATCH-YEL-FREE,2,C02938,2026-09-06T20:57:25.511Z,1537.10,cancelled
OD872944738398,S0003,flipkart,KURTI-YEL-L,1,C01259,2026-07-11T12:43:07.013Z,569.00,delivered
MYN6886595324,S0046,myntra,HOODIE-YEL-XL,3,C00005,2026-09-30T11:09:07.028Z,4227.00,confirmed
MSH498942276,S0005,meesho,SNEAKER-YEL-8,2,C00604,2026-07-05T17:22:30.102Z,5798.00,delivered
OD093545343494,S0009,flipkart,HANDBAG-YEL-FREE,1,C01810,2026-09-18T15:56:35.190Z,728.10,confirmed
OD853794026441,S0002,flipkart,HOODIE-BLU-M,1,C01769,2026-09-04T03:35:30.461Z,1736.10,cancelled
OD259640254605,S0002,flipkart,HOODIE-YEL-M,5,C02726,2026-08-19T14:43:29.420Z,5170.50,delivered
MYN5162623722,S0006,myntra,SNEAKER-MAR-9,1,C02951,2026-09-28T18:43:37.416Z,1929.00,delivered
OD350446710842,S0026,flipkart,WATCH-PNK-FREE,1,C02586,2026-07-24T16:16:31.278Z,1159.00,pending
MSH928127496,S0007,meesho,HOODIE-YEL-M,1,C00547,2026-09-01T13:57:20.249Z,647.10,delivered
OD545915550870,S0031,flipkart,SNEAKER-MAR-8,5,C02798,2026-08-24T13:11:46.342Z,5080.50,delivered
OD344018372746,S0025,flipkart,SNEAKER-BLK-9,4,C00443,2026-07-28T14:14:18.658Z,8816.40,delivered
750-2870502-6843567,S0008,amazon,WATCH-YEL-FREE,1,C01826,2026-08-14T04:47:27.842Z,809.00,delivered
MYN7390766995,S0003,myntra,SAREE-MAR-FREE,1,C01147,2026-10-02T17:30:30.065Z,1589.00,returned
967-8903013-7898784,S0040,amazon,SAREE-YEL-FREE,1,C00472,2026-07-17T14:54:41.793Z,2129.00,delivered
550-5274538-3042797,S0001,amazon,HOODIE-GRN-XL,1,C01308,2026-07-25T20:33:27.724Z,1839.00,delivered
OD237485602188,S0003,flipkart,KURTI-MAR-M,5,C00029,2026-07-08T23:00:26.870Z,2605.50,shipped
MSH380758000,S0040,meesho,JEANS-PNK-32,1,C02002,2026-07-16T01:00:34.933Z,649.00,cancelled
068-5242372-6623771,S0012,amazon,KURTI-YEL-M,1,C00831,2026-07-19T12:36:15.978Z,674.10,delivered
MYN7300510401,S0049,myntra,SAREE-WHT-FREE,1,C02010,2026-07-29T05:13:59.011Z,1565.10,delivered
MYN5254726775,S0003,myntra,KURTI-BLK-L,1,C02548,2026-07-07T17:02:36.580Z,730.55,confirmed
MSH479561351,S0002,meesho,HOODIE-YEL-M,4,C01816,2026-07-21T03:39:30.257Z,4136.40,delivered
OD249819057149,S0003,flipkart,KURTI-YEL-L,3,C02401,2026-09-15T15:16:06.487Z,1707.00,delivered
MSH432135239,S0012,meesho,KURTI-BLU-XL,1,C00425,2026-08-09T09:45:10.984Z,859.00,pending
425-0340427-3648272,S0001,amazon,HOODIE-GRN-XL,1,C02404,2026-08-30T10:26:38.838Z,1655.10,delivered
909-6701209-9721674,S0001,amazon,HOODIE-GRN-XL,1,C02391,2026-08-08T08:24:21.479Z,1655.10,delivered
MSH659034530,S0009,meesho,HANDBAG-PNK-FREE,1,C01875,2026-09-04T22:29:08.027Z,1069.00,cancelled
MYN5499919144,S0019,myntra,WATCH-BLK-FREE,3,C01656,2026-07-14T06:10:15.287Z,3966.30,delivered
MYN7305162639,S0008,myntra,JEANS-BLU-34,1,C01576,2026-07-22T07:54:47.777Z,1499.00,delivered
MSH341574045,S0002,meesho,HOODIE-MAR-L,3,C01765,2026-09-20T22:16:29.311Z,3057.00,delivered
MSH809466420,S0005,meesho,SNEAKER-PNK-9,1,C00923,2026-09-25T05:31:10.267Z,873.05,delivered
008-1771115-6441104,S0001,amazon,TSHIRT-PNK-XL,1,C01884,2026-08-09T08:13:46.726Z,369.00,delivered
737-8998073-8561965,S0004,amazon,KURTI-BLU-S,1,C01068,2026-07-12T21:26:53.603Z,787.55,delivered
189-0505616-6767010,S0001,amazon,TSHIRT-WHT-XL,1,C00471,2026-09-03T00:17:46.665Z,479.00,delivered
MYN5073053053,S0046,myntra,HOODIE-YEL-XL,1,C01854,2026-07-23T07:19:43.737Z,1409.00,delivered
095-3522068-1275433,S0044,amazon,HOODIE-PNK-M,2,C00199,2026-09-03T04:03:42.649Z,2428.20,delivered
OD892657683794,S0036,flipkart,JEANS-BLU-36,2,C00270,2026-10-03T11:12:37.899Z,1762.20,delivered
MSH110651201,S0001,meesho,HOODIE-GRN-XL,1,C02790,2026-09-23T17:30:07.538Z,1839.00,pending
OD368180239650,S0003,flipkart,KURTI-YEL-L,3,C00860,2026-09-10T14:34:20.475Z,1621.65,pending
MSH725629405,S0001,meesho,HOODIE-GRN-XL,2,C00951,2026-09-15T17:40:57.326Z,3678.00,delivered
110-9715629-3944568,S0001,amazon,TSHIRT-GRN-L,1,C00146,2026-09-21T11:58:29.829Z,489.00,confirmed
MSH908434481,S0002,meesho,TSHIRT-BLU-XL,2,C00594,2026-10-02T11:34:59.416Z,1358.00,delivered
286-4742180-6755024,S0001,amazon,TSHIRT-GRN-L,4,C00012,2026-08-08T07:44:03.649Z,1956.00,confirmed
MYN8009167838,S0004,myntra,KURTI-YEL-XL,4,C01504,2026-07-09T18:14:04.658Z,2192.40,delivered
MSH864833686,S0001,meesho,TSHIRT-WHT-XL,1,C02412,2026-09-09T14:05:28.515Z,455.05,delivered
MSH125449607,S0009,meesho,HANDBAG-PNK-FREE,3,C02886,2026-09-05T04:14:42.010Z,3207.00,delivered
OD399587834280,S0010,flipkart,SAREE-WHT-FREE,2,C01524,2026-09-02T13:50:57.845Z,3818.00,delivered
OD109173158971,S0002,flipkart,HOODIE-MAR-L,1,C02733,2026-09-03T05:50:08.729Z,1019.00,delivered
559-6312432-5387309,S0032,amazon,WATCH-BLU-FREE,1,C00124,2026-08-19T14:57:00.872Z,1898.10,returned
MSH828979907,S0002,meesho,TSHIRT-WHT-M,two,C00937,2026-08-16T06:23:36.955Z,878.00,cancelled
MYN0941368849,S0039,myntra,HANDBAG-BLK-FREE,4,C01837,2026-08-12T21:53:38.633Z,2912.40,delivered
MYN4099303677,S0049,myntra,SAREE-WHT-FREE,1,C01295,2026-09-05T03:32:38.680Z,1739.00,delivered
MSH936492483,S0027,meesho,SAREE-WHT-FREE,3,C00677,2026-08-24T15:54:14.625Z,5487.00,delivered
OD836095449043,S0003,flipkart,KURTI-PNK-XL,2,C02518,2026-07-11T01:23:30.305Z,1578.00,delivered
664-3908436-6217565,S0004,amazon,KURTI-BLU-S,1,C02120,2026-08-13T06:34:43.645Z,829.00,confirmed
MSH863692352,S0005,meesho,SNEAKER-BLK-7,1,C01309,2026-09-28T12:53:36.766Z,2279.00,delivered
MYN0779134242,S0016,myntra,HANDBAG-RED-FREE,2,C02065,2026-07-22T03:00:35.259Z,938.00,shipped
MSH719935271,S0011,meesho,KURTI-RED-L,1,C00552,2026-09-17T06:56:00.433Z,619.00,delivered
OD043223660922,S0048,flipkart,HOODIE-RED-XL,1,C01021,2026-09-07T15:18:32.088Z,929.00,delivered
MSH446137930,S0007,meesho,JEANS-BLU-36,3,C01983,2026-08-29T17:47:51.321Z,3357.00,delivered
MSH137080500,S0002,meesho,HOODIE-BLK-L,1,C00364,2026-07-23T01:15:58.781Z,1019.00,delivered
MSH633419502,S0007,meesho,JEANS-BLU-36,1,C01166,2026-07-14T13:05:54.014Z,1119.00,delivered
OD283814218502,S0048,flipkart,HOODIE-BLK-L,2,C00880,2026-09-22T05:50:14.652Z,2578.00,confirmed
990-8622305-9131667,S0023,amazon,SAREE-RED-FREE,1,C02005,2026-07-10T23:43:30.937Z,1072.55,returned
MYN0628591678,S0003,myntra,KURTI-PNK-XL,1,C00308,2026-07-24T05:26:27.894Z,789.00,delivered
943-0680091-1047996,S0001,amazon,HOODIE-GRN-XL,4,C01630,2026-07-06T00:36:41.859Z,6988.20,shipped
OD146607658286,S0048,flipkart,HOODIE-BLK-L,1,C01520,2026-07-31T22:14:50.610Z,1289.00,delivered
MSH592907352,S0027,meesho,SAREE-YEL-FREE,3,C02461,2026-09-10T12:32:29.399Z,3777.30,shipped
596-3629976-9626453,S0009,amazon,HANDBAG-PNK-FREE,4,C00039,2026-08-29T19:15:28.006Z,3848.40,confirmed
785-9140597-2124468,S0001,amazon,TSHIRT-GRN-L,5,C01378,2026-07-13T10:36:15.325Z,2445.00,delivered
412-9899924-0151358,S0001,amazon,TSHIRT-WHT-XL,4,C01716,2026-09-10T13:45:25.401Z,1916.00,delivered
332-9889080-6030918,S0004,amazon,KURTI-YEL-XL,1,C01562,2026-10-02T14:54:40.437Z,609.00,delivered
MYN3725394695,S0011,myntra,KURTI-BLU-M,1,C01358,2026-07-28T20:02:14.403Z,665.10,pending
OD547369406508,S0009,flipkart,HANDBAG-RED-FREE,2,C01111,2026-08-09T17:47:33.004Z,1878.00,delivered
925-1227759-4974347,S0009,amazon,HANDBAG-BLK-FREE,1,C01369,2026-08-13T22:43:46.129Z,1158.05,confirmed
511-0599189-7503075,S0033,amazon,,2,C02238,2026-08-23T07:50:33.615Z,878.00,delivered
628-3177040-9150855,S0004,amazon,KURTI-YEL-S,1,C02448,2026-09-14T22:50:46.646Z,309.00,delivered
724-2548637-0940642,S0001,amazon,TSHIRT-PNK-XL,1,C01433,2026-07-08T10:12:22.573Z,332.10,delivered
OD437233685216,S0002,flipkart,HOODIE-MAR-L,1,C01716,2026-09-26T23:37:46.126Z,1019.00,delivered
125-9517983-8032341,S0009,amazon,HANDBAG-MAR-FREE,1,C00194,2026-08-10T21:49:43.283Z,739.00,confirmed
750-0714021-9002297,S0039,amazon,SAREE-YEL-FREE,1,C00428,2026-08-31T20:43:35.987Z,1329.00,delivered
MSH591780368,S0005,meesho,SNEAKER-MAR-7,3,C01253,2026-08-26T00:38:48.919Z,7197.00,pending
MYN4566731037,S0004,myntra,KURTI-PNK-M,5,C00393,2026-09-05T23:17:24.478Z,1745.00,delivered
OD065827406069,S0025,flipkart,SNEAKER-PNK-7,1,C01652,2026-07-14T16:04:20.118Z,2989.00,delivered
285-6869139-8055118,S0013,amazon,SNEAKER-BLU-10,1,C01647,2026-08-14T22:54:48.557Z,959.00,cancelled
MYN2280615404,S0035,myntra,TSHIRT-GRN-L,2,C02807,2026-09-29T08:27:23.162Z,862.20,delivered
OD356673835943,S0002,flipkart,HOODIE-YEL-M,3,C02252,2026-09-23T03:46:43.683Z,3447.00,delivered
MYN8117703537,S0033,myntra,TSHIRT-GRN-XL,4,C02621,2026-07-17T17:46:59.156Z,1756.00,returned
MYN9632991019,S0016,myntra,HANDBAG-BLK-FREE,1,C02589,2026-09-20T21:50:24.991Z,971.10,delivered
669-0261246-0419498,S0009,amazon,HANDBAG-RED-FREE,1,C00218,2026-07-25T00:56:01.417Z,939.00,delivered
MYN3530432681,S0029,myntra,WATCH-RED-FREE,1,C01087,2026-07-17T11:44:18.947Z,839.00,confirmed
MYN8981603380,S0023,myntra,SAREE-MAR-FREE,3,C02417,2026-08-18T23:04:35.657Z,6153.15,delivered
OD072713151422,S0003,flipkart,KURTI-WHT-XL,2,C01879,2026-08-04T04:20:38.447Z,898.00,cancelled
MYN1627095143,S0041,myntra,TSHIRT-RED-L,2,C00475,2026-08-11T10:41:29.776Z,1058.00,delivered
MYN8378986939,S0006,myntra,SNEAKER-RED-10,1,C01149,2026-08-08T22:44:43.660Z,2820.55,delivered
000-7154134-6606355,S0045,amazon,WATCH-BLK-FREE,1,C02763,2026-09-27T09:04:03.610Z,3319.00,delivered
MYN8645492434,S0003,myntra,SAREE-MAR-FREE,1,C01848,2026-09-18T16:47:31.418Z,1509.55,delivered
088-2403827-5266795,S0033,amazon,TSHIRT-RED-S,1,C02192,2026-08-12T07:17:04.465Z,251.10,confirmed
181-8225312-4228925,S0041,amazon,TSHIRT-YEL-S,1,C00010,2026-09-14T12:57:19.606Z,559.00,confirmed
147-6018073-6716520,S0021,amazon,SNEAKER-PNK-7,1,C02813,2026-07-08T14:49:36.962Z,2326.55,pending
843-7757056-5454893,S0001,amazon,HOODIE-GRN-XL,1,C02613,2026-08-30T02:28:28.108Z,1839.00,delivered
MSH681804140,S0002,meesho,HOODIE-YEL-M,1,C00975,2026-09-08T06:02:50.905Z,1091.55,shipped
MYN7644606402,S0035,myntra,WATCH-WHT-FREE,5,C01715,2026-09-29T20:36:06.286Z,8450.25,delivered
OD480460612017,S0002,snapdeal,HOODIE-YEL-M,1,C01463,2026-09-22T17:29:58.438Z,1149.00,delivered
OD632942746287,S0002,flipkart,TSHIRT-WHT-M,2,C02284,2026-08-08T17:54:40.256Z,878.00,cancelled
OD900331824710,S0003,flipkart,KURTI-BLK-M,5,C00091,2026-08-12T16:12:55.631Z,3895.00,delivered
OD601222659234,S0024,flipkart,JEANS-RED-36,1,C01357,2026-07-31T12:32:46.770Z,719.10,cancelled
OD719923382120,S0002,flipkart,TSHIRT-RED-L,3,C02207,2026-07-29T02:40:10.718Z,1437.00,delivered
MSH095686079,S0002,meesho,HOODIE-BLK-L,2,C00730,2026-09-18T22:48:25.616Z,1936.10,delivered
165-2034530-7047091,S0016,amazon,HANDBAG-PNK-FREE,1,C01876,2026-07-08T23:06:51.279Z,549.00,confirmed
432-0242062-7647783,S0001,amazon,TSHIRT-GRN-L,1,C02553,2026-09-23T02:27:10.546Z,489.00,delivered
654-4689313-1850552,S0016,amazon,HANDBAG-PNK-FREE,4,C00198,2026-08-06T08:21:54.837Z,1976.40,delivered
MYN3503901386,S0043,myntra,HANDBAG-GRN-FREE,1,C01931,2026-09-25T23:17:13.478Z,579.00,shipped
969-5834189-0847933,S0043,amazon,HANDBAG-YEL-FREE,1,C01487,2026-09-16T12:45:24.088Z,1187.10,delivered
918-3103237-6694234,S0045,amazon,WATCH-BLK-FREE,3,C00420,2026-08-18T17:42:20.337Z,9957.00,delivered
MSH603030876,S0001,meesho,HOODIE-PNK-M,1,C00782,2026-07-19T13:26:01.637Z,1599.00,delivered
MSH279588464,S0001,meesho,HOODIE-GRN-XL,2,C02856,2026-09-20T22:28:52.639Z,3678.00,returned
MYN6391367003,S0041,myntra,TSHIRT-RED-L,1,C00977,2026-07-30T07:45:43.801Z,502.55,confirmed
OD956963012999,S0003,flipkart,SAREE-MAR-FREE,4,C00888,2026-07-08T10:06:04.521Z,6038.20,delivered
683-4186012-8964893,S0004,amazon,KURTI-YEL-XL,4,C00188,2026-07-09T00:05:04.339Z,2436.00,delivered
OD930558842231,S0048,flipkart,HOODIE-BLK-L,2,C01758,2026-07-15T16:34:14.594Z,2578.00,cancelled
MYN4300574044,S0004,myntra,KURTI-YEL-M,2,C00237,2026-08-31T21:36:47.586Z,1738.00,delivered
181-3542069-0938786,S0033,amazon,TSHIRT-RED-S,2,C01665,2026-09-28T18:22:56.174Z,558.00,delivered
MSH738034729,S0001,meesho,TSHIRT-PNK-XL,1,C01075,2026-08-31T10:23:01.770Z,369.00,shipped
OD944161416206,S0003,flipkart,KURTI-YEL-L,1,C02585,2026-08-05T12:40:38.661Z,540.55,delivered
OD572919683965,S0002,flipkart,TSHIRT-GRN-M,2,C00781,2026-08-09T13:39:44.625Z,880.20,delivered
129-3623705-0422073,S0001,amazon,HOODIE-GRN-XL,2,C02668,2026-07-29T21:50:27.186Z,3494.10,confirmed
OD554000068044,S0035,flipkart,TSHIRT-PNK-S,2,C02290,2026-07-18T00:34:31.819Z,718.00,delivered
MSH803823418,S0010,meesho,HANDBAG-WHT-FREE,1,C00082,2026-08-06T22:59:12.979Z,656.10,delivered
445-3375953-3484708,S0041,amazon,TSHIRT-RED-L,1,C02933,2026-08-21T03:11:07.708Z,502.55,shipped
MSH277943894,S0016,meesho,HANDBAG-PNK-FREE,1,C02615,2026-10-03T03:42:07.761Z,549.00,delivered
OD369605834864,S0002,flipkart,HOODIE-MAR-L,1,C01054,2026-09-20T10:56:27.917Z,1019.00,delivered
341-2405873-1956668,S0001,amazon,HOODIE-GRN-XL,2,C02358,2026-09-28T15:57:42.172Z,3678.00,delivered
MSH440098435,S0030,meesho,JEANS-PNK-34,1,C01173,2026-09-10T04:53:25.683Z,1019.00,confirmed
MSH895281757,S0036,meesho,HOODIE-GRN-XL,1,C00341,2026-08-04T20:34:57.227Z,1879.00,delivered
909-3712536-1501686,S0004,amazon,KURTI-YEL-XL,1,C02578,2026-09-06T15:24:18.084Z,609.00,confirmed
MYN5678717889,S0003,myntra,KURTI-YEL-L,1,C01046,2026-09-12T05:00:31.121Z,569.00,delivered
MSH309025427,S0002,meesho,HOODIE-YEL-M,1,C01776,2026-08-14T20:56:00.862Z,1149.00,confirmed
738-6469551-2038918,S0001,amazon,TSHIRT-WHT-XL,4,C01681,2026-07-21T02:30:21.880Z,1916.00,cancelled
005-0633089-8045651,S0044,amazon,HOODIE-GRN-L,1,C02295,2026-08-12T01:03:47.712Z,1241.10,delivered
884-6894097-5825535,S0004,amazon,KURTI-YEL-S,1,C02863,2026-09-25T17:36:44.977Z,278.10,delivered
174-9607005-8586287,S0001,amazon,HOODIE-GRN-XL,1,C02390,2026-09-15T21:59:34.289Z,1839.00,delivered
MSH324691037,S0005,meesho,SNEAKER-MAR-7,2,C01599,2026-07-11T19:14:19.134Z,4798.00,returned
MSH013913324,S0002,meesho,HOODIE-MAR-XL,3,C02099,2026-09-25T07:02:34.132Z,2817.00,delivered
220-6017420-1006941,S0001,amazon,TSHIRT-PNK-XL,3,C00963,2026-08-10T06:54:27.125Z,996.30,returned
MYN0711871828,S0008,myntra,JEANS-YEL-32,4,C02840,2026-07-18T05:27:04.177Z,7196.00,delivered
OD485819845886,S0024,flipkart,JEANS-RED-36,1,C02089,2026-07-24T10:31:01.005Z,799.00,shipped
OD183931954069,S0028,flipkart,JEANS-GRN-30,1,C00177,2026-09-28T21:12:36.656Z,759.00,delivered
OD751185898916,S0002,flipkart,TSHIRT-GRN-M,0,C01987,2026-10-03T07:18:09.766Z,489.00,shipped
OD607487448801,S0002,flipkart,HOODIE-BLK-L,5,C02080,2026-07-12T07:27:43.880Z,5095.00,confirmed
OD494206580374,S0002,flipkart,TSHIRT-RED-L,1,C02050,2026-09-23T23:13:44.702Z,479.00,delivered
OD662301928923,S0003,flipkart,KURTI-BLK-M,2,C00709,2026-08-07T18:42:38.102Z,1480.10,delivered
OD329941028092,S0002,flipkart,TSHIRT-WHT-M,3,C00025,2026-08-17T08:38:55.425Z,1317.00,returned
MSH480701654,S0001,meesho,HOODIE-GRN-XL,1,C02207,2026-07-11T23:30:09.111Z,1747.05,delivered
803-4603538-4470804,S0001,amazon,HOODIE-GRN-XL,2,C01957,2026-08-15T00:26:35.637Z,3678.00,delivered
MYN4068373230,S0003,myntra,SAREE-MAR-FREE,3,C01208,2026-09-18T10:05:01.444Z,4290.30,delivered
OD667692861636,S0003,flipkart,KURTI-MAR-M,3,C02228,2026-08-08T04:24:42.187Z,1563.30,delivered
OD992476688032,S0035,flipkart,WATCH-YEL-FREE,5,C02554,2026-09-07T13:29:28.128Z,7785.25,shipped
333-8482055-7774522,S0001,amazon,TSHIRT-WHT-XL,1,C00591,2026-09-11T20:51:43.358Z,479.00,confirmed
MSH150832716,S0002,meesho,TSHIRT-PNK-M,3,C02493,2026-09-22T16:25:25.673Z,2037.00,delivered
MSH815786757,S0001,meesho,TSHIRT-WHT-XL,2,C01616,2026-08-20T15:01:33.414Z,910.10,delivered
MSH560480930,S0011,meesho,KURTI-BLU-M,1,C01624,2026-09-24T17:47:02.188Z,739.00,delivered
MSH355535650,S0007,meesho,JEANS-GRN-34,2,C01158,2026-08-27T00:56:47.666Z,1438.00,confirmed
MSH422462112,S0016,meesho,HANDBAG-PNK-FREE,4,C00255,2026-08-23T13:12:43.884Z,2196.00,delivered
MYN9070692835,S0008,myntra,JEANS-BLU-34,2,C02103,2026-07-23T11:41:13.433Z,2998.00,delivered
MSH851915901,S0002,meesho,HOODIE-YEL-M,1,C00891,2026-09-12T10:45:06.330Z,1149.00,delivered
335-0817461-1006258,S0004,amazon,KURTI-YEL-S,2,C00921,2026-09-01T09:57:41.045Z,618.00,shipped
MSH217471603,S0026,meesho,HANDBAG-GRN-FREE,2,C01254,2026-07-06T12:56:29.418Z,916.20,returned
MSH256696621,S0002,meesho,HOODIE-YEL-M,1,C00536,2026-08-31T06:04:45.916Z,1034.10,delivered
OD927998390765,S0010,flipkart,SAREE-PNK-FREE,1,C02350,2026-08-01T05:33:04.543Z,1775.55,delivered
MYN7871065351,S0050,myntra,WATCH-WHT-FREE,4,C02625,2026-07-22T15:56:30.075Z,12954.20,shipped
MYN5896106126,S0019,myntra,WATCH-BLK-FREE,5,C00822,2026-09-12T15:28:27.868Z,6610.50,delivered
MYN6874784061,S0049,myntra,SAREE-WHT-FREE,2,C01918,2026-07-21T04:31:11.099Z,3130.20,cancelled
693-7899678-7420758,S0001,amazon,TSHIRT-PNK-XL,4,C02754,2026-09-25T20:37:54.157Z,1476.00,delivered
111-9874262-6107675,S0004,amazon,KURTI-YEL-M,1,C00444,2026-08-29T16:38:22.736Z,825.55,cancelled
MSH620474345,S0026,meesho,WATCH-MAR-FREE,1,C02454,2026-09-25T13:34:56.527Z,2402.10,delivered
MSH614770151,S0002,meesho,HOODIE-BLK-L,2,C02613,2026-07-25T22:43:00.896Z,2038.00,shipped
MYN0356595253,S0047,myntra,WATCH-WHT-FREE,1,C00084,2026-09-18T05:04:12.642Z,1395.55,delivered
550-9192562-7120612,S0008,amazon,JEANS-BLU-34,2,C01018,2026-08-15T17:35:13.965Z,2998.00,delivered
OD672454374450,S0009,flipkart,HANDBAG-PNK-FREE,1,C00532,2026-07-23T16:17:24.838Z,1069.00,shipped
OD553699658224,S0002,flipkart,TSHIRT-WHT-M,1,C02216,2026-07-08T23:50:11.366Z,395.10,delivered
435-4257086-3498401,S0001,amazon,HOODIE-GRN-XL,1,C00395,2026-07-08T11:13:52.535Z,1839.00,pending
OD260413926639,S0018,flipkart,JEANS-BLU-30,1,C02017,2026-07-05T15:27:09.382Z,1629.00,delivered
171-4135024-5449259,S0001,amazon,HOODIE-GRN-XL,1,C01118,2026-09-23T04:23:19.149Z,1839.00,delivered
OD451880674980,S0002,flipkart,TSHIRT-PNK-XL,2,C02431,2026-07-21T13:54:17.970Z,518.00,confirmed
OD204060748075,S0003,flipkart,KURTI-YEL-M,1,C00757,2026-08-11T18:31:32.058Z,329.00,delivered
783-5840108-6807816,S0001,amazon,TSHIRT-PNK-XL,1,C02027,2026-08-16T22:32:32.030Z,332.10,shipped
OD065701691474,S0017,flipkart,SAREE-MAR-FREE,1,C02988,2026-09-29T05:20:45.010Z,2179.00,confirmed
MYN6298738559,S0003,myntra,KURTI-YEL-M,2,C00339,2026-08-28T01:03:28.459Z,625.10,shipped
MSH993731267,S0002,meesho,TSHIRT-PNK-XL,4,C00713,2026-07-21T21:16:48.691Z,1036.00,delivered
102-3666833-3937995,S0001,amazon,HOODIE-PNK-M,5,C00645,2026-07-27T03:13:57.585Z,7995.00,confirmed
OD861377553751,S0003,flipkart,KURTI-MAR-XL,1,C00686,2026-09-23T17:53:04.903Z,559.55,delivered
MSH309961501,S0001,meesho,HOODIE-PNK-M,1,C00506,2026-09-23T23:51:21.574Z,1599.00,delivered
OD621438174016,S0003,flipkart,SAREE-MAR-FREE,1,C01937,2026-10-02T07:54:39.391Z,1509.55,delivered
127-4368704-6379592,S0037,amazon,JEANS-BLU-30,1,C00025,2026-09-12T20:02:01.219Z,669.00,delivered
MSH495031940,S0007,meesho,JEANS-YEL-30,1,C00523,2026-09-10T14:37:34.896Z,548.10,delivered
610-7795467-9820815,S0045,amazon,WATCH-BLU-FREE,2,C02136,2026-09-29T11:02:21.053Z,1818.00,delivered
OD849285979893,S0025,flipkart,SNEAKER-BLK-8,3,C02410,2026-07-19T13:07:36.084Z,2517.00,delivered
MSH490639758,S0007,meesho,HOODIE-YEL-M,2,C02349,2026-08-28T09:16:29.544Z,1366.10,delivered
MYN9639678635,S0029,myntra,SNEAKER-PNK-7,1,C00100,2026-09-21T15:50:56.558Z,2539.00,returned
MSH952740162,S0001,meesho,HOODIE-GRN-XL,1,C00960,2026-07-12T09:48:48.373Z,1839.00,delivered
897-7086383-3048879,S0009,amazon,HANDBAG-PNK-FREE,1,C02488,2026-09-18T22:03:11.311Z,1069.00,delivered
622-4153928-0012349,S0032,amazon,WATCH-BLU-FREE,1,C01724,2026-07-06T12:25:37.345Z,2109.00,delivered
543-1944789-1782584,S0013,amazon,SNEAKER-PNK-7,4,C02698,2026-07-14T12:12:27.756Z,9596.00,shipped
MYN2974423561,S0006,myntra,SNEAKER-YEL-10,2,C02069,2026-09-08T20:28:43.001Z,4718.00,delivered
OD149835772061,S0024,flipkart,KURTI-BLK-L,2,C01505,2026-08-21T14:12:38.400Z,853.10,pending
OD799926442425,S0002,flipkart,HOODIE-MAR-L,1,C00068,2026-09-26T01:40:42.861Z,968.05,pending
MSH236600997,S0009,meesho,HANDBAG-RED-FREE,2,C02943,2026-08-22T11:06:11.653Z,1878.00,delivered
809-0696080-0925999,S0001,amazon,TSHIRT-GRN-L,1,C01518,2026-09-23T00:27:48.694Z,489.00,returned
MYN8616973831,S0004,myntra,KURTI-PNK-M,1,C02919,2026-09-13T20:19:16.659Z,349.00,pending
OD270088023628,S0003,flipkart,KURTI-BLK-M,1,C01624,2026-07-25T06:38:21.868Z,740.05,delivered
MSH377711289,S0007,meesho,JEANS-GRN-30,1,C00864,2026-09-28T21:45:14.957Z,759.05,delivered
MSH410006372,S0002,meesho,HOODIE-YEL-M,1,C01923,2026-07-19T07:15:15.256Z,1149.00,delivered
MSH566687644,S0005,meesho,SNEAKER-MAR-7,1,C02947,2026-09-27T05:28:29.226Z,2399.00,shipped
273-4524784-6787160,S0001,amazon,HOODIE-GRN-XL,1,C01015,2026-08-25T08:11:49.590Z,1839.00,delivered
MYN2374880248,S0008,myntra,JEANS-YEL-32,4,C01409,2026-08-08T00:25:59.314Z,6836.20,shipped
MSH605092371,S0007,meesho,HOODIE-PNK-L,4,C00910,2026-08-26T11:06:54.183Z,3720.20,confirmed
MYN6908970480,S0029,myntra,SNEAKER-PNK-7,3,C00353,2026-08-18T18:46:05.942Z,7617.00,cancelled
MSH821787051,S0036,meesho,JEANS-PNK-36,1,C02663,2026-08-27T09:32:31.581Z,1414.55,returned
MYN2341298658,S0049,myntra,SNEAKER-GRN-8,1,C02705,2026-08-12T04:14:12.621Z,1443.05,cancelled
MYN4428509491,S0006,myntra,SNEAKER-YEL-7,4,C02473,2026-07-28T17:30:52.858Z,5556.00,cancelled
,S0031,amazon,HOODIE-RED-XL,4,C02400,2026-08-05T22:19:23.980Z,5278.20,delivered
MSH135450734,S0001,meesho,TSHIRT-PNK-XL,1,C00077,2026-08-15T07:28:16.724Z,369.00,delivered
OD340432623959,S0002,flipkart,TSHIRT-RED-S,1,C03000,2026-08-31T05:21:41.304Z,379.00,delivered
453-3956296-5568432,S0001,amazon,HOODIE-GRN-XL,3,C02676,2026-08-08T00:47:51.124Z,5517.00,delivered
MSH242120254,S0001,meesho,HOODIE-GRN-XL,1,C02698,2026-07-15T06:43:12.179Z,1839.00,delivered
MYN8785576903,S0006,myntra,SNEAKER-RED-10,1,C00936,2026-08-06T11:26:47.340Z,2672.10,delivered
OD311671933772,S0002,flipkart,HOODIE-MAR-L,1,C02682,2026-09-26T16:25:40.098Z,1019.00,confirmed
MSH736246528,S0001,meesho,HOODIE-GRN-XL,4,C01577,2026-08-24T15:45:43.203Z,6620.40,delivered
OD331556809783,S0010,flipkart,SAREE-WHT-FREE,2,C02113,2026-07-13T10:50:53.681Z,3818.00,shipped
MSH651360152,S0002,meesho,TSHIRT-RED-L,4,C00984,2026-07-18T04:50:38.530Z,1820.20,cancelled
MYN5651235314,S0003,myntra,KURTI-BLK-L,2,C00510,2026-09-12T06:05:10.788Z,1461.10,delivered
OD948074015575,S0003,flipkart,SAREE-YEL-FREE,1,C02267,2026-08-04T16:03:06.830Z,1160.10,delivered
OD310997328449,S0003,flipkart,SAREE-MAR-FREE,5,C00814,2026-08-06T09:32:28.566Z,7945.00,delivered
OD316916672952,S0002,flipkart,HOODIE-YEL-M,1,C00773,2026-09-09T10:26:22.637Z,1149.00,returned
OD226150282109,S0002,flipkart,HOODIE-YEL-M,2,C00228,2026-08-13T01:23:28.758Z,2183.10,pending
745-8804189-3122743,S0032,amazon,WATCH-GRN-FREE,2,C01192,2026-09-21T09:04:09.701Z,1312.20,delivered
OD769011863093,S0002,flipkart,TSHIRT-WHT-M,4,C00958,2026-09-01T07:16:01.657Z,1756.00,cancelled
MYN5627764414,S0006,myntra,SNEAKER-YEL-10,1,C02503,2026-09-11T19:00:54.768Z,2359.00,delivered
719-2397265-5674270,S0013,amazon,SNEAKER-GRN-7,1,C01309,2026-07-20T07:57:53.227Z,1129.00,delivered
MSH811083797,S0002,meesho,TSHIRT-PNK-XL,1,C00544,2026-08-09T06:03:24.478Z,259.00,delivered
MSH083068627,S0002,meesho,HOODIE-YEL-M,1,C02672,2026-08-30T02:27:03.387Z,1149.00,delivered
MSH101558836,S0026,meesho,HANDBAG-WHT-FREE,1,C00990,2026-08-30T19:44:13.732Z,1158.05,delivered
MYN3002619937,S0033,myntra,TSHIRT-BLK-S,2,C02370,2026-09-24T10:23:15.040Z,1338.00,delivered
477-6937962-2093041,S0012,amazon,KURTI-PNK-XL,1,C00880,2026-08-12T20:40:51.381Z,530.10,delivered
822-7214892-2224119,S0009,amazon,HANDBAG-PNK-FREE,0,C00849,2026-09-09T17:18:32.041Z,3207.00,shipped
403-2094048-3996494,S0009,amazon,HANDBAG-BLK-FREE,1,C00442,2026-08-13T11:28:07.745Z,1219.00,cancelled
OD656664044827,S0003,flipkart,KURTI-MAR-XL,1,C01451,2026-09-17T23:57:10.379Z,559.55,delivered
OD294719511982,S0028,flipkart,JEANS-GRN-36,4,C01928,2026-08-02T02:38:15.738Z,3196.00,delivered
MSH439915655,S0002,meesho,TSHIRT-GRN-M,1,C00300,2026-07-23T10:24:23.198Z,464.55,delivered
MSH208709241,S0005,meesho,SNEAKER-PNK-9,1,C00097,2026-08-21T00:38:02.231Z,919.00,confirmed
996-5688954-1879404,S0001,amazon,TSHIRT-WHT-XL,1,C02088,2026-08-19T10:12:14.981Z,431.10,delivered
288-9238105-0112235,S0012,amazon,KURTI-BLU-S,5,C00398,2026-09-11T07:58:40.300Z,2987.75,delivered
OD802200840588,S0028,flipkart,JEANS-GRN-36,1,C02309,2026-07-22T13:06:22.041Z,799.00,cancelled
OD075678031541,S0009,flipkart,HANDBAG-PNK-FREE,1,C01613,2026-07-25T21:26:05.836Z,1015.55,cancelled
OD095014724451,S0003,flipkart,KURTI-PNK-XL,1,C02829,2026-07-19T19:27:35.687Z,710.10,cancelled
MYN3099615275,S0006,myntra,SNEAKER-YEL-7,1,C00499,2026-08-22T02:01:58.094Z,1319.55,shipped
OD336204992082,S0002,flipkart,HOODIE-BLK-L,4,C00136,2026-07-19T08:19:59.328Z,4076.00,pending
OD660320575941,S0002,flipkart,HOODIE-YEL-M,3,C02700,2026-10-02T09:11:39.638Z,3447.00,confirmed
MSH624587828,S0005,meesho,SNEAKER-MAR-7,2,C00741,2026-08-30T22:11:55.180Z,4798.00,pending
MSH794622318,S0011,meesho,KURTI-BLK-M,1,C02374,2026-07-10T06:50:58.911Z,737.10,pending
OD440675891450,S0003,flipkart,KURTI-BLK-M,3,C00615,2026-08-01T12:06:55.288Z,2337.00,confirmed
MSH729114745,S0005,meesho,SNEAKER-BLU-7,1,C01352,2026-09-05T13:36:16.518Z,2345.55,delivered
300-6855696-7907869,S0009,amazon,HANDBAG-BLK-FREE,3,C02284,2026-08-03T07:18:39.920Z,3657.00,delivered
MSH548427722,S0026,meesho,WATCH-PNK-FREE,1,C00524,2026-07-23T07:07:36.747Z,1159.00,delivered
MYN2067386155,S0019,myntra,WATCH-BLK-FREE,2,C00917,2026-07-12T15:17:36.188Z,2791.10,returned
191-1500413-6695987,S0020,amazon,JEANS-BLK-30,4,C00845,2026-08-11T19:01:07.793Z,6076.00,delivered
MYN5183691272,S0006,myntra,SNEAKER-RED-10,1,C01786,2026-09-13T08:45:51.257Z,2969.00,delivered
OD621405479113,S0009,flipkart,HANDBAG-PNK-FREE,1,C02328,2026-07-22T21:38:51.353Z,1069.00,delivered
MSH797817528,S0029,meesho,SNEAKER-PNK-7,1,C02644,2026-08-27T05:34:17.887Z,2539.00,confirmed
MSH347828858,S0001,meesho,HOODIE-GRN-XL,2,C01287,2026-09-29T15:50:58.137Z,3494.10,returned
332-4258700-6431216,S0022,amazon,SNEAKER-WHT-10,1,C02541,2026-09-20T04:11:11.257Z,1369.00,delivered
OD201963370852,S0002,flipkart,HOODIE-YEL-M,4,C01732,2026-09-06T02:55:35.430Z,4136.40,delivered
MSH427829567,S0007,meesho,HOODIE-PNK-M,2,C01488,2026-08-14T10:42:23.269Z,2392.10,returned
MYN6455829707,S0003,myntra,KURTI-YEL-L,1,C02672,2026-09-01T04:38:23.715Z,569.00,delivered
MSH027385978,S0001,meesho,HOODIE-GRN-XL,1,C00978,2026-09-02T14:44:00.549Z,1747.05,delivered
435-5857844-7516545,S0023,amazon,SAREE-BLU-FREE,1,C01724,2026-09-18T05:59:39.745Z,2479.00,delivered
MSH321344841,S0001,meesho,HOODIE-GRN-XL,1,C01555,2026-09-23T12:29:54.844Z,1655.10,delivered
668-6538245-9176428,S0004,amazon,KURTI-BLU-S,1,C00859,2026-09-13T07:05:47.821Z,829.00,delivered
MSH438215808,S0036,meesho,JEANS-WHT-30,5,C02784,2026-08-17T20:22:13.982Z,3280.50,returned
176-5314705-0805607,S0012,amazon,KURTI-BLU-S,1,C02855,2026-07-14T11:10:43.145Z,629.00,delivered
158-0724988-7740550,S0001,amazon,TSHIRT-WHT-XL,1,C02322,2026-08-28T23:44:58.676Z,455.05,pending
OD409095646482,S0003,flipkart,SAREE-MAR-FREE,1,C00164,2026-10-01T19:53:15.608Z,1589.00,shipped
OD486260068925,S0036,flipkart,HOODIE-GRN-XL,1,C01579,2026-07-15T04:40:43.750Z,1879.00,delivered
OD976648426424,S0003,flipkart,KURTI-BLK-M,5,C02785,2026-08-13T17:39:24.529Z,3895.00,returned
943-9886994-7012021,S0033,amazon,TSHIRT-BLK-S,1,C00921,2026-07-15T07:15:29.589Z,669.00,returned
923-7152396-6458005,S0048,amazon,HOODIE-BLK-L,4,C02087,2026-07-25T19:17:27.554Z,5156.00,delivered
MSH572801439,S0007,meesho,JEANS-BLU-36,2,C00527,2026-07-30T14:36:03.417Z,2014.20,pending
OD580771332565,S0002,flipkart,TSHIRT-BLU-XL,5,C01062,2026-09-06T00:30:52.238Z,3395.00,delivered
OD666954997877,S0003,flipkart,KURTI-MAR-M,2,C02912,2026-07-15T13:02:46.560Z,1158.00,delivered
MYN2768437749,S0039,myntra,SAREE-PNK-FREE,1,C01760,2026-07-26T18:14:18.745Z,1385.10,pending
354-5434750-9686324,S0001,amazon,HOODIE-GRN-XL,1,C01912,2026-09-30T05:46:28.144Z,1839.00,confirmed
470-1282183-1214541,S0045,amazon,WATCH-BLK-FREE,1,C02985,2026-08-12T01:29:52.207Z,3319.00,delivered
MSH140383822,S0007,meesho,JEANS-BLU-36,1,C00169,2026-09-04T01:13:46.408Z,1119.00,returned
MSH392205630,S0012,meesho,KURTI-BLU-S,1,C01810,2026-09-15T13:28:18.524Z,629.00,confirmed
633-3193885-3364602,S0001,amazon,HOODIE-PNK-M,1,C00036,2026-07-28T19:38:43.567Z,1439.10,delivered
MYN1610801694,S0008,myntra,JEANS-YEL-32,1,C00350,2026-07-21T06:49:51.410Z,1799.00,delivered
MSH578185099,S0029,meesho,SNEAKER-PNK-7,3,C00124,2026-08-06T02:09:39.231Z,7617.00,confirmed
920-3091316-1474253,S0009,amazon,HANDBAG-GRN-FREE,3,C01794,2026-09-15T22:27:19.672Z,1587.00,delivered
OD167724881859,S0028,flipkart,JEANS-YEL-32,1,C02624,2026-08-11T20:45:24.548Z,1053.55,delivered
MSH579766799,S0021,meesho,SNEAKER-WHT-9,1,C00747,2026-08-07T00:25:55.519Z,859.00,delivered
MSH621796833,S0021,meesho,SNEAKER-MAR-10,2,C01211,2026-07-17T21:43:16.226Z,4978.00,pending
OD103842965378,S0010,flipkart,SAREE-YEL-FREE,2,C00826,2026-08-29T16:25:43.729Z,1258.20,delivered
MSH638529729,S0001,meesho,HOODIE-GRN-XL,1,C01515,2026-08-30T20:59:30.820Z,1839.00,shipped
MSH929690485,S0007,meesho,HOODIE-YEL-M,1,C01865,2026-08-27T05:11:06.713Z,647.10,delivered
OD879461045233,S0048,flipkart,HOODIE-YEL-XL,1,C00488,2026-08-31T15:28:47.076Z,1749.00,delivered
MYN7314895536,S0049,myntra,SNEAKER-YEL-10,1,C00206,2026-08-18T04:36:50.683Z,2579.00,delivered
MSH160589241,S0001,meesho,HOODIE-GRN-XL,1,C01579,2026-07-24T21:50:31.074Z,1839.00,delivered
MSH326107782,S0005,meesho,SNEAKER-PNK-9,1,C00220,2026-09-23T03:00:50.802Z,873.05,confirmed
848-8888515-1924301,S0043,amazon,HANDBAG-PNK-FREE,2,C01481,2026-07-23T06:30:43.505Z,2258.00,shipping
801-4660973-8240119,S0028,amazon,JEANS-GRN-36,2,C00399,2026-08-13T02:17:19.793Z,1438.20,delivered
858-7182994-9807504,S0033,amazon,TSHIRT-BLK-S,1,C00138,2026-07-22T10:33:34.752Z,635.55,delivered
MSH887209025,S0005,meesho,SNEAKER-RED-10,1,C01175,2026-08-13T17:36:11.611Z,1919.00,returned
OD021177228709,S0003,flipkart,KURTI-WHT-XL,3,C00105,2026-08-15T08:45:46.654Z,1347.00,delivered
698-4706767-4262041,S0001,amazon,HOODIE-PNK-M,1,C00241,2026-08-13T10:15:43.847Z,1599.00,returned
509-3140280-6028430,S0023,amazon,SAREE-BLU-FREE,1,C01919,2026-07-30T23:33:01.252Z,2355.05,delivered
MYN9564523079,S0003,myntra,SAREE-MAR-FREE,3,C02958,2026-08-09T08:27:11.969Z,4528.65,pending
MYN1196860650,S0019,myntra,WATCH-BLK-FREE,2,C01222,2026-07-09T06:44:45.778Z,2938.00,delivered
182-3885964-7417378,S0008,amazon,JEANS-YEL-32,1,C00921,2026-07-27T04:30:18.202Z,1619.10,shipped
MSH787086019,S0027,meesho,SAREE-BLK-FREE,4,C01077,2026-08-11T23:24:32.453Z,8116.00,returned
OD107697189050,S0042,flipkart,KURTI-WHT-S,3,C00781,2026-07-17T16:52:46.730Z,1827.00,confirmed
MYN0823005149,S0003,myntra,SAREE-MAR-FREE,4,C02361,2026-07-22T19:00:14.575Z,5720.40,delivered
718-6818178-6212090,S0001,amazon,HOODIE-GRN-XL,2,C01422,2026-07-29T21:32:00.355Z,3678.00,confirmed
946-0406193-2512589,S0001,amazon,TSHIRT-WHT-XL,2,C01218,2026-09-05T14:29:27.918Z,958.00,delivered
MYN5808309718,S0019,myntra,WATCH-BLK-FREE,1,C01484,2026-10-01T04:45:55.803Z,1469.00,delivered
OD472598471684,S0002,flipkart,TSHIRT-PNK-XL,5,C00482,2026-08-25T16:32:02.664Z,1295.00,delivered
MYN3390045215,S0029,myntra,SNEAKER-RED-7,1,C01081,2026-09-12T10:11:17.034Z,2869.00,cancelled
MSH412010144,S0005,meesho,SNEAKER-BLU-7,1,C02630,2026-09-15T04:24:18.770Z,2222.10,returned
MYN0361358777,S0003,myntra,SAREE-MAR-FREE,5,C02412,2026-07-19T23:40:05.697Z,7945.00,delivered
MYN9065416789,S0008,myntra,WATCH-YEL-FREE,1,C02749,2026-07-17T02:59:36.576Z,728.10,delivered
217-8128062-2721396,S0022,amazon,HOODIE-YEL-M,1,C01219,2026-09-02T23:18:54.059Z,1219.00,delivered
MSH092119343,S0001,meesho,TSHIRT-WHT-XL,2,C01576,2026-07-23T17:15:56.590Z,910.10,pending
MYN6279392546,S0006,myntra,SNEAKER-RED-10,1,C01973,2026-09-13T07:06:39.020Z,2969.00,delivered
MYN3371910222,S0004,myntra,KURTI-YEL-S,1,C01433,2026-09-22T18:01:12.792Z,293.55,delivered
MSH961330909,S0001,meesho,HOODIE-GRN-XL,1,C01972,2026-08-05T01:07:53.057Z,1747.05,delivered
MYN5610614853,S0029,myntra,SNEAKER-RED-7,3,C01925,2026-07-31T05:27:59.353Z,8607.00,delivered
166-0436771-9003229,S0001,amazon,HOODIE-GRN-XL,4,C01986,2026-09-23T03:24:06.741Z,6988.20,confirmed
OD220213374802,S0014,flipkart,KURTI-RED-M,2,C02697,2026-07-19T09:19:23.050Z,1498.00,delivered
MYN2735283209,S0004,myntra,KURTI-BLU-S,3,C00358,2026-09-11T02:42:14.511Z,2487.00,delivered
MYN0477846552,S0003,myntra,KURTI-BLK-M,1,C00183,2026-07-06T09:22:33.081Z,779.00,pending
MYN2492012993,S0019,myntra,WATCH-PNK-FREE,1,C01387,2026-07-22T13:53:31.543Z,2978.10,delivered
OD290743574055,S0003,flipkart,SAREE-MAR-FREE,1,C01335,2026-08-26T01:36:41.391Z,1589.00,delivered
MYN2352062492,S0004,myntra,KURTI-YEL-XL,1,C02650,2026-09-02T13:46:12.661Z,609.00,returned
OD715791476691,S0028,flipkart,JEANS-GRN-36,4,C02301,2026-08-13T12:23:43.988Z,3036.20,delivered
OD669490754289,S0003,flipkart,SAREE-MAR-FREE,2,C02606,2026-07-09T10:56:39.209Z,3019.10,delivered
189-1602343-6870000,S0001,amazon,HOODIE-GRN-XL,2,C00316,2026-09-04T14:40:56.006Z,3678.00,returned
552-3128541-1581305,S0008,amazon,JEANS-YEL-32,1,C02149,2026-08-25T14:58:09.781Z,1799.00,delivered
OD068369196339,S0003,flipkart,KURTI-YEL-M,3,C02162,2026-07-30T23:15:37.127Z,987.00,delivered
508-7207215-2289967,S0012,amazon,KURTI-BLU-XL,1,C02516,2026-08-18T21:37:06.180Z,859.00,delivered
MSH218532378,S0012,meesho,KURTI-YEL-M,1,C01555,2026-07-19T10:16:33.704Z,711.55,delivered
101-7393376-6797708,S0008,amazon,JEANS-YEL-32,2,C02877,2026-10-03T05:33:53.820Z,3598.00,delivered
019-2586301-1445910,S0039,amazon,HANDBAG-BLK-FREE,3,C01680,2026-08-23T19:17:35.655Z,2427.00,cancelled
MSH696008395,S0002,meesho,TSHIRT-PNK-M,4,C01498,2026-08-19T11:59:43.773Z,2444.40,delivered
OD333103198161,S0010,flipkart,SAREE-WHT-FREE,1,C02841,2026-08-29T20:07:11.463Z,1718.10,confirmed
MYN3877736538,S0040,myntra,SAREE-BLK-FREE,5,C00267,2026-08-07T05:06:19.832Z,6882.75,delivered
OD478753129616,S0036,flipkart,HOODIE-GRN-XL,4,C01622,2026-08-03T08:10:07.503Z,7140.20,delivered
OD684364813682,S0002,flipkart,HOODIE-YEL-M,1,C01700,2026-07-16T10:03:15.849Z,1149.00,delivered
MYN1198520351,S0014,myntra,KURTI-RED-M,3,C01902,2026-09-20T14:00:43.285Z,2247.00,pending
MYN4874255329,S0029,myntra,SNEAKER-BLK-8,1,C02938,2026-08-06T19:52:28.576Z,1939.00,pending
521-5834568-9226880,S0001,amazon,HOODIE-GRN-XL,4,C00908,2026-08-22T01:35:59.900Z,6988.20,delivered
688-8699824-5695782,S0009,amazon,HANDBAG-BLU-FREE,1,C01255,2026-09-29T17:49:19.019Z,1405.05,confirmed
OD110323350274,S0036,flipkart,JEANS-PNK-36,2,C02599,2026-09-14T15:48:01.809Z,2680.20,returned
884-6203581-2433882,S0039,amazon,SAREE-PNK-FREE,1,C00930,2026-08-25T14:40:40.699Z,1385.10,delivered
MSH564946123,S0001,meesho,HOODIE-GRN-XL,1,C02131,2026-07-31T15:04:25.881Z,1839.00,shipped
MSH323290823,S0029,meesho,SNEAKER-PNK-7,2,C00597,2026-07-06T10:15:51.111Z,5078.00,delivered
OD533183597838,S0035,flipkart,WATCH-YEL-FREE,1,C00453,2026-07-19T04:37:21.559Z,1639.00,delivered
MSH713574264,S0005,meesho,SNEAKER-GRN-7,2,C02633,2026-09-21T21:57:13.827Z,4658.00,confirmed
888-7999492-2906673,S0022,amazon,HOODIE-BLU-M,2,C00263,2026-07-10T06:35:09.223Z,2563.10,cancelled
OD176827160524,S0002,flipkart,HOODIE-YEL-M,2,C00293,2026-09-08T08:04:09.693Z,2298.00,delivered
MSH458463092,S0001,meesho,HOODIE-PNK-M,1,C00855,2026-07-11T14:03:28.146Z,1439.10,cancelled
OD255817235618,S0024,flipkart,KURTI-RED-XL,1,C02149,2026-08-20T06:27:34.907Z,609.00,confirmed
879-2132859-5774805,S0034,amazon,HANDBAG-YEL-FREE,2,C00837,2026-08-01T10:00:48.041Z,2498.00,cancelled
MSH565429421,S0001,meesho,HOODIE-GRN-XL,1,C00769,2026-07-22T19:25:38.004Z,1839.00,confirmed
MSH415262822,S0007,meesho,HOODIE-PNK-L,1,C01760,2026-07-27T23:35:49.468Z,979.00,confirmed
MYN3110173491,S0034,myntra,HANDBAG-YEL-FREE,1,C02046,2026-08-23T18:53:05.406Z,1186.55,returned
MSH929943098,S0001,meesho,HOODIE-GRN-XL,2,C00083,2026-07-06T19:16:40.678Z,3678.00,delivered
660-7917247-6785885,S0004,amazon,KURTI-PNK-M,2,C00046,2026-08-04T12:57:24.063Z,628.20,delivered
325-0782977-9538778,S0041,amazon,TSHIRT-RED-L,1,C02603,2026-07-14T07:16:54.289Z,529.00,delivered
MYN9908019717,S0004,myntra,KURTI-YEL-XL,5,C01329,2026-08-28T02:59:48.896Z,3045.00,delivered
MSH867320693,S0016,meesho,HANDBAG-BLK-FREE,1,C02740,2026-07-26T05:41:59.492Z,1079.00,delivered
MYN2480225794,S0047,myntra,WATCH-MAR-FREE,3,C02628,2026-09-23T02:27:02.945Z,6057.00,delivered
MYN4233584536,S0035,myntra,TSHIRT-YEL-S,4,C01293,2026-07-16T21:26:00.589Z,1316.00,confirmed
OD154285857376,S0024,flipkart,KURTI-BLK-M,2,C02900,2026-08-31T15:58:18.364Z,1195.10,delivered
OD355619403331,S0046,flipkart,SAREE-RED-FREE,4,C00165,2026-07-12T15:37:08.003Z,6196.00,returned
891-7953600-1548313,S0001,amazon,HOODIE-GRN-XL,2,C01869,2026-07-19T02:00:53.595Z,3678.00,delivered
645-6134533-5067666,S0045,amazon,WATCH-BLK-FREE,2,C02476,2026-08-16T02:36:43.061Z,6638.00,delivered
MSH392440057,S0030,meesho,JEANS-GRN-36,1,C01008,2026-09-08T22:59:21.681Z,1652.05,cancelled
MYN7331393641,S0049,myntra,SNEAKER-YEL-10,2,C00314,2026-08-09T06:06:53.743Z,4900.10,delivered
MYN2358435693,S0040,myntra,SAREE-YEL-FREE,1,C00287,2026-08-09T08:04:08.957Z,2129.00,delivered
MSH856046280,S0001,meesho,HOODIE-GRN-XL,1,C00613,2026-07-16T20:48:16.881Z,1655.10,cancelled
898-4144897-1388930,S0001,amazon,HOODIE-GRN-XL,3,C01716,2026-08-16T10:15:04.381Z,5517.00,cancelled
MSH586509775,S0001,meesho,TSHIRT-PNK-XL,1,C01573,2026-09-07T17:35:47.268Z,350.55,cancelled
MYN1795875159,S0004,myntra,KURTI-MAR-S,5,C02711,2026-09-07T10:04:49.059Z,1795.00,confirmed
603-2480818-4574727,S0045,amazon,WATCH-RED-FREE,2,C01975,2026-09-25T08:10:28.161Z,3228.10,delivered
MYN7232238117,S0003,myntra,KURTI-YEL-M,2,C02601,2026-07-12T00:50:27.639Z,658.00,confirmed
487-3513667-5120353,S0037,amazon,JEANS-MAR-34,1,C01026,2026-08-07T22:26:05.051Z,1358.10,returned
MYN4021702247,S0023,myntra,SAREE-WHT-FREE,1,C01058,2026-09-14T04:14:39.851Z,2141.10,confirmed
MSH199420741,S0036,meesho,HOODIE-BLU-L,5,C00799,2026-07-06T08:45:36.459Z,4395.00,delivered
MSH579419108,S0007,meesho,HOODIE-BLK-XL,3,C02928,2026-09-09T08:26:21.071Z,3993.30,delivered
OD888996673330,S0018,flipkart,JEANS-BLK-36,2,C01258,2026-09-07T09:59:39.416Z,1480.10,pending
MYN7367157309,S0023,myntra,SAREE-BLU-FREE,4,C02580,2026-09-21T04:20:01.707Z,9916.00,shipped
182-5425056-2418420,S0009,amazon,HANDBAG-PNK-FREE,2,C00344,2026-09-06T05:13:12.911Z,2138.00,pending
OD536269396837,S0010,flipkart,HANDBAG-WHT-FREE,2,C02682,2026-07-17T23:01:42.200Z,1458.00,delivered
MSH789867010,S0005,meesho,SNEAKER-BLU-7,2,C02390,2026-09-03T07:16:43.594Z,4444.20,delivered
MYN2418653034,S0014,myntra,KURTI-RED-M,1,C02684,2026-09-02T23:16:01.061Z,711.55,delivered
MSH457764117,S0016,meesho,HANDBAG-PNK-FREE,1,C00895,2026-08-06T19:56:04.249Z,549.00,returned
MSH076122797,S0027,meesho,SAREE-WHT-FREE,2,C02245,2026-07-11T12:23:47.551Z,3658.00,delivered
468-1399062-9509127,S0001,amazon,TSHIRT-WHT-XL,1,C01489,2026-09-29T21:56:29.512Z,479.00,confirmed
MSH447452132,S0002,meesho,HOODIE-YEL-M,4,C02905,2026-09-05T21:00:58.107Z,4596.00,delivered
OD778781320190,S0003,flipkart,SAREE-MAR-FREE,5,C02246,2026-07-31T15:19:26.164Z,7945.00,delivered
831-8261710-0174576,S0001,amazon,HOODIE-GRN-XL,3,C02192,2026-08-05T21:59:09.470Z,5517.00,delivered
MYN7811277955,S0014,myntra,KURTI-YEL-M,2,C02950,2026-09-21T19:00:15.954Z,1438.20,shipped
MSH288465114,S0001,meesho,HOODIE-GRN-XL,2,C01442,2026-08-17T00:18:14.202Z,3310.20,delivered
OD229759045444,S0003,flipkart,KURTI-YEL-L,1,C01212,2026-09-20T17:11:40.764Z,540.55,delivered
MYN6813941918,S0047,myntra,KURTI-PNK-M,5,C02403,2026-07-13T06:09:23.221Z,3595.00,delivered
MSH485884621,S0021,meesho,SNEAKER-BLK-8,1,C00448,2026-09-10T15:08:23.337Z,944.10,pending
003-3878076-6792882,S0001,amazon,TSHIRT-GRN-L,1,C02781,2026-09-03T09:34:57.535Z,489.00,delivered
173-3115452-0165052,S0045,amazon,WATCH-GRN-FREE,1,C01829,2026-09-01T07:02:50.219Z,1739.00,delivered
849-9909593-4418390,S0009,amazon,HANDBAG-BLK-FREE,1,C00460,2026-07-15T12:38:42.566Z,1219.00,confirmed
OD439468405576,S0003,flipkart,KURTI-BLK-L,1,C02979,2026-08-15T07:38:51.093Z,769.00,delivered
MSH032338608,S0002,meesho,HOODIE-MAR-L,3,C02239,2026-09-30T03:24:33.519Z,3057.00,delivered
MSH386077319,S0002,meesho,HOODIE-YEL-M,1,C00348,2026-09-08T05:45:13.164Z,1091.55,delivered
890-9491979-8763054,S0004,amazon,KURTI-YEL-XL,3,C01155,2026-08-14T13:45:37.580Z,1827.00,delivered
229-1072245-3381824,S0009,amazon,HANDBAG-YEL-FREE,2,C01629,2026-08-08T01:30:38.905Z,1618.00,delivered
568-0944233-7651345,S0001,amazon,HOODIE-GRN-XL,2,C00571,2026-09-08T00:57:22.256Z,3678.00,delivered
984-6165300-9979154,S0020,amazon,JEANS-PNK-34,5,C02110,2026-09-12T07:55:56.567Z,4935.25,delivered
MYN4052272674,S0029,myntra,SNEAKER-RED-7,2,C00678,2026-08-04T10:27:40.534Z,5164.20,delivered
MSH644449712,S0030,meesho,JEANS-RED-30,4,C00546,2026-08-20T10:10:45.196Z,7036.00,delivered
MYN1122953416,S0003,myntra,SAREE-MAR-FREE,1,C00399,2026-09-07T00:59:15.603Z,1430.10,delivered
MYN7696688495,S0035,myntra,WATCH-YEL-FREE,2,C01389,2026-08-31T13:01:10.135Z,2950.20,delivered
933-7957201-6223273,S0013,amazon,SNEAKER-MAR-8,1,C00844,2026-07-14T03:51:07.730Z,1959.00,delivered
OD549716024473,S0003,flipkart,KURTI-MAR-M,1,C00174,2026-07-08T17:14:30.732Z,521.10,delivered
MSH458265961,S0021,meesho,SNEAKER-GRN-9,1,C00764,2026-10-02T07:33:52.724Z,2809.00,delivered
457-5863802-3714204,S0001,amazon,HOODIE-GRN-XL,1,C02620,2026-09-24T06:06:47.351Z,1839.00,delivered
MYN4810689600,S0014,myntra,WATCH-YEL-FREE,1,C02576,2026-07-27T16:45:40.043Z,1870.55,delivered
824-1822120-8227431,S0050,amazon,WATCH-GRN-FREE,5,C02311,2026-09-03T01:46:43.749Z,2645.00,delivered
MYN0670191899,S0003,myntra,KURTI-BLK-L,3,C01643,2026-08-18T17:33:31.814Z,2307.00,delivered
OD729614762400,S0009,flipkart,HANDBAG-BLK-FREE,3,C02366,2026-07-06T11:55:54.752Z,3474.15,shipped
271-3166192-3564994,S0001,amazon,HOODIE-GRN-XL,1,C02615,2026-08-03T12:33:39.273Z,1747.05,delivered
OD555276960232,S0025,flipkart,SNEAKER-PNK-8,3,C00007,2026-09-05T23:09:22.812Z,3318.30,delivered
OD669147210808,S0002,flipkart,HOODIE-YEL-M,1,C00939,2026-07-29T18:07:46.553Z,1091.55,delivered
042-7299656-2685045,S0023,amazon,SAREE-BLU-FREE,3,C01943,2026-09-25T13:10:58.476Z,7437.00,shipped
MYN4049505908,S0003,myntra,KURTI-BLK-L,1,C00702,2026-09-12T08:38:14.959Z,692.10,delivered
673-7283185-4733609,S0012,amazon,KURTI-BLU-S,1,C02050,2026-09-28T15:18:56.248Z,629.00,delivered
MSH422129339,S0005,meesho,SNEAKER-MAR-7,2,C00397,2026-07-21T03:39:56.134Z,4798.00,delivered
MSH370184986,S0001,meesho,HOODIE-GRN-XL,1,C02902,2026-07-06T22:42:53.991Z,1839.00,delivered
MSH257122143,S0030,meesho,JEANS-PNK-34,2,C00911,2026-07-28T20:53:51.204Z,2038.00,delivered
MSH284204527,,meesho,HOODIE-GRN-XL,4,C02363,2026-09-21T06:09:18.019Z,7356.00,delivered
OD240471328603,S0003,flipkart,KURTI-YEL-M,1,C02433,2026-09-26T05:36:43.767Z,296.10,pending
MYN2717722989,S0003,myntra,KURTI-YEL-L,1,C02109,2026-09-02T01:37:55.653Z,569.00,cancelled
152-8078972-3466008,S0009,amazon,HANDBAG-MAR-FREE,1,C01589,2026-07-24T13:27:05.081Z,739.00,confirmed
564-6162745-2172841,S0001,amazon,HOODIE-GRN-XL,2,C01254,2026-08-23T16:55:57.564Z,3678.00,delivered
OD419956051150,S0025,flipkart,SNEAKER-BLU-9,1,C00850,2026-07-11T04:37:31.155Z,1829.00,delivered
675-8101080-4655602,S0009,amazon,HANDBAG-RED-FREE,2,C00323,2026-10-01T17:24:13.080Z,1784.10,returned
OD175958343978,S0002,flipkart,HOODIE-BLK-L,1,C00010,2026-07-31T10:25:01.460Z,1019.00,delivered
014-7809608-5766939,S0001,amazon,TSHIRT-WHT-XL,3,C00830,2026-08-20T16:42:02.503Z,1437.00,delivered
MYN5602901353,S0019,myntra,WATCH-BLK-FREE,3,C00327,2026-09-19T03:37:13.362Z,4407.00,delivered
MYN5572652767,S0044,myntra,HOODIE-YEL-XL,4,C01479,2026-07-06T00:22:18.355Z,7716.00,shipped
MYN4426417577,S0019,myntra,WATCH-YEL-FREE,1,C01276,2026-08-19T22:37:41.056Z,2839.00,delivered
862-8502948-2298893,S0001,amazon,HOODIE-GRN-XL,1,C00297,2026-07-18T05:00:03.282Z,1839.00,delivered
MYN9847133416,S0028,myntra,JEANS-GRN-36,2,C00935,2026-09-21T22:20:09.309Z,1598.00,delivered
OD822509407252,S0048,flipkart,HOODIE-GRN-L,2,C02261,2026-08-02T06:29:24.322Z,2598.00,cancelled
MSH124615099,S0040,meesho,JEANS-MAR-30,3,C02483,2026-07-25T06:24:33.792Z,4215.15,cancelled
107-7181300-2980758,S0001,amazon,HOODIE-GRN-XL,2,C01697,2026-09-07T09:42:46.955Z,3678.00,delivered
MSH927655160,S0027,meesho,SAREE-GRN-FREE,1,C01073,2026-09-20T19:12:30.912Z,2032.05,confirmed
OD261715139656,S0010,flipkart,SAREE-WHT-FREE,1,C00695,2026-08-31T09:37:59.378Z,1813.55,shipped
633-0145334-8695959,S0031,amazon,HOODIE-RED-XL,2,C02612,2026-09-18T08:07:48.403Z,2778.00,delivered
MSH325740146,S0002,meesho,HOODIE-MAR-L,2,C00943,2026-08-22T03:31:40.458Z,2038.00,delivered
OD956952113853,S0015,flipkart,SAREE-PNK-FREE,1,C02174,2026-09-13T00:55:07.524Z,719.10,delivered
MYN0467499345,S0019,myntra,WATCH-BLK-FREE,1,C02738,2026-09-07T17:38:39.004Z,1469.00,pending
195-7428706-2812826,S0001,amazon,HOODIE-PNK-M,1,C02815,2026-09-23T01:57:40.048Z,1519.05,shipped
542-6508719-9810969,S0022,amazon,HOODIE-YEL-M,1,C00495,2026-08-20T22:18:52.612Z,1219.00,delivered
MSH373171611,S0002,meesho,TSHIRT-BLU-XL,5,C00393,2026-09-29T21:21:20.741Z,3055.50,confirmed
OD186102041905,S0002,flipkart,HOODIE-YEL-M,1,C00469,2026-07-14T16:46:52.018Z,1149.00,cancelled
MYN8609281527,S0019,myntra,WATCH-BLK-FREE,1,C01610,2026-09-25T00:54:30.879Z,1322.10,returned
OD248758892149,S0031,flipkart,SNEAKER-MAR-8,3,C00072,2026-08-19T23:36:00.509Z,3217.65,delivered
243-5031001-1758036,S0004,amazon,KURTI-YEL-XL,1,C01540,2026-09-16T18:08:35.725Z,609.00,delivered
MYN8092120748,S0003,myntra,SAREE-MAR-FREE,1,C02349,2026-09-03T13:00:27.738Z,1589.00,pending
215-0510479-5187133,S0004,amazon,KURTI-BLU-S,3,C00536,2026-09-03T12:04:25.084Z,2487.00,cancelled
MSH955416712,S0007,meesho,JEANS-BLU-36,2,C02001,2026-08-01T11:39:25.776Z,2126.10,delivered
822-1506243-2346291,S0001,amazon,TSHIRT-PNK-XL,4,C01498,2026-09-01T07:47:15.582Z,1476.00,delivered
MSH669385508,S0001,meesho,HOODIE-GRN-XL,1,C01863,2026-09-10T14:10:07.427Z,1747.05,delivered
MSH706309081,S0002,meesho,HOODIE-BLK-L,2,C00794,2026-09-27T23:02:46.076Z,1936.10,shipped
MSH515479747,S0002,meesho,TSHIRT-PNK-M,2,C00414,2026-09-10T10:35:42.427Z,1358.00,delivered
OD393755179399,S0002,flipkart,TSHIRT-BLU-XL,3,C00679,2026-07-20T04:20:16.431Z,2037.00,delivered
OD456528015843,S0028,flipkart,JEANS-GRN-36,1,C02565,2026-07-13T00:35:23.793Z,799.00,returned
MYN4457573844,S0039,myntra,HANDBAG-BLK-FREE,1,C02697,2026-09-06T01:42:48.054Z,768.55,delivered
MYN7210338684,S0034,myntra,HANDBAG-MAR-FREE,1,C01995,2026-08-29T12:44:29.274Z,709.00,shipped
473-4459203-9833167,S0001,amazon,TSHIRT-PNK-XL,1,C02254,2026-07-27T11:09:51.604Z,350.55,delivered
OD805445144900,S0028,flipkart,JEANS-GRN-36,4,C02472,2026-08-06T12:02:54.660Z,3196.00,cancelled
OD152457763373,S0009,flipkart,,1,C00416,2026-08-20T10:13:30.613Z,1069.00,cancelled
MSH588476885,S0007,meesho,JEANS-GRN-30,3,C00509,2026-10-01T05:02:43.727Z,2277.15,delivered
OD847830992384,S0021,flipkart,SNEAKER-BLK-8,1,C01041,2026-08-17T04:47:39.669Z,1049.00,delivered
MYN3179613585,S0029,myntra,WATCH-BLK-FREE,2,C00705,2026-08-05T02:34:05.185Z,2430.10,returned
OD388739233066,S0026,flipkart,HANDBAG-GRN-FREE,2,C01494,2026-09-09T04:55:24.505Z,1018.00,returned
MSH644713553,S0026,meesho,WATCH-MAR-FREE,1,C01196,2026-09-08T03:28:07.764Z,2669.00,delivered
MSH748431911,S0007,meesho,HOODIE-WHT-M,1,C01605,2026-07-24T12:00:04.858Z,1089.00,delivered
078-9123025-8860213,S0001,amazon,TSHIRT-WHT-XL,4,C01230,2026-07-15T07:49:19.189Z,1916.00,delivered
299-0872726-1678619,S0001,amazon,TSHIRT-WHT-XL,2,C02963,2026-08-09T07:04:51.021Z,958.00,delivered
OD125785018072,S0024,flipkart,JEANS-RED-36,1,C00086,2026-09-10T18:30:34.038Z,719.10,pending
687-4331846-9572934,S0023,amazon,SAREE-BLK-FREE,5,C02994,2026-07-14T06:31:29.011Z,8645.00,delivered
MSH349113703,S0001,meesho,HOODIE-GRN-XL,2,C01388,2026-09-14T13:43:53.777Z,3494.10,delivered
778-7027033-0581337,S0001,amazon,TSHIRT-GRN-L,1,C00491,2026-07-05T15:46:29.588Z,489.00,delivered
167-2433925-0554292,S0018,amazon,JEANS-YEL-34,1,C01985,2026-07-14T07:02:44.240Z,1466.10,delivered
MSH235597898,S0001,meesho,HOODIE-GRN-XL,1,C01815,2026-09-22T15:43:02.284Z,1839.00,delivered
OD457772503158,S0014,flipkart,KURTI-YEL-M,1,C02857,2026-09-20T04:16:44.921Z,799.00,confirmed
MSH812810096,S0002,meesho,HOODIE-YEL-M,1,C02192,2026-07-20T15:23:07.000Z,1149.00,confirmed
912-4941137-6194123,S0022,amazon,HOODIE-YEL-M,2,C02394,2026-08-05T08:51:09.572Z,2316.10,delivered
MSH783702827,S0009,meesho,HANDBAG-MAR-FREE,4,C02483,2026-07-08T17:19:10.998Z,2956.00,delivered
MSH583133232,S0010,meesho,SAREE-YEL-FREE,2,C00830,2026-07-06T06:07:54.036Z,1328.10,returned
OD671625757917,S0002,flipkart,TSHIRT-PNK-M,1,C01023,2026-10-03T11:44:23.830Z,679.00,pending
MSH124081538,S0002,meesho,HOODIE-BLK-L,1,C01529,2026-08-12T08:11:00.676Z,1019.00,cancelled
OD745054117193,S0024,flipkart,JEANS-RED-36,2,C00912,2026-07-29T23:03:50.695Z,1438.20,delivered
MSH700424678,S0005,meesho,SNEAKER-BLU-7,2,C02945,2026-07-06T09:13:48.759Z,4938.00,delivered
184-3168096-3662231,S0012,amazon,KURTI-PNK-XL,1,C00947,2026-07-30T07:45:24.574Z,530.10,delivered
OD422473915524,S0017,flipkart,SAREE-MAR-FREE,1,C02895,2026-09-29T04:51:53.860Z,2179.00,shipped
MSH184623083,S0002,meesho,TSHIRT-RED-L,3,C00165,2026-09-22T05:05:26.385Z,1437.00,delivered
937-1372915-0273511,S0008,amazon,JEANS-BLK-36,2,C01373,2026-09-04T19:20:44.222Z,1598.00,delivered
479-7679707-2743769,S0045,amazon,WATCH-GRN-FREE,3,C00109,2026-07-06T01:25:20.353Z,5217.00,delivered
MSH101638785,S0001,meesho,HOODIE-GRN-XL,2,C00601,2026-08-10T03:02:08.054Z,3678.00,delivered
MYN6587852258,S0019,myntra,WATCH-MAR-FREE,1,C00662,2026-09-07T20:06:52.499Z,1469.00,delivered
OD952701146033,S0002,flipkart,TSHIRT-GRN-M,1,C01202,2026-07-28T06:45:49.105Z,464.55,delivered
OD554397225214,S0002,flipkart,TSHIRT-BLU-XL,2,C02788,2026-07-31T11:23:09.967Z,1358.00,confirmed
589-7376175-0628220,S0045,amazon,WATCH-MAR-FREE,2,C02507,2026-09-04T10:49:12.790Z,2506.10,confirmed
MSH708472033,S0007,meesho,JEANS-BLU-36,1,C01695,2026-07-29T10:00:39.307Z,1119.00,delivered
412-9402711-7350190,S0022,amazon,HOODIE-YEL-M,1,C01426,2026-08-18T02:00:40.452Z,1219.00,delivered
MSH704654531,S0001,meesho,HOODIE-GRN-XL,3,C02661,2026-08-22T07:00:37.489Z,5517.00,delivered
MYN6737682476,S0019,myntra,WATCH-PNK-FREE,2,C00196,2026-07-29T04:56:59.573Z,6287.10,delivered
OD358775140547,S0003,flipkart,KURTI-MAR-XL,1,C01365,2026-09-12T17:24:29.922Z,589.00,delivered
MSH554101220,S0030,meesho,JEANS-GRN-32,2,C00820,2026-07-07T22:00:44.882Z,2258.00,delivered
MSH430850789,S0001,meesho,HOODIE-GRN-XL,2,C01954,2026-07-24T17:06:56.730Z,3678.00,delivered
781-7325315-0811621,S0028,amazon,JEANS-YEL-36,1,C01111,2026-08-05T13:28:22.195Z,901.55,delivered
OD147100456914,S0010,flipkart,SAREE-GRN-FREE,1,C00740,2026-09-11T01:51:34.977Z,1395.55,cancelled
MYN9754892561,S0033,myntra,SAREE-BLU-FREE,4,C00573,2026-08-31T09:59:02.953Z,6044.40,delivered
MSH805431900,S0005,meesho,SNEAKER-PNK-9,1,C00596,2026-08-30T19:22:53.921Z,919.00,delivered
184-5821745-9822655,S0048,amazon,HOODIE-YEL-M,4,C02079,2026-09-14T04:57:15.835Z,3112.20,delivered
OD701152627427,S0002,flipkart,HOODIE-BLK-L,1,C02214,2026-09-03T04:21:46.526Z,1019.00,shipped
406-6858434-9340318,S0001,amazon,HOODIE-GRN-XL,2,C01122,2026-09-15T14:15:46.954Z,3494.10,delivered
MSH873715525,S0029,meesho,SNEAKER-YEL-8,1,C01645,2026-07-07T04:24:37.793Z,2249.00,delivered
MSH522613582,S0002,meesho,TSHIRT-WHT-M,1,C01205,2026-09-17T15:43:04.803Z,439.00,pending
167-0371679-7818500,S0001,amazon,TSHIRT-WHT-XL,1,C01587,2026-07-13T17:24:20.508Z,455.05,shipped
MSH344574205,S0005,meesho,SNEAKER-MAR-7,2,C01687,2026-09-16T17:08:03.218Z,4318.20,delivered
524-2204092-0153446,S0001,amazon,TSHIRT-WHT-XL,5,C00183,2026-07-17T21:09:18.093Z,2395.00,returned
MYN4000390697,S0004,myntra,KURTI-YEL-S,4,C00573,2026-10-03T11:09:53.079Z,1112.40,confirmed
MSH776332758,S0030,meesho,JEANS-BLU-30,3,C00909,2026-07-29T06:57:10.759Z,1977.00,delivered
MYN3981358342,S0003,myntra,KURTI-YEL-L,1,C02071,2026-08-17T04:37:34.857Z,540.55,delivered
MSH390513527,S0005,meesho,SNEAKER-RED-7,1,C02882,2026-08-10T07:58:16.299Z,2199.00,delivered
MSH610967092,S0005,meesho,SNEAKER-MAR-7,2,C01838,2026-09-29T03:14:51.355Z,4798.00,delivered
OD292592702092,S0035,flipkart,TSHIRT-YEL-S,2,C00893,2026-07-31T12:33:40.389Z,625.10,delivered
MYN5471082338,S0008,myntra,JEANS-YEL-32,1,C02831,2026-09-25T06:29:58.887Z,1619.10,delivered
OD629750935339,S0002,flipkart,HOODIE-BLK-L,5,C02341,2026-08-21T09:24:45.222Z,5095.00,delivered
MSH103277683,S0007,meesho,JEANS-BLU-36,4,C00697,2026-08-10T02:03:33.884Z,4252.20,delivered
MSH523592349,S0005,meesho,SNEAKER-PNK-9,2,C01031,2026-08-17T01:06:00.959Z,1654.20,confirmed
MSH296194567,S0007,meesho,HOODIE-YEL-M,4,C02738,2026-09-15T18:57:35.867Z,2732.20,delivered
MSH499987624,S0002,meesho,HOODIE-BLK-L,1,C01456,2026-07-22T07:23:17.105Z,1019.00,delivered
MYN6191383568,S0003,myntra,SAREE-RED-FREE,2,C02376,2026-08-08T15:16:42.842Z,2050.10,delivered
MYN3443934128,S0049,myntra,SNEAKER-YEL-10,1,C01931,2026-07-10T03:48:50.964Z,2579.00,cancelled
MSH319427282,S0002,meesho,HOODIE-YEL-M,1,C00298,2026-07-14T12:55:11.837Z,1034.10,shipped
674-0788816-8631937,S0004,amazon,KURTI-MAR-S,4,C02660,2026-07-08T04:12:47.880Z,1436.00,delivered
MSH874100257,S0030,meesho,JEANS-RED-30,1,C01637,2026-09-21T22:45:24.216Z,1583.10,confirmed
696-5635773-8189976,S0001,amazon,HOODIE-GRN-XL,1,C01931,2026-10-01T11:04:14.345Z,1655.10,delivered
758-5148331-6435622,S0008,amazon,WATCH-YEL-FREE,4,C02884,2026-07-13T07:26:37.031Z,2912.40,cancelled
MYN1492859322,S0049,myntra,SNEAKER-YEL-10,2,C00776,2026-07-23T02:23:56.806Z,5158.00,shipped
OD634256949904,S0015,flipkart,SAREE-PNK-FREE,2,C02161,2026-07-17T05:21:02.413Z,1598.00,delivered
MYN7303897931,S0040,myntra,SAREE-YEL-FREE,1,C01889,2026-08-14T17:43:46.473Z,2022.55,delivered
415-5564151-7575870,S0001,amazon,HOODIE-PNK-M,1,C01192,2026-08-18T08:53:09.061Z,1519.05,delivered
MYN5824565417,S0003,myntra,SAREE-MAR-FREE,2,C02874,2026-08-14T15:27:25.776Z,3178.00,delivered
OD920748247327,S0024,flipkart,JEANS-MAR-36,1,C01796,2026-09-19T07:11:20.866Z,839.00,delivered
866-0254097-0050994,S0008,amazon,JEANS-YEL-32,2,C00129,2026-07-31T06:16:30.429Z,3238.20,cancelled
086-3221850-0680912,S0009,amazon,HANDBAG-RED-FREE,3,C01979,2026-09-05T18:33:19.862Z,2817.00,cancelled
426-2809758-0914031,S0020,amazon,JEANS-WHT-30,4,C00059,2026-09-08T12:55:35.362Z,3876.00,delivered
895-0342901-5913760,S0001,amazon,TSHIRT-WHT-XL,1,C01318,2026-09-19T18:45:06.017Z,479.00,delivered
263-4701899-8714381,S0022,amazon,HOODIE-YEL-M,1,C02107,2026-10-02T15:08:37.425Z,1097.10,returned
MSH571268265,S0001,meesho,HOODIE-GRN-XL,1,C00756,2026-09-08T01:40:53.802Z,1839.00,delivered
682-5112187-2034158,S0001,amazon,TSHIRT-GRN-L,1,C02145,2026-08-20T23:59:22.253Z,489.00,confirmed
MYN6785976435,S0003,myntra,SAREE-MAR-FREE,3,C02038,2026-07-25T07:00:20.112Z,4528.65,delivered
MSH381820637,S0027,meesho,SAREE-WHT-FREE,1,C00376,2026-09-08T12:38:12.142Z,1646.10,delivered
668-9333651-4050387,S0022,amazon,HOODIE-BLK-XL,2,C01837,2026-08-11T04:29:11.531Z,2410.20,confirmed
MSH020266864,S0001,meesho,HOODIE-PNK-M,1,C02003,2026-07-09T14:20:17.453Z,1599.00,delivered
MYN9797426512,S0034,myntra,HANDBAG-GRN-FREE,1,C02050,2026-09-01T08:56:29.403Z,797.05,cancelled
477-0459983-8769846,S0037,amazon,JEANS-BLU-30,1,C00628,2026-08-01T20:30:59.965Z,669.00,cancelled
OD978692861377,S0002,flipkart,HOODIE-MAR-L,1,C01779,2026-07-26T00:32:25.094Z,917.10,delivered
991-1297645-2152058,S0001,amazon,TSHIRT-WHT-XL,3,C02378,2026-08-12T13:44:13.112Z,1437.00,delivered
536-9478739-2517138,S0001,amazon,HOODIE-GRN-XL,2,C01517,2026-10-01T03:38:28.052Z,3678.00,pending
MSH439641162,S0002,meesho,HOODIE-YEL-M,3,C01265,2026-09-11T00:19:07.642Z,3447.00,pending
MYN9381553174,S0004,myntra,KURTI-YEL-S,3,C02559,2026-08-15T10:57:09.290Z,927.00,shipped
OD424309876879,S0003,flipkart,KURTI-BLK-L,2,C01296,2026-07-29T10:55:39.512Z,1538.00,returned
MSH820569817,S0036,meesho,HOODIE-GRN-XL,1,C01504,2026-09-01T03:13:59.319Z,1879.00,cancelled
MSH852338441,S0001,meesho,TSHIRT-PNK-XL,2,C02720,2026-08-27T12:08:42.168Z,738.00,cancelled
422-6144683-7087917,S0039,amazon,HANDBAG-BLK-FREE,3,C00121,2026-08-26T11:45:46.309Z,2305.65,confirmed
MYN7236335581,S0041,myntra,KURTI-WHT-L,2,C00719,2026-08-09T02:06:29.782Z,1176.10,shipped
419-7055806-3118715,S0028,amazon,JEANS-RED-34,4,C00083,2026-07-05T18:56:22.353Z,4636.00,delivered
OD271830423106,S0003,flipkart,SAREE-MAR-FREE,2,C01053,2026-09-08T16:41:08.701Z,3178.00,confirmed
OD006624524455,S0003,flipkart,SAREE-MAR-FREE,2,C02039,2026-07-18T10:49:48.038Z,2860.20,confirmed
952-3384862-6767077,S0045,amazon,WATCH-GRN-FREE,1,C01549,2026-08-01T00:12:18.372Z,1652.05,delivered
MSH803804973,S0010,meesho,SAREE-YEL-FREE,2,C01268,2026-07-15T17:47:06.761Z,1328.10,shipped
MYN9387223049,S0004,myntra,KURTI-YEL-M,2,C00101,2026-09-18T06:03:03.011Z,1564.20,delivered
OD173645491115,S0042,flipkart,KURTI-PNK-M,4,C01823,2026-08-24T17:46:01.758Z,2516.00,cancelled
245-0490266-3259860,S0045,amazon,WATCH-BLK-FREE,2,C00478,2026-09-18T13:41:41.693Z,6638.00,shipped
OD304832876502,S0009,flipkart,HANDBAG-BLU-FREE,1,C01567,2026-07-14T07:29:18.547Z,1405.05,delivered
MYN4448851412,S0019,myntra,WATCH-BLK-FREE,1,C00160,2026-09-27T00:38:34.238Z,1469.00,delivered
193-6450293-4712612,S0028,amazon,JEANS-MAR-32,1,C00274,2026-09-11T01:39:07.672Z,739.00,delivered
OD810937782229,S0002,flipkart,HOODIE-BLU-M,3,C01186,2026-09-27T01:21:51.103Z,5787.00,cancelled
MYN6384690441,S0006,myntra,SNEAKER-RED-10,2,C00675,2026-09-16T14:11:58.946Z,5344.20,delivered
OD028915879557,S0003,flipkart,KURTI-MAR-XL,3,C02889,2026-09-01T14:50:38.221Z,1767.00,returned
MSH269466848,S0007,meesho,HOODIE-YEL-M,1,C02672,2026-07-23T21:50:11.940Z,719.00,delivered
OD663815196491,S0002,flipkart,HOODIE-YEL-M,2,C00928,2026-08-20T08:23:56.218Z,2298.00,delivered
OD634470527059,S0024,flipkart,KURTI-RED-S,3,C02004,2026-07-08T20:31:43.082Z,1557.00,delivered
MYN7832966706,S0029,myntra,SNEAKER-PNK-7,3,C02655,2026-09-02T20:02:36.141Z,7617.00,cancelled
201-1558476-3063472,S0004,amazon,KURTI-YEL-XL,1,C02812,2026-09-09T10:19:20.275Z,609.00,delivered
MSH281390493,S0002,meesho,HOODIE-BLK-L,4,C02889,2026-09-11T04:14:27.030Z,4076.00,delivered
890-8881077-7410309,S0033,amazon,SAREE-BLU-FREE,1,C00898,2026-09-25T15:08:19.130Z,1679.00,delivered
OD618412031115,S0010,flipkart,SAREE-YEL-FREE,2,C01824,2026-07-08T14:02:05.409Z,1398.00,delivered
MSH266248372,S0002,meesho,HOODIE-YEL-M,2,C00591,2026-08-27T06:19:03.697Z,2298.00,confirmed
MYN8804444085,S0004,myntra,KURTI-YEL-M,2,C01246,2026-09-06T20:49:14.529Z,1738.00,delivered
MYN2079114188,S0047,myntra,KURTI-GRN-L,2,C00430,2026-07-15T11:53:54.255Z,1118.00,delivered
868-6846053-2421158,S0001,amazon,TSHIRT-WHT-XL,2,C02950,2026-07-10T13:50:27.922Z,958.00,delivered
MSH415465596,S0012,meesho,KURTI-YEL-M,1,C02212,2026-07-16T01:31:40.177Z,749.00,delivered
MYN1034847164,S0048,myntra,HOODIE-BLK-L,5,C00211,2026-08-17T20:07:34.049Z,6122.75,confirmed
822-0694083-4059156,S0021,amazon,SNEAKER-BLK-8,1,C01267,2026-09-28T20:23:05.683Z,1049.00,returned
OD488290137866,S0002,flipkart,TSHIRT-BLU-XL,1,C00093,2026-09-07T14:36:41.397Z,645.05,delivered
OD939002883286,S0002,flipkart,HOODIE-YEL-M,1,C02447,2026-07-31T07:52:10.948Z,1091.55,pending
OD949839270465,S0010,flipkart,SAREE-WHT-FREE,1,C01053,2026-07-18T14:18:20.516Z,1909.00,delivered
838-1573489-8387052,S0045,amazon,WATCH-GRN-FREE,4,C02509,2026-08-07T12:59:37.587Z,6956.00,delivered
933-8916644-6621197,S0022,amazon,SNEAKER-WHT-10,1,C02113,2026-09-28T04:11:07.180Z,1369.00,delivered
MSH826550267,S0030,meesho,JEANS-PNK-34,1,C01010,2026-08-27T11:56:59.651Z,968.05,delivered
MYN2510978960,S0008,myntra,WATCH-PNK-FREE,3,C00902,2026-09-24T05:10:47.373Z,10257.00,delivered
MYN2986451724,S0047,myntra,WATCH-PNK-FREE,1,C02665,2026-09-15T19:44:45.804Z,836.10,delivered
OD483436422989,S0014,flipkart,KURTI-WHT-XL,2,C02124,2026-08-12T10:39:04.627Z,998.00,cancelled
OD221234588601,S0017,flipkart,KURTI-WHT-XL,1,C00409,2026-08-21T10:37:50.610Z,512.10,delivered
MYN9173144432,S0004,myntra,KURTI-YEL-XL,2,C01497,2026-09-04T01:45:19.936Z,1157.10,pending
MSH063727997,S0002,meesho,HOODIE-BLK-L,5,C00363,2026-08-31T02:33:52.193Z,4585.50,shipped
MSH913258553,S0007,meesho,HOODIE-WHT-L,2,C00771,,2298.00,delivered
488-2207031-2769572,S0004,amazon,KURTI-BLU-S,1,C01938,2026-10-01T03:39:22.313Z,829.00,delivered
MYN1526838748,S0008,myntra,JEANS-YEL-32,3,C02516,2026-08-11T16:51:51.207Z,5397.00,confirmed
MYN8486303156,S0029,myntra,SNEAKER-BLK-10,2,C00968,2026-07-20T17:16:21.255Z,3118.00,shipped
149-9452488-5629026,S0001,amazon,TSHIRT-PNK-XL,1,C01013,2026-10-01T20:20:56.886Z,350.55,delivered
OD873346365537,S0010,flipkart,SAREE-YEL-FREE,1,C02266,2026-09-03T10:29:34.640Z,699.00,delivered
MSH677199392,S0007,meesho,JEANS-BLU-36,1,C00716,2026-09-05T03:34:31.294Z,1119.00,shipped
MSH235768092,S0001,meesho,TSHIRT-WHT-XL,2,C02871,2026-09-23T12:33:24.418Z,958.00,delivered
MSH804369758,S0026,meesho,WATCH-PNK-FREE,2,C01157,2026-08-06T05:17:57.358Z,2086.20,delivered
MYN2992466914,S0004,myntra,KURTI-BLU-S,1,C01934,2026-09-01T10:57:10.764Z,787.55,returned
OD318289610319,S0010,flipkart,SAREE-GRN-FREE,2,C00216,2026-08-06T20:32:35.508Z,2644.20,delivered
MSH446245107,S0010,meesho,SAREE-WHT-FREE,2,C02550,2026-08-08T23:34:12.925Z,3818.00,delivered
685-5147038-9400808,S0008,amazon,WATCH-PNK-FREE,2,C01740,2026-07-07T10:22:23.307Z,6838.00,cancelled
652-2353424-2058948,S0001,amazon,HOODIE-GRN-XL,1,C02050,2026-07-24T01:43:29.962Z,1655.10,pending
MYN0234460258,S0004,myntra,KURTI-YEL-XL,1,C01336,2026-07-26T09:24:17.172Z,609.00,delivered
MSH155004515,S0002,meesho,HOODIE-BLK-L,1,C02241,2026-08-28T02:51:58.833Z,1019.00,delivered
224-3918770-6180892,S0012,amazon,KURTI-PNK-XL,1,C00703,2026-09-16T21:24:24.690Z,589.00,pending
MSH954932639,S0007,meesho,JEANS-YEL-30,1,C02497,2026-09-03T02:51:08.207Z,609.00,delivered
MYN9180564980,S0041,myntra,TSHIRT-RED-L,1,C01898,2026-07-15T00:50:25.148Z,529.00,delivered
MYN4235602972,S0038,myntra,SNEAKER-BLK-8,1,C00507,2026-07-31T20:11:36.599Z,2089.05,delivered
192-1299743-2249296,S0001,amazon,HOODIE-PNK-M,2,C01285,2026-08-09T00:16:43.514Z,3198.00,returned
MSH506142972,S0007,meesho,JEANS-BLU-36,1,C02858,2026-08-08T09:55:16.695Z,1119.00,delivered
163-2179954-6806690,S0001,amazon,TSHIRT-PNK-XL,2,C02525,2026-08-12T18:27:18.789Z,738.00,delivered
MYN2041358631,S0006,myntra,SNEAKER-YEL-7,3,C00011,2026-09-25T07:14:58.914Z,4167.00,delivered
270-4241681-2890065,S0004,amazon,KURTI-BLU-S,1,C02414,2026-07-07T10:59:42.511Z,829.00,delivered
MSH185431360,S0007,meesho,HOODIE-PNK-XL,2,C01692,2026-09-01T21:20:18.631Z,3178.00,delivered
MYN0450447820,S0006,myntra,SNEAKER-MAR-9,3,C02993,2026-07-17T23:48:11.266Z,5787.00,delivered
MYN5417178621,S0041,myntra,TSHIRT-YEL-S,3,C02396,2026-09-08T07:53:47.793Z,1677.00,delivered
334-2414475-0610329,S0009,amazon,HANDBAG-PNK-FREE,1,C02614,2026-07-16T15:07:11.818Z,1069.00,delivered
MYN2646458251,S0006,myntra,SNEAKER-YEL-7,1,C00691,2026-09-01T02:36:21.046Z,1389.00,confirmed
MYN2501508951,S0019,myntra,WATCH-BLK-FREE,2,C01888,2026-09-09T17:58:20.100Z,2938.00,delivered
MSH571219057,S0005,meesho,SNEAKER-BLU-8,1,C02093,2026-08-13T08:43:46.542Z,2759.00,delivered
MYN5607764488,S0033,myntra,TSHIRT-RED-S,1,C02354,2026-09-08T07:16:12.689Z,279.00,shipped
MSH061403363,S0001,meesho,HOODIE-GRN-XL,1,C00310,2026-09-15T10:27:53.745Z,1747.05,delivered
888-3485299-9805911,S0001,amazon,TSHIRT-WHT-XL,2,C02227,2026-08-20T10:27:05.336Z,910.10,delivered
733-3604402-1871588,S0025,amazon,SNEAKER-BLU-10,2,C00239,2026-07-29T22:07:47.442Z,3138.00,delivered
082-3211044-2972423,S0001,amazon,HOODIE-PNK-M,1,C00788,2026-09-26T14:20:18.427Z,1599.00,returned
MYN9017619839,S0003,myntra,KURTI-MAR-XL,3,C00779,2026-08-05T11:01:16.546Z,1767.00,cancelled
MSH516081155,S0007,meesho,JEANS-BLU-36,2,C01520,2026-09-26T10:31:46.208Z,2238.00,delivered
019-4217674-3011974,S0027,amazon,SAREE-YEL-FREE,2,C00727,2026-09-13T16:53:00.732Z,2658.10,shipped
OD174406890592,S0003,flipkart,KURTI-PNK-XL,2,C00155,2026-09-17T20:21:04.593Z,1578.00,delivered
579-9502405-8749739,S0001,amazon,HOODIE-GRN-XL,2,C00285,2026-07-10T05:52:26.501Z,3310.20,delivered
OD345600737771,S0048,flipkart,HOODIE-BLK-L,1,C02611,2026-09-25T22:49:21.019Z,1289.00,delivered
MSH584811278,S0005,meesho,SNEAKER-BLK-9,1,C02896,2026-07-10T20:45:02.480Z,1319.55,returned
MSH815913751,S0001,meesho,TSHIRT-GRN-L,2,C02014,2026-08-20T17:14:31.492Z,929.10,delivered
271-5957113-9453880,S0032,amazon,WATCH-PNK-FREE,2,C00648,2026-08-07T03:11:58.592Z,2778.00,delivered
MSH066886151,S0005,meesho,SNEAKER-WHT-10,3,C02649,2026-08-07T22:14:46.345Z,8967.00,delivered
OD299856214476,S0003,flipkart,KURTI-MAR-XL,3,C01195,2026-09-19T14:28:41.649Z,1590.30,confirmed
MSH182716120,S0001,meesho,HOODIE-GRN-XL,1.5,C00465,2026-07-16T13:46:11.422Z,6988.20,delivered
MSH157334836,S0001,meesho,TSHIRT-PNK-XL,1,C02275,2026-07-13T23:44:46.921Z,332.10,delivered
MYN9232450817,S0003,myntra,SAREE-MAR-FREE,1,C00763,2026-10-02T15:08:05.669Z,1589.00,delivered
MSH123029739,S0001,meesho,HOODIE-PNK-M,1,C00060,2026-09-24T16:50:54.325Z,1519.05,delivered
862-7737387-4273077,S0041,amazon,TSHIRT-RED-L,1,C02578,2026-08-09T00:04:13.413Z,476.10,returned
OD618793539696,S0003,flipkart,KURTI-WHT-XL,1,C02527,2026-09-06T03:06:26.464Z,404.10,delivered
OD308492899744,S0003,flipkart,KURTI-WHT-XL,1,C00999,2026-08-06T09:01:32.119Z,404.10,delivered
MYN2638695260,S0044,myntra,HOODIE-RED-M,2,C01974,2026-08-25T18:21:03.101Z,3158.00,done
OD295878452922,S0010,flipkart,SAREE-WHT-FREE,2,C02704,2026-07-27T23:22:34.830Z,3818.00,pending
OD174762418930,S0048,flipkart,HOODIE-MAR-XL,1,C00362,2026-08-04T14:36:55.482Z,1209.00,returned
MSH811023215,S0007,meesho,HOODIE-BLK-XL,3,C01212,2026-07-24T07:35:12.333Z,4437.00,delivered
MSH788254962,S0007,meesho,HOODIE-BLK-XL,5,C02034,2026-09-06T10:42:53.263Z,7395.00,delivered
MSH066560093,S0001,meesho,HOODIE-GRN-XL,1,C00705,2026-08-16T14:14:23.521Z,1839.00,delivered
MYN4378828510,S0019,myntra,WATCH-RED-FREE,1,C02566,2026-07-20T00:38:48.451Z,3339.00,delivered
MYN3280895667,S0019,myntra,WATCH-BLK-FREE,2,C00435,2026-07-30T23:35:21.947Z,2938.00,delivered
OD343752803289,S0002,flipkart,HOODIE-BLU-M,1,C01436,2026-07-17T16:30:46.594Z,1736.10,delivered
OD505095115041,S0002,flipkart,TSHIRT-PNK-XL,4,C01501,2026-08-21T23:41:43.317Z,1036.00,delivered
OD204340535456,S0002,flipkart,HOODIE-YEL-M,5,C02514,2026-07-06T01:59:52.905Z,5170.50,confirmed
OD795081588366,S0002,flipkart,HOODIE-BLK-L,1,C01452,2026-07-15T20:21:58.554Z,1019.00,delivered
MSH041812267,S0009,meesho,HANDBAG-PNK-FREE,3,C00287,2026-08-14T13:05:17.353Z,2886.30,cancelled
MYN2002139528,S0003,myntra,SAREE-YEL-FREE,3,C02426,2026-08-16T22:13:09.408Z,3867.00,delivered
MYN0746185417,S0044,myntra,HOODIE-YEL-XL,1,C00885,2026-07-28T08:43:41.024Z,1832.55,delivered
MYN5351230663,S0048,myntra,HOODIE-GRN-L,4,C00516,2026-09-26T05:48:15.884Z,4676.40,returned
OD338559563019,S0010,flipkart,HANDBAG-WHT-FREE,2,C00214,2026-08-26T20:32:57.169Z,1458.00,returned
189-5491446-4362212,S0043,amazon,HANDBAG-YEL-FREE,1,C00200,2026-07-24T01:42:54.907Z,1319.00,delivered
256-1186011-8661563,S0001,amazon,HOODIE-GRN-XL,2,C02735,2026-08-06T22:04:12.727Z,3678.00,delivered
725-7812772-3620054,S0032,amazon,WATCH-BLU-FREE,1,C00504,2026-08-28T23:13:55.770Z,2003.55,delivered
MYN2807358111,S0003,myntra,KURTI-BLK-M,1,C02823,2026-09-05T22:21:06.529Z,779.00,confirmed
418-3625456-5459405,S0004,amazon,KURTI-PNK-M,3,C02240,2026-09-06T23:54:37.115Z,1047.00,returned
159-7558895-5160744,S0004,amazon,KURTI-BLU-S,2,C00807,2026-09-25T17:43:08.999Z,1658.00,delivered
MSH108416028,S0005,meesho,SNEAKER-MAR-7,2,C00659,2026-09-20T05:26:27.668Z,4558.10,cancelled
MSH241255519,S0007,meesho,JEANS-BLU-36,1,C02314,2026-10-01T12:28:19.050Z,1063.05,confirmed
275-1656083-8881700,S0004,amazon,KURTI-YEL-S,1,C02326,2026-09-12T07:11:43.645Z,309.00,delivered
MSH402463892,S0001,meesho,HOODIE-GRN-XL,2,C00063,2026-09-26T23:19:38.497Z,3678.00,delivered
MYN3349521999,S0003,myntra,KURTI-BLK-M,4,C01138,2026-07-25T17:16:08.853Z,3116.00,delivered
210-5114075-2844285,S0001,amazon,HOODIE-GRN-XL,4,C00444,2026-08-26T11:42:51.647Z,7356.00,delivered
MSH160325448,S0010,meesho,SAREE-WHT-FREE,1,C00863,2026-08-31T23:36:14.495Z,1813.55,pending
432-9454508-7937399,S0022,amazon,HOODIE-YEL-M,1,C00444,2026-10-01T13:06:37.841Z,1219.00,delivered
OD002554422327,S0034,flipkart,HANDBAG-PNK-FREE,2,C02458,2026-09-12T09:51:00.422Z,1498.00,delivered
392-0591455-5313022,S0001,amazon,HOODIE-GRN-XL,1,C02456,2026-07-19T12:19:56.187Z,1839.00,delivered
OD604223056320,S0003,flipkart,KURTI-BLK-L,2,C00786,2026-08-24T03:41:54.687Z,1384.20,cancelled
139-8779739-8934784,S0044,amazon,HOODIE-YEL-XL,2,C01699,2026-09-10T18:25:08.043Z,3472.20,delivered
972-0556230-7324073,S0045,amazon,WATCH-BLK-FREE,1,C02967,2026-09-18T20:47:14.236Z,2987.10,confirmed
117-2025415-7082845,S0004,amazon,KURTI-YEL-XL,1,C02528,2026-08-15T14:40:57.716Z,609.00,returned
MYN6373753052,S0041,myntra,KURTI-RED-XL,2,C02448,2026-08-10T11:49:43.012Z,986.10,delivered
MYN8660257730,S0003,myntra,KURTI-YEL-M,2,C01712,2026-09-28T07:24:33.550Z,658.00,delivered
OD365751181064,S0002,flipkart,HOODIE-YEL-M,1,C01665,2026-08-18T09:57:41.184Z,1034.10,delivered
981-3974253-6739614,S0001,amazon,HOODIE-PNK-M,1,C01051,2026-09-20T18:07:40.479Z,1519.05,cancelled
MSH890404476,S0002,meesho,TSHIRT-RED-S,1,C00871,2026-08-27T08:28:00.436Z,379.00,delivered
OD505618105559,S0002,flipkart,TSHIRT-WHT-M,3,C00246,2026-07-07T20:45:25.796Z,1317.00,delivered
MSH982408114,S0001,meesho,HOODIE-GRN-XL,1,C01660,2026-07-06T09:15:23.319Z,1655.10,delivered
MYN4746402732,S0006,myntra,SNEAKER-BLU-7,1,C00867,2026-07-24T20:29:36.197Z,1329.05,returned
OD241935893335,S0018,flipkart,JEANS-WHT-30,1,C01661,2026-07-17T19:38:10.589Z,1619.00,confirmed
843-3947501-3312612,S0009,amazon,HANDBAG-PNK-FREE,2,C01726,2026-08-13T12:28:18.808Z,2138.00,confirmed
MSH963358926,S0002,meesho,HOODIE-MAR-L,5,C00798,2026-07-27T16:00:12.289Z,5095.00,delivered
MYN1709287784,S0003,myntra,KURTI-YEL-L,4,C01468,2026-10-02T13:32:53.966Z,2162.20,cancelled
792-3478848-1434419,S0001,amazon,HOODIE-GRN-XL,2,C02208,2026-07-22T22:39:03.694Z,3494.10,delivered
MYN9623835170,S0044,myntra,HOODIE-YEL-XL,1,C01947,2026-09-17T02:07:31.952Z,1929.00,delivered
OD189107915386,S0002,flipkart,HOODIE-BLK-L,2,C01590,2026-09-07T11:07:48.160Z,2038.00,cancelled
834-8773819-8590386,S0001,amazon,HOODIE-GRN-XL,1,C01606,2026-07-09T16:08:08.231Z,1839.00,delivered
MYN9714026541,S0039,myntra,HANDBAG-BLK-FREE,4,C00454,2026-09-08T10:03:58.431Z,3236.00,delivered
MYN6800512613,S0014,myntra,WATCH-YEL-FREE,2,C00506,2026-09-18T05:48:04.256Z,3938.00,returned
OD934090882415,S0002,flipkart,HOODIE-YEL-M,2,C02823,2026-08-20T17:02:27.871Z,2298.00,delivered
OD665431267344,S0010,flipkart,HANDBAG-WHT-FREE,4,C01170,2026-09-08T03:59:45.266Z,2624.40,delivered
587-2839920-8261751,S0033,amazon,SAREE-BLU-FREE,1,C00981,2026-09-08T16:39:03.571Z,1595.05,delivered
OD765238232527,S0002,flipkart,HOODIE-YEL-M,4,C00291,2026-09-21T03:13:57.612Z,4596.00,confirmed
377-4333182-3016231,S0001,amazon,HOODIE-GRN-XL,1,C00740,2026-07-12T16:23:39.244Z,1839.00,cancelled
MSH588185059,S0002,meesho,HOODIE-YEL-M,1,C01081,2026-07-11T03:59:47.863Z,1034.10,delivered
MSH841955880,S0002,meesho,HOODIE-MAR-L,1,C01517,2026-07-20T00:38:47.100Z,917.10,delivered
MSH123179825,S0002,meesho,TSHIRT-PNK-M,1,C02229,2026-08-12T22:13:44.603Z,679.00,pending
MSH839692208,S0005,meesho,SNEAKER-BLU-8,1.5,C01689,2026-08-06T13:33:34.522Z,2759.00,shipped
MSH181035790,S0005,meesho,SNEAKER-BLU-8,1,C02229,2026-09-16T11:50:33.565Z,2759.00,delivered
MYN3605785144,S0047,myntra,KURTI-BLU-L,1,C00125,2026-08-13T20:51:42.195Z,379.00,confirmed
594-2362807-4372775,S0041,amazon,KURTI-RED-XL,1,C00108,2026-08-06T22:59:45.713Z,493.05,delivered
OD349231560323,S0024,flipkart,KURTI-BLK-M,1,C02876,2026-09-05T05:05:16.652Z,629.00,delivered
MYN8375246000,S0003,myntra,KURTI-MAR-M,1,C02859,2026-07-29T21:06:55.404Z,579.00,confirmed
MYN8046662134,S0047,myntra,KURTI-BLK-L,1,C01418,2026-09-03T00:15:19.905Z,329.00,pending
MYN0962683779,S0035,myntra,TSHIRT-WHT-XL,2,C02757,2026-07-27T14:04:33.374Z,1178.00,delivered
MYN3881961048,S0006,myntra,SNEAKER-MAR-9,2,C01633,2026-09-24T02:26:30.344Z,3858.00,shipped
620-7947042-9988123,S0040,amazon,JEANS-PNK-32,2,C02259,2026-09-26T14:18:04.659Z,1298.00,delivered
MSH364637956,S0005,meesho,SNEAKER-RED-10,1,C00598,2026-08-02T19:02:05.855Z,1919.00,delivered
490-9045932-6452516,S0048,amazon,HOODIE-BLU-M,1,C02435,2026-08-27T06:42:35.662Z,908.10,pending
178-6172905-0754105,S0001,amazon,HOODIE-GRN-XL,1,C00757,2026-08-08T03:39:17.190Z,1747.05,shipped
MYN1425067310,S0041,myntra,TSHIRT-RED-L,1,C01101,2026-08-27T14:13:57.218Z,529.00,delivered
OD498297773838,S0002,flipkart,TSHIRT-PNK-XL,5,C00096,2026-08-01T16:01:10.494Z,1295.00,returned
OD382823808115,S0048,flipkart,HOODIE-BLK-L,1,C02375,2026-08-27T22:57:33.799Z,1289.00,delivered
OD206331471613,S0003,flipkart,SAREE-MAR-FREE,4,C01892,2026-09-07T23:09:31.600Z,6038.20,delivered
448-1307049-6865531,S0001,amazon,HOODIE-GRN-XL,1,C02508,2026-07-07T07:40:12.540Z,1839.00,delivered
OD982645696190,S0024,flipkart,JEANS-YEL-30,1,C01427,2026-09-19T06:35:26.099Z,635.55,delivered
XXXXXXXXXXXXXXXXXXXXXXXXXXXXXXXXXXXXXXXXXXXXXXXXXXXXXXXXXXXXXXXXXXXXXX,S0049,myntra,SNEAKER-YEL-10,1,C00146,2026-09-22T09:07:42.781Z,2579.00,confirmed
MYN1139878578,S0003,myntra,KURTI-WHT-XL,4,C02517,2026-08-16T20:17:36.008Z,1616.40,delivered
OD280692517057,S0003,flipkart,KURTI-BLK-L,4,C02111,2026-08-16T06:28:23.514Z,3076.00,delivered
OD058511206723,S0003,flipkart,KURTI-BLK-L,1,C00333,2026-08-13T18:11:45.139Z,769.00,confirmed
462-1394022-1909498,S0008,amazon,WATCH-YEL-FREE,1,C02187,2026-07-25T14:45:14.353Z,768.55,delivered
MSH773626550,S0002,meesho,TSHIRT-RED-S,1,C00414,2026-07-25T15:43:29.508Z,379.00,confirmed
MSH441457466,S0002,meesho,HOODIE-MAR-L,1,C00984,2026-09-07T16:32:10.760Z,1019.00,returned
MYN4565631356,S0006,myntra,SNEAKER-YEL-9,2,C01293,2026-07-12T13:22:52.858Z,2898.00,delivered
OD849629145071,S0002,flipkart,HOODIE-YEL-M,2,C00878,2026-07-18T11:02:52.549Z,2068.20,delivered
MYN7585300133,S0003,myntra,SAREE-MAR-FREE,2,C02421,2026-07-06T10:52:57.329Z,3178.00,delivered
921-0725291-0256379,S0041,amazon,TSHIRT-RED-L,1,C01949,2026-09-22T16:01:14.017Z,502.55,delivered
072-2436485-2235115,S0004,amazon,KURTI-YEL-XL,1,C02226,2026-08-08T18:25:31.179Z,609.00,delivered
OD934379290523,S0003,flipkart,SAREE-RED-FREE,4,C02701,2026-09-15T20:38:26.814Z,4316.00,delivered
MYN5902217803,S0049,myntra,SNEAKER-BLK-8,1,C00165,2026-08-17T00:36:22.213Z,2678.05,shipped
OD648246734596,S0002,flipkart,HOODIE-YEL-M,2,C01798,2026-07-29T21:13:16.802Z,2298.00,delivered
300-9026295-0570915,S0037,amazon,JEANS-PNK-34,1,C00959,2026-09-25T02:56:06.416Z,1699.00,delivered
MYN2954553433,S0049,myntra,SNEAKER-YEL-10,2,C01347,2026-07-13T08:32:10.225Z,4642.20,delivered
MSH300226829,S0002,meesho,TSHIRT-BLU-XL,1,C00345,2026-08-07T17:53:01.781Z,611.10,delivered
MSH214715230,S0005,meesho,SNEAKER-PNK-9,2,C00469,2026-09-02T09:01:16.238Z,1838.00,delivered
MSH571696844,S0007,meesho,JEANS-YEL-30,2,C02150,2026-07-14T19:26:36.017Z,1157.10,shipped
551-3526424-3995400,S0037,amazon,WATCH-GRN-FREE,2,C02757,2026-09-20T17:40:39.438Z,1918.00,shipped
OD483817889180,S0024,flipkart,JEANS-BLU-32,4,C01341,2026-08-13T01:08:02.172Z,4496.40,delivered
350-6326053-7418492,S0001,amazon,HOODIE-GRN-XL,3,C01860,2026-08-14T14:32:50.225Z,5517.00,pending
999-8416871-1639529,S0001,amazon,TSHIRT-WHT-XL,2,C01618,2026-07-24T13:43:16.716Z,862.20,returned
MSH191677139,S0005,meesho,SNEAKER-BLU-8,2,C00527,2026-07-22T19:38:21.475Z,5518.00,delivered
MSH027456462,S0012,meesho,KURTI-BLU-XL,3,C00003,2026-07-11T05:17:29.089Z,2577.00,delivered
MYN2980418928,S0006,myntra,SNEAKER-BLU-7,1,C02676,2026-09-18T05:06:13.293Z,1399.00,returned
OD451840405766,S0036,flipkart,HOODIE-GRN-XL,1,C00317,2026-07-29T12:01:34.001Z,1879.00,delivered
MSH315124134,S0026,meesho,HANDBAG-GRN-FREE,1,C00773,2026-08-11T10:12:12.580Z,509.00,shipped
736-2239839-3161266,S0037,amazon,WATCH-GRN-FREE,5,C01656,2026-09-10T23:58:24.789Z,4315.50,shipped
MSH466553638,S0012,meesho,KURTI-PNK-XL,1,C00119,2026-09-09T16:32:19.102Z,530.10,pending
OD174177714801,S0003,flipkart,SAREE-RED-FREE,2,C01680,2026-07-24T15:44:27.845Z,2050.10,pending
OD468325572764,S0002,flipkart,HOODIE-BLK-L,1,C00921,2026-09-02T10:34:34.225Z,1019.00,delivered
181-6731021-7726743,S0040,amazon,SAREE-WHT-FREE,1,C00742,2026-08-10T18:44:09.687Z,2204.10,delivered
MYN2461529930,S0003,myntra,KURTI-WHT-XL,2,C02860,2026-08-27T05:33:29.799Z,898.00,delivered
MSH862930970,S0021,meesho,SNEAKER-PNK-7,1,C00781,2026-08-03T11:11:18.915Z,2204.10,delivered
MSH113164739,S0002,meesho,TSHIRT-RED-S,2,C02252,2026-08-18T12:52:17.697Z,758.00,delivered
MSH716098944,S0002,meesho,HOODIE-YEL-M,4,C02137,2026-09-12T13:28:09.831Z,4596.00,pending
MYN8498467480,S0023,myntra,SAREE-BLU-FREE,1,C01319,2026-09-08T05:21:15.130Z,2479.00,returned
OD606509866225,S0003,flipkart,KURTI-WHT-XL,1,C02860,2026-08-18T14:49:11.107Z,449.00,delivered
MSH109222843,S0029,meesho,SNEAKER-PNK-7,1,C00536,2026-09-01T20:45:26.400Z,2412.05,shipped
MSH702681402,S0001,meesho,HOODIE-GRN-XL,1,C02310,2026-08-25T05:50:47.563Z,1655.10,delivered
OD387755185997,S0003,flipkart,KURTI-BLK-L,3,C02366,2026-09-13T09:00:32.717Z,2307.00,pending
353-8777369-4878232,S0001,amazon,HOODIE-PNK-M,1,C00811,2026-09-14T03:10:53.068Z,1599.00,delivered
MSH383271902,S0002,meesho,TSHIRT-WHT-M,2,C01370,2026-08-01T19:10:37.961Z,878.00,shipped
777-8047015-8260412,S0048,amazon,HOODIE-BLK-L,1,C02457,2026-09-15T21:17:18.310Z,1289.00,cancelled
OD046377754127,S0003,flipkart,KURTI-WHT-XL,4,C01111,2026-07-15T22:12:56.797Z,1706.20,pending
MYN1268861687,S0003,myntra,KURTI-BLK-L,2,C00277,2026-09-13T13:19:53.042Z,1538.00,shipped
OD509070432392,S0003,flipkart,SAREE-MAR-FREE,2,C02325,2026-09-03T22:13:01.694Z,3178.00,confirmed
OD694104169239,S0002,flipkart,HOODIE-YEL-M,2,C00276,2026-07-20T15:43:27.493Z,2298.00,delivered
MYN8366111994,S0004,shopify,KURTI-YEL-XL,2,C02155,2026-08-06T04:14:39.440Z,1218.00,shipped
MSH238651870,S0007,meesho,JEANS-BLU-36,1,C01914,2026-08-24T00:24:36.842Z,1119.00,delivered
136-1874498-6173063,S0012,amazon,KURTI-BLU-XL,1,C00041,2026-09-08T22:03:15.147Z,859.00,cancelled
638-0279418-6540663,S0037,amazon,JEANS-BLU-30,1,C01864,2026-08-24T11:37:18.406Z,669.00,delivered
OD943337103538,S0024,flipkart,JEANS-RED-36,1,C00927,2026-07-13T11:22:11.990Z,759.05,pending
648-1426159-4578973,S0004,amazon,KURTI-YEL-S,1,C01203,2026-08-28T11:21:11.568Z,278.10,delivered
330-6356598-2129436,S0034,amazon,HANDBAG-BLU-FREE,4,C00673,2026-07-22T09:06:36.331Z,5316.00,delivered
MSH929440420,S0009,meesho,HANDBAG-RED-FREE,1,C02641,2026-09-23T23:20:43.753Z,939.00,delivered
986-9259102-9566962,S0035,amazon,TSHIRT-YEL-S,1,C00913,2026-08-16T08:00:12.876Z,296.10,shipped
242-3374737-4995803,S0022,amazon,HOODIE-YEL-M,1,C01387,2026-09-15T12:31:23.473Z,1158.05,delivered
OD291078471104,S0002,flipkart,HOODIE-BLK-L,2,C01586,2026-07-24T09:29:05.687Z,1834.20,delivered
806-3374553-6642366,S0035,amazon,TSHIRT-MAR-M,1,C00655,2026-08-07T00:46:05.380Z,404.10,pending
MYN1025389748,S0040,myntra,JEANS-PNK-32,1,C01558,2026-07-30T04:27:54.066Z,649.00,delivered
MYN2882760759,S0019,myntra,WATCH-MAR-FREE,0,C01025,2026-08-22T18:33:22.434Z,2938.00,delivered
OD875850222591,S0042,flipkart,WATCH-BLU-FREE,5,C01105,2026-08-23T02:01:56.177Z,8497.75,returned
MSH766283611,S0009,meesho,HANDBAG-PNK-FREE,1,C01102,2026-08-18T04:44:07.333Z,1069.00,delivered
028-5161921-6017844,S0001,amazon,TSHIRT-PNK-XL,3,C02756,2026-08-12T01:08:45.024Z,1107.00,delivered
293-0192808-5166621,S0045,amazon,WATCH-BLU-FREE,1,C02445,2026-09-12T17:56:56.623Z,909.00,returned
OD649067391292,S0024,flipkart,KURTI-BLK-L,1,C00622,2026-09-08T15:25:47.729Z,426.55,delivered
MSH288755645,S0026,meesho,WATCH-MAR-FREE,3,C02228,2026-08-08T02:58:59.931Z,7606.65,delivered
358-6781670-5170759,S0001,amazon,TSHIRT-PNK-XL,3,C00545,2026-10-01T12:25:04.489Z,1107.00,delivered
MSH414693911,S0002,meesho,HOODIE-YEL-M,4,C01730,2026-09-20T22:28:58.096Z,4596.00,delivered
MSH955003045,S0011,meesho,KURTI-WHT-M,5,C01736,2026-09-11T17:09:43.633Z,3145.50,returned
MYN5350116690,S0041,myntra,TSHIRT-RED-L,4,C01387,2026-08-30T10:24:06.634Z,2010.20,pending
MYN6048709717,S0019,myntra,WATCH-BLK-FREE,1,C02781,2026-10-01T10:38:49.037Z,1469.00,delivered
OD284409239247,S0003,flipkart,KURTI-BLK-M,1,C02569,2026-09-03T19:23:37.636Z,740.05,returned
279-8836094-4347922,S0039,amazon,HANDBAG-BLU-FREE,1,C01801,2026-07-13T04:38:30.302Z,589.00,delivered
OD514422532622,S0003,flipkart,KURTI-YEL-M,3,C02119,2026-07-24T17:30:16.336Z,987.00,returned
MYN8094777171,S0003,myntra,SAREE-MAR-FREE,1,C02748,2026-09-15T05:27:30.362Z,1430.10,delivered
MYN0202266484,S0033,myntra,TSHIRT-RED-S,1,C01905,2026-07-29T17:33:16.211Z,279.00,confirmed
OD800439294046,S0003,flipkart,KURTI-MAR-XL,1,C00867,2026-09-17T13:20:29.318Z,589.00,delivered
OD073510902061,S0003,flipkart,SAREE-MAR-FREE,1,C00486,2026-08-12T10:07:23.076Z,1589.00,delivered
524-6638805-6104041,S0048,amazon,HOODIE-MAR-XL,1,C00377,2026-08-05T16:15:51.103Z,1209.00,delivered
MSH468295968,S0002,meesho,HOODIE-BLK-L,1,C01889,2026-10-02T22:02:44.382Z,1019.00,delivered
OD871950734416,S0009,flipkart,HANDBAG-PNK-FREE,1,C02585,2026-07-05T12:43:18.644Z,1069.00,delivered
OD381581619991,S0010,flipkart,SAREE-WHT-FREE,2,C00267,2026-09-19T13:39:45.006Z,3436.20,shipped
828-5774380-4161535,S0001,amazon,HOODIE-PNK-M,1,C00897,2026-07-20T06:43:11.445Z,1599.00,delivered
OD181990877207,S0048,flipkart,HOODIE-GRN-L,3,C00502,2026-10-01T16:53:00.220Z,3897.00,shipped
841-2829872-1774817,S0004,amazon,KURTI-YEL-XL,2,C01767,2026-09-11T02:32:31.291Z,1218.00,delivered
890-3601737-1442637,S0012,amazon,KURTI-BLU-XL,3,C01508,2026-08-12T03:02:05.744Z,2577.00,delivered
010-8891345-2216944,S0001,amazon,TSHIRT-WHT-XL,2,C01220,2026-09-16T04:20:15.889Z,958.00,delivered
OD753417259639,S0009,flipkart,HANDBAG-BLK-FREE,1,C00834,2026-09-30T00:01:56.962Z,1219.00,confirmed
OD308278945851,S0014,flipkart,WATCH-GRN-FREE,4,C02823,2026-09-09T21:07:35.796Z,3756.00,delivered
MYN5848618767,S0047,myntra,WATCH-MAR-FREE,2,C00481,2026-09-23T13:58:00.189Z,4038.00,shipped
MYN0442984453,S0047,myntra,KURTI-BLK-L,2,C02104,2026-09-14T03:57:08.937Z,625.10,delivered
MYN4127722650,S0003,myntra,KURTI-BLK-L,1,C02369,2026-09-20T12:01:19.995Z,769.00,delivered
408-0242972-3968245,S0001,amazon,HOODIE-GRN-XL,1,C00716,2026-08-13T17:10:30.428Z,1655.10,shipped
MYN2218177254,S0019,myntra,WATCH-PNK-FREE,1,C02185,2026-08-21T06:18:42.040Z,3309.00,delivered
MYN4600119065,S0046,myntra,HOODIE-WHT-M,5,C01249,2026-10-01T06:55:46.759Z,3842.75,delivered
MSH760786531,S0010,meesho,SAREE-WHT-FREE,2,C02091,2026-09-26T19:24:55.800Z,3627.10,confirmed
212-4502842-8065469,S0004,amazon,KURTI-YEL-XL,5,C02243,2026-07-16T03:01:01.488Z,3045.00,delivered
OD414821161896,S0010,flipkart,SAREE-WHT-FREE,2,C02887,2026-08-17T20:47:59.678Z,3627.10,delivered
MYN1585612131,S0013,myntra,SNEAKER-BLU-10,1,C02737,2026-09-02T02:54:07.802Z,911.05,returned
286-8557072-4512222,S0001,amazon,TSHIRT-WHT-XL,3,C02348,2026-08-26T03:04:28.334Z,1437.00,cancelled
321-7195119-6740867,S0039,amazon,HANDBAG-BLK-FREE,2,C02597,2026-07-07T02:08:17.770Z,1537.10,pending
MSH730041780,S0001,meesho,TSHIRT-WHT-XL,1,C00481,2026-07-13T10:23:00.558Z,479.00,delivered
OD357014661659,S0002,flipkart,HOODIE-YEL-M,2,C01091,2026-07-22T09:05:55.174Z,2298.00,delivered
MYN7979669206,S0008,myntra,JEANS-BLU-34,4,C02437,2026-09-27T14:53:08.888Z,5996.00,delivered
337-9127829-3045581,S0008,amazon,WATCH-PNK-FREE,2,C02435,2026-10-02T17:05:33.098Z,6838.00,delivered
OD334567225242,S0003,flipkart,SAREE-MAR-FREE,2,C01678,2026-08-01T14:23:02.178Z,2860.20,delivered
OD584459858531,S0024,flipkart,JEANS-BLU-32,4,C00167,2026-09-20T16:23:02.578Z,4996.00,delivered
776-7420302-8655799,S0001,amazon,HOODIE-GRN-XL,2,C02976,2026-07-26T23:46:35.260Z,3310.20,returned
MSH085655135,S0007,meesho,JEANS-BLU-36,1,C00755,2026-08-24T18:58:48.508Z,1063.05,delivered
MYN8794491343,S0008,myntra,WATCH-PNK-FREE,1,C02958,2026-08-17T20:16:53.567Z,3248.05,delivered
268-9237944-8524182,S0022,amazon,HOODIE-PNK-XL,2,C01941,2026-08-17T00:58:00.061Z,2098.00,delivered
OD250937188828,S0010,flipkart,SAREE-GRN-FREE,3,C02167,2026-07-14T04:49:48.512Z,4407.00,cancelled
MYN5960409245,S0003,myntra,SAREE-YEL-FREE,1,C00319,2026-08-16T06:10:06.077Z,1160.10,delivered
OD401839661351,S0003,flipkart,SAREE-MAR-FREE,2,C01901,2026-07-11T21:50:46.396Z,3178.00,delivered
OD418453776945,S0025,flipkart,SNEAKER-BLK-8,1,C02711,2026-09-07T05:19:12.147Z,839.00,delivered
MYN9839044056,S0019,myntra,WATCH-BLK-FREE,1,C02418,2026-07-11T19:24:54.353Z,1469.00,returned
MYN6202076254,S0003,myntra,KURTI-BLK-L,4,C02547,2026-08-23T20:11:40.728Z,2768.40,returned
OD018931768582,S0024,flipkart,JEANS-GRN-30,1,C02229,2026-09-27T00:22:26.205Z,989.00,delivered
MYN3801005008,S0003,myntra,SAREE-MAR-FREE,1,C02729,2026-08-05T08:23:49.039Z,1430.10,delivered
MYN8203230861,S0004,myntra,KURTI-YEL-XL,1,C01185,2026-07-26T14:01:05.891Z,548.10,delivered
MSH194798229,S0005,meesho,SNEAKER-BLK-9,2,C02642,2026-08-26T05:27:08.647Z,2778.00,delivered
MSH331265663,S0009,meesho,HANDBAG-PNK-FREE,1,C01303,2026-08-25T18:22:08.699Z,1069.00,delivered
MSH326376873,S0001,meesho,HOODIE-GRN-XL,1,C00630,2026-09-13T20:43:42.750Z,1839.00,delivered
OD939099644193,S0036,flipkart,JEANS-YEL-36,4,C00057,2026-07-09T17:10:24.786Z,2768.40,returned
OD860487564509,S0024,flipkart,JEANS-BLU-30,2,C01309,2026-09-04T20:45:39.330Z,2858.00,shipped
OD380488828216,S0003,flipkart,SAREE-MAR-FREE,2,C01633,2026-08-24T08:43:05.896Z,3178.00,delivered
MSH479020038,S0001,meesho,TSHIRT-PNK-XL,3,C02027,2026-08-28T06:02:48.271Z,1051.65,returned
OD350053734850,S0017,flipkart,KURTI-WHT-XL,2,C01198,2026-08-25T01:43:27.286Z,1024.20,delivered
OD858493385022,S0025,flipkart,SNEAKER-BLU-9,2,C01087,2026-09-06T08:31:38.507Z,3658.00,cancelled
OD123862006580,S0002,flipkart,HOODIE-MAR-L,4,C01979,2026-09-04T01:10:12.356Z,3668.40,pending
302-1860843-1739684,S0001,amazon,HOODIE-GRN-XL,1,C02991,2026-07-27T02:23:45.180Z,1839.00,confirmed
MYN3861312531,S0041,myntra,TSHIRT-YEL-S,1,C00609,2026-08-29T08:18:20.270Z,503.10,delivered
MYN5147734036,S0047,myntra,KURTI-BLK-L,1.5,C01784,2026-08-13T17:18:12.198Z,987.00,delivered
285-0278713-1844407,S0012,amazon,KURTI-BLU-XL,3,C01573,2026-07-14T01:37:53.604Z,2577.00,delivered
MYN4594345237,S0003,myntra,SAREE-RED-FREE,3,C02096,2026-09-22T05:22:23.504Z,2913.30,delivered
MSH762096519,S0001,meesho,TSHIRT-WHT-XL,2,C01200,2026-09-02T22:22:29.682Z,862.20,pending
OD203530683414,S0002,flipkart,HOODIE-YEL-M,1,C00347,2026-08-14T20:55:25.744Z,1149.00,confirmed
MYN9590573169,S0040,myntra,JEANS-MAR-36,4,C01910,2026-07-27T05:36:36.841Z,4632.20,delivered
MSH126879013,S0001,meesho,TSHIRT-PNK-XL,1,C02637,2026-08-15T13:38:47.163Z,350.55,delivered
MYN4694045056,S0046,myntra,HOODIE-PNK-L,2,C02101,2026-07-26T18:24:15.428Z,3238.20,delivered
749-1259489-7426078,S0043,amazon,HANDBAG-RED-FREE,1,C01815,2026-08-17T03:59:37.518Z,1115.10,delivered
OD187389023746,S0024,flipkart,KURTI-MAR-XL,2,C00144,2026-07-17T08:16:44.340Z,838.00,cancelled
MSH809113870,S0002,meesho,TSHIRT-RED-L,1,C02646,2026-09-07T17:45:48.748Z,431.10,shipped
OD864222940953,S0036,flipkart,JEANS-YEL-36,5,C02200,2026-08-26T11:21:28.735Z,3845.00,delivered
MYN6435509363,S0006,myntra,,1,C00174,2026-09-03T03:14:27.491Z,1389.00,delivered
MYN5819479262,S0003,myntra,SAREE-MAR-FREE,2,C00132,2026-09-26T08:24:35.564Z,3178.00,confirmed
OD192679756441,S0018,flipkart,JEANS-MAR-32,2,C01390,2026-07-10T17:43:17.019Z,1678.00,returned
621-0009830-2797194,S0012,amazon,KURTI-BLU-XL,3,C01739,2026-09-22T14:32:32.050Z,2319.30,delivered
MSH025683113,S0002,meesho,HOODIE-YEL-M,1,C02191,2026-10-01T03:34:44.357Z,1091.55,delivered
MYN3506861232,S0039,myntra,HANDBAG-YEL-FREE,3,C01486,2026-08-19T01:11:29.578Z,1860.30,pending
509-0393274-3871396,S0008,amazon,JEANS-BLK-36,1,C02333,2026-07-16T20:52:02.075Z,759.05,delivered
MYN1720518920,S0039,myntra,HANDBAG-BLK-FREE,3,C01669,2026-07-24T22:41:21.161Z,2427.00,delivered
MYN3156087566,S0006,myntra,SNEAKER-BLU-7,2,C01703,2026-08-24T05:34:52.246Z,2518.20,cancelled
OD595641481471,S0024,flipkart,KURTI-MAR-XL,1,C01247,2026-07-27T21:35:49.910Z,377.10,delivered
OD980419842469,S0024,flipkart,KURTI-RED-S,1,C00701,2026-09-25T20:46:56.343Z,493.05,confirmed
MSH193226004,S0005,ebay,SNEAKER-PNK-9,1,C00209,2026-09-30T14:44:35.387Z,873.05,delivered
OD262127940769,S0033,flipkart,TSHIRT-RED-S,2,C00978,2026-08-10T08:50:56.266Z,530.10,delivered
MYN2740529773,S0047,myntra,KURTI-RED-M,2,C00218,2026-09-12T06:07:01.065Z,1024.10,shipped
848-2709073-0912790,S0045,amazon,WATCH-BLU-FREE,4,C02223,2026-09-22T07:42:11.573Z,3636.00,returned
MYN0408858465,S0006,myntra,SNEAKER-GRN-7,2,C02223,2026-08-11T00:10:18.528Z,1678.00,confirmed
MSH193999215,S0007,meesho,JEANS-BLU-36,4,C00267,2026-09-24T10:54:14.221Z,4252.20,delivered
MSH216461475,S0007,meesho,HOODIE-BLK-XL,1,C01361,2026-07-30T08:09:26.614Z,1479.00,delivered
992-4593058-3166404,S0009,amazon,HANDBAG-BLK-FREE,3,C02916,2026-09-16T09:52:20.034Z,3474.15,delivered
OD348111596557,S0002,flipkart,TSHIRT-RED-L,1,C01079,2026-07-11T14:10:10.157Z,431.10,delivered
MYN9016864461,S0014,myntra,KURTI-RED-M,2,C02476,2026-07-14T07:06:34.572Z,1498.00,cancelled
126-8489542-8049128,S0011,amazon,KURTI-YEL-XL,1,C00785,2026-08-19T07:33:31.027Z,319.00,delivered
MSH930191174,S0027,meesho,SAREE-BLK-FREE,1,C01380,2026-08-06T06:22:41.158Z,1927.55,delivered
092-7437339-0038548,S0001,amazon,TSHIRT-WHT-XL,1,C02831,2026-07-16T05:01:52.979Z,455.05,delivered
917-6701435-5721061,S0040,amazon,SAREE-YEL-FREE,1,C00999,2026-07-29T10:10:24.389Z,1916.10,delivered
MSH526678619,S0001,meesho,TSHIRT-GRN-L,4,C02339,2026-07-22T02:15:06.554Z,1858.20,pending
526-1941953-8212130,S0041,amazon,KURTI-WHT-L,1,C00722,2026-08-07T20:56:11.359Z,557.10,delivered
MSH084848562,S0001,meesho,HOODIE-PNK-M,1,C00191,2026-07-21T11:19:50.725Z,1599.00,shipped
346-1521044-1092631,S0034,amazon,HANDBAG-YEL-FREE,2,C02879,2026-09-21T17:24:54.148Z,2373.10,delivered
MYN9462983271,S0004,myntra,KURTI-YEL-XL,1,C01565,2026-07-07T09:31:29.591Z,548.10,delivered
OD346841654678,S0034,flipkart,HANDBAG-YEL-FREE,1,C01574,2026-07-25T12:59:51.240Z,1249.00,delivered
113-2460977-5042664,S0001,amazon,TSHIRT-WHT-XL,2,C00826,2026-07-21T03:14:38.461Z,910.10,delivered
OD710205661429,S0017,flipkart,KURTI-WHT-M,1,C02649,2026-08-13T17:43:23.679Z,635.55,delivered
MYN0639404723,S0003,myntra,KURTI-GRN-L,1,C02935,2026-07-22T19:00:31.822Z,489.00,pending
MSH991826349,S0002,meesho,HOODIE-YEL-M,2,C00748,2026-09-18T03:53:18.644Z,2298.00,cancelled
114-4951310-2405284,S0001,amazon,HOODIE-GRN-XL,2,C00248,2026-08-24T17:37:31.029Z,3678.00,cancelled
MYN8051980265,S0019,myntra,WATCH-PNK-FREE,5,C01848,2026-09-06T10:18:07.044Z,15717.75,delivered
OD400678514617,S0003,flipkart,KURTI-BLK-M,2,C02242,2026-07-13T11:02:22.343Z,1480.10,delivered
OD179350572267,S0010,flipkart,SAREE-PNK-FREE,1,C00681,2026-09-13T02:47:29.572Z,1682.10,delivered
MYN8916146606,S0003,myntra,KURTI-MAR-M,5,C01342,2026-09-06T12:14:26.673Z,2895.00,returned
355-8180410-5188416,S0001,amazon,HOODIE-GRN-XL,5,C02703,2026-09-24T21:18:37.913Z,8275.50,cancelled
659-1601138-7054584,S0026,amazon,WATCH-PNK-FREE,2,C01805,2026-09-27T08:41:55.877Z,2318.00,delivered
OD653493036252,S0003,flipkart,KURTI-YEL-L,3,C00215,2026-08-27T12:18:01.389Z,1707.00,returned
MYN6446679455,S0004,shopify,KURTI-MAR-L,1,C00773,2026-08-15T03:46:40.022Z,293.55,delivered
523-6252045-9548292,S0001,amazon,TSHIRT-PNK-XL,2,C00345,2026-07-27T23:09:15.640Z,664.20,delivered
MSH212352313,S0012,meesho,KURTI-BLU-S,1,C00572,2026-07-11T22:33:44.881Z,629.00,delivered
OD068573390961,S0003,flipkart,KURTI-BLK-M,3,C00296,2026-08-10T00:50:04.722Z,2337.00,pending
MSH363056419,S0001,meesho,TSHIRT-GRN-L,3,C00364,2026-09-30T16:37:14.006Z,1467.00,delivered
138-9373300-6423066,S0001,amazon,HOODIE-PNK-M,2,C00697,2026-08-14T14:57:29.456Z,3038.10,delivered
OD333464870737,S0010,flipkart,HANDBAG-WHT-FREE,1,C02079,2026-08-29T04:48:49.807Z,729.00,delivered
OD188333391305,S0002,flipkart,HOODIE-BLK-L,2,C00646,2026-07-08T04:48:46.494Z,2038.00,cancelled
MSH153063686,S0005,meesho,SNEAKER-MAR-7,2,C00721,2026-08-19T03:25:05.938Z,4558.10,delivered
488-6744386-3895070,S0045,amazon,WATCH-BLU-FREE,2,C02958,2026-10-03T06:34:08.819Z,1818.00,delivered
123-0691706-3375290,S0001,amazon,HOODIE-GRN-XL,3,C01413,2026-09-10T05:33:12.723Z,5517.00,delivered
MSH796616321,S0001,meesho,HOODIE-GRN-XL,1,C00437,2026-09-29T21:25:25.045Z,1839.00,delivered
922-5306827-8218805,S0022,amazon,HOODIE-BLU-M,1,C00304,2026-08-26T21:51:00.487Z,1349.00,delivered
380-5663157-8518679,S0020,amazon,JEANS-MAR-34,3,C01608,2026-10-02T18:39:02.124Z,2157.00,delivered
MSH981529210,S0005,meesho,SNEAKER-MAR-7,1,C00658,2026-07-23T22:23:40.302Z,2159.10,delivered
MSH956015201,S0005,meesho,SNEAKER-BLK-9,2,C02565,2026-09-22T17:25:08.586Z,2639.10,confirmed
083-3909978-1269192,S0039,amazon,SAREE-YEL-FREE,1,C02629,2026-09-25T23:59:36.246Z,1196.10,delivered
OD736088260199,S0002,flipkart,HOODIE-YEL-M,1,C01508,2026-09-12T12:43:28.320Z,1149.00,shipped
532-5018190-9048154,S0045,amazon,WATCH-BLU-FREE,1,C02580,2026-08-06T15:21:18.422Z,818.10,delivered
MSH623518287,S0005,meesho,SNEAKER-PNK-9,1,C02145,2026-07-16T07:09:48.596Z,873.05,shipped
723-2216462-8047174,S0008,amazon,JEANS-YEL-32,2,C01219,2026-07-18T10:37:04.719Z,3598.00,pending
MSH936037999,S0007,meesho,JEANS-YEL-30,3,C01514,2026-07-19T09:13:14.519Z,1735.65,delivered
MSH616007807,S0005,meesho,SNEAKER-GRN-7,2,C01257,2026-07-05T23:00:41.892Z,4425.10,delivered
MSH312985890,S0001,meesho,TSHIRT-WHT-XL,1,C00785,2026-07-31T13:25:13.830Z,479.00,returned
OD020489950766,S0009,flipkart,HANDBAG-PNK-FREE,4,C00220,2026-10-03T07:19:39.763Z,4062.20,delivered
MYN7796391435,S0015,myntra,WATCH-BLU-FREE,1,C01365,2026-09-19T00:28:23.984Z,1489.00,pending
642-2104156-2518256,S0001,amazon,HOODIE-GRN-XL,1,C02263,2026-08-28T13:28:20.056Z,1839.00,delivered
MYN1479602075,S0003,myntra,KURTI-PNK-XL,3,C02591,2026-08-30T12:57:08.129Z,2130.30,delivered
145-4040780-3373142,S0001,amazon,TSHIRT-WHT-XL,2,C01385,2026-09-28T01:10:42.871Z,910.10,delivered
OD842877130558,S0002,flipkart,HOODIE-YEL-M,1,C02574,2026-08-01T12:05:39.035Z,1149.00,cancelled
140-4243898-9878839,S0016,amazon,HANDBAG-PNK-FREE,4,C01923,2026-08-14T16:22:41.953Z,2196.00,cancelled
576-8475616-0257879,S0045,amazon,WATCH-BLK-FREE,1,C01022,2026-07-23T21:42:17.561Z,3319.00,cancelled
MSH238481292,S0001,meesho,HOODIE-PNK-M,2,C00848,2026-08-14T05:52:52.067Z,3038.10,delivered
403-2454258-7419310,S0009,amazon,HANDBAG-RED-FREE,5,C02002,2026-08-16T04:17:23.196Z,4695.00,delivered
MSH294683233,S0002,meesho,HOODIE-BLK-L,2,C00892,2026-07-12T13:25:57.168Z,1936.10,delivered
MYN1759158340,S0006,myntra,SNEAKER-YEL-7,4,C02804,2026-07-28T23:47:21.282Z,5000.40,returned
MYN2707661353,S0003,myntra,KURTI-PNK-XL,1,C02971,2026-07-24T06:44:54.530Z,789.00,delivered
OD660764592804,S0015,flipkart,WATCH-WHT-FREE,1,C00716,2026-09-05T07:20:09.737Z,892.05,pending
MSH256810167,S0002,meesho,TSHIRT-PNK-XL,1,C02286,,233.10,delivered
OD155583469662,S0003,flipkart,SAREE-YEL-FREE,2,C02338,2026-08-10T09:54:29.943Z,2449.10,delivered
MYN5992880212,S0023,myntra,SAREE-BLU-FREE,5,C00265,2026-08-23T03:38:05.819Z,12395.00,delivered
305-4553177-0842099,S0001,amazon,HOODIE-GRN-XL,1,C00475,2026-09-02T03:31:31.566Z,1655.10,delivered
953-7969603-2816033,S0037,amazon,JEANS-BLK-36,1,C02679,2026-07-21T18:11:56.377Z,1119.00,cancelled
161-2063894-5374465,S0034,amazon,HANDBAG-RED-FREE,1,C01124,2026-09-01T05:18:07.976Z,1109.00,delivered
612-8799533-8206671,S0026,amazon,WATCH-MAR-FREE,1,C00256,2026-08-29T23:04:42.830Z,2535.55,shipped
742-6116337-0986734,S0033,amazon,TSHIRT-RED-XL,1,C01739,2026-08-09T01:03:46.403Z,349.00,cancelled
MYN8320058102,S0049,myntra,SNEAKER-MAR-10,3,C00549,2026-09-28T20:58:54.298Z,3588.15,pending
284-8378865-4945978,S0021,amazon,SNEAKER-BLK-8,1,C01737,2026-09-09T18:56:39.012Z,1049.00,delivered
MSH713171164,S0001,meesho,HOODIE-PNK-M,5,C00845,2026-08-26T06:04:39.486Z,7995.00,delivered
MSH194941297,S0007,meesho,JEANS-BLU-36,2,C00296,2026-07-09T12:38:06.766Z,2238.00,delivered
761-8842018-9345259,S0004,amazon,KURTI-BLU-S,2,C00027,2026-07-10T13:21:36.745Z,1658.00,delivered
949-9080036-0706918,S0009,amazon,HANDBAG-BLK-FREE,3,C01542,2026-09-01T17:19:39.309Z,3657.00,delivered
MYN7057782640,S0049,myntra,SAREE-WHT-FREE,1,C01651,2026-07-07T20:04:29.950Z,1739.00,confirmed
OD523583470841,S0034,flipkart,HANDBAG-GRN-FREE,2,C02135,2026-08-10T11:50:41.159Z,1678.00,confirmed
MYN2862821569,S0048,myntra,HOODIE-MAR-XL,1,C02591,2026-08-27T01:34:44.011Z,1088.10,delivered
MYN1615403529,S0038,myntra,TSHIRT-WHT-S,2,C00279,2026-08-01T20:17:17.475Z,1298.00,delivered
OD946188194255,S0044,flipkart,HOODIE-RED-M,4,C01148,2026-09-10T17:38:41.563Z,6000.20,returned
229-0516602-2139521,S0012,amazon,KURTI-BLU-XL,4,C01223,2026-09-04T15:16:38.059Z,3436.00,confirmed
737-6305513-3955887,S0001,amazon,HOODIE-GRN-XL,1,C01773,2026-08-16T21:04:59.239Z,1839.00,cancelled
MSH263802508,S0001,meesho,HOODIE-GRN-XL,1,C02146,2026-09-07T23:32:28.709Z,1839.00,delivered
OD612437908347,S0002,flipkart,HOODIE-YEL-M,1,C01318,2026-07-19T03:44:16.042Z,1149.00,delivered
MSH405026999,S0001,meesho,HOODIE-PNK-M,3,C01627,2026-08-05T09:20:30.316Z,4317.30,delivered
843-1815477-0873069,S0001,amazon,HOODIE-GRN-XL,1,C01334,2026-09-02T03:08:01.258Z,1655.10,delivered
377-2516418-9649953,S0020,amazon,JEANS-PNK-34,2,C00197,2026-08-21T09:50:21.461Z,2078.00,delivered
MSH757852280,S0040,meesho,JEANS-PNK-32,4,C01049,2026-07-18T07:56:09.163Z,2336.40,pending
OD047325484009,S0010,flipkart,SAREE-WHT-FREE,1,C00424,2026-07-17T06:15:57.728Z,1718.10,delivered
226-7047069-7382187,S0001,amazon,TSHIRT-WHT-XL,2,C02356,2026-09-25T13:27:27.596Z,958.00,delivered
MYN9128078141,S0003,myntra,SAREE-MAR-FREE,2,C01284,2026-09-10T05:11:28.125Z,2860.20,shipped
MSH057342780,S0002,meesho,HOODIE-BLK-L,1,C01212,2026-09-21T16:37:54.712Z,abc,shipped
679-5771608-1677514,S0013,amazon,SNEAKER-RED-9,3,C00723,2026-08-20T05:19:25.583Z,6552.15,cancelled
MYN1730185467,S0003,myntra,SAREE-MAR-FREE,3,C01477,2026-09-23T19:24:18.764Z,4290.30,delivered
216-6963891-0648480,S0009,amazon,HANDBAG-RED-FREE,2,C00605,2026-08-31T20:06:39.756Z,1878.00,delivered
MYN0614358183,S0047,myntra,KURTI-YEL-M,2,C00388,2026-07-15T22:40:55.379Z,1778.00,delivered
132-0395509-6523353,S0001,amazon,HOODIE-GRN-XL,3,C01893,2026-09-08T08:33:36.497Z,5517.00,delivered
OD437439799305,S0003,flipkart,SAREE-MAR-FREE,3,C01232,2026-07-14T17:29:44.901Z,4767.00,delivered
OD392759684477,S0024,flipkart,KURTI-PNK-XL,1,C01489,2026-07-09T09:53:57.305Z,459.00,delivered
MYN3029861767,S0041,myntra,TSHIRT-RED-L,1,C02768,2026-08-04T18:29:44.965Z,476.10,shipped
OD330653866358,S0002,flipkart,HOODIE-YEL-M,2,C00002,2026-09-13T08:12:09.710Z,2298.00,delivered
965-5734452-3780021,S0001,amazon,HOODIE-GRN-XL,1,C01791,2026-09-23T09:09:21.683Z,1747.05,delivered
OD836768275490,S0003,flipkart,SAREE-MAR-FREE,2,C02791,2026-07-15T16:23:17.441Z,3019.10,delivered
OD344493243946,S0003,flipkart,SAREE-MAR-FREE,2,C00109,2026-07-31T15:40:48.508Z,2860.20,delivered
MYN9944179578,S0006,myntra,SNEAKER-RED-10,2,C01872,2026-09-25T16:07:23.847Z,5938.00,delivered
319-1843316-0277272,S0001,amazon,HOODIE-GRN-XL,1,C01839,2026-09-05T16:42:14.387Z,1655.10,delivered
MYN8760307865,S0014,myntra,WATCH-GRN-FREE,1,C00290,2026-09-25T18:16:58.773Z,939.00,returned
OD627627433926,S0034,flipkart,HANDBAG-WHT-FREE,5,C01226,2026-09-27T08:16:22.967Z,6027.75,shipped
OD435573031151,S0024,flipkart,KURTI-BLK-M,2,C00543,2026-09-02T19:23:37.149Z,1132.20,returned
OD370753827449,S0024,flipkart,JEANS-RED-30,1,C00032,2026-09-16T07:07:59.068Z,1449.00,pending
242-9273737-7687997,S0001,amazon,HOODIE-GRN-XL,4,C01447,2026-07-10T05:36:55.115Z,7356.00,shipped
MSH851318231,S0001,meesho,TSHIRT-GRN-L,2,C00846,2026-07-10T16:37:50.928Z,880.20,shipped
583-8800504-9818963,S0004,amazon,KURTI-YEL-XL,1,C02119,2026-08-31T09:57:12.757Z,578.55,cancelled
MYN8836752041,S0006,myntra,SNEAKER-RED-10,4,C02875,2026-09-03T15:13:12.601Z,11876.00,delivered
OD159113732512,S0009,flipkart,HANDBAG-MAR-FREE,1,C00245,2026-07-27T03:13:53.541Z,702.05,delivered
040-5142663-8603737,S0012,amazon,KURTI-YEL-M,1,C00648,2026-07-30T18:43:41.168Z,749.00,confirmed
MYN9420916575,S0008,myntra,JEANS-BLK-36,2,C02189,2026-07-27T04:58:09.356Z,1518.10,returned
MSH623887839,S0005,meesho,SNEAKER-BLU-8,1,C02268,2026-09-23T00:18:41.236Z,2759.00,cancelled
MYN3989338545,S0029,myntra,SNEAKER-MAR-8,1,C02016,2026-07-08T12:11:39.229Z,2564.05,returned
587-5167934-1233437,S0004,amazon,KURTI-YEL-S,2,C00138,2026-08-02T11:20:10.663Z,618.00,delivered
953-8860645-0058455,S0031,amazon,SNEAKER-RED-8,1,C02109,2026-08-24T11:02:51.683Z,1289.00,delivered
MSH964710559,S0039,meesho,HANDBAG-BLK-FREE,1,C02735,2026-07-30T12:39:26.781Z,728.10,delivered
MSH811167673,S0005,meesho,SNEAKER-RED-10,2,C02814,2026-08-01T15:43:06.050Z,3838.00,delivered
MSH383586364,S0001,meesho,HOODIE-GRN-XL,2,C00666,2026-08-17T14:54:53.212Z,3494.10,shipped
MSH756127749,S0001,meesho,HOODIE-GRN-XL,1,C02355,2026-08-01T13:32:28.636Z,1655.10,delivered
MYN6133350036,S0029,myntra,WATCH-BLK-FREE,1,C02885,2026-09-06T10:42:53.996Z,1151.10,delivered
OD318276627126,S0036,flipkart,HOODIE-GRN-XL,1,C02221,2026-09-25T06:35:15.211Z,1879.00,confirmed
059-7253664-8059234,S0004,amazon,KURTI-YEL-M,1,C00018,2026-08-13T02:38:18.538Z,825.55,cancelled
OD957085715620,S0048,flipkart,HOODIE-GRN-L,2,C00205,2026-07-24T11:07:53.069Z,2598.00,delivered
MSH198877255,S0005,meesho,SNEAKER-GRN-7,2,C00615,2026-08-21T13:12:59.525Z,4658.00,delivered
873-7056670-7402745,S0004,amazon,KURTI-YEL-XL,1,C00290,2026-07-22T16:02:39.066Z,609.00,shipped
OD601047479876,S0025,flipkart,SNEAKER-RED-9,2,C00633,2026-08-07T08:07:29.510Z,4408.20,delivered
MSH555816940,S0005,meesho,SNEAKER-MAR-7,3,C01432,2026-09-01T09:05:57.209Z,6837.15,delivered
MSH617454646,S0001,meesho,HOODIE-GRN-XL,3,C02504,2026-09-25T23:09:22.506Z,4965.30,shipped
OD374572782331,S0002,flipkart,TSHIRT-PNK-XL,1,C02202,2026-08-27T02:21:15.830Z,246.05,confirmed
OD597266649823,S0010,flipkart,SAREE-WHT-FREE,4,C01045,2026-09-05T09:23:25.530Z,7636.00,delivered
234-6127737-6405604,S0001,amazon,HOODIE-PNK-M,2,C00158,2026-09-19T11:18:45.321Z,3198.00,delivered
656-4507224-3519997,S0045,amazon,WATCH-BLK-FREE,1,C00148,2026-07-16T17:36:31.545Z,2987.10,delivered
MYN0360406235,S0041,myntra,TSHIRT-RED-L,2,C01951,2026-09-18T07:34:29.974Z,952.20,delivered
OD547336548397,S0002,flipkart,TSHIRT-GRN-M,1,C00493,2026-09-07T14:55:19.314Z,464.55,delivered
MSH839336324,S0001,meesho,HOODIE-GRN-XL,1,C01118,2026-08-03T08:51:18.510Z,1839.00,shipped
MSH829993542,S0010,meesho,SAREE-GRN-FREE,2,C00052,2026-09-21T11:56:13.894Z,2938.00,delivered
MSH065488621,S0001,meesho,HOODIE-PNK-M,2,C00462,2026-08-08T21:02:54.619Z,3198.00,delivered
889-3886969-1541772,S0008,amazon,JEANS-BLU-34,1,C01635,2026-09-07T17:44:22.473Z,1424.05,delivered
748-1342263-5556570,S0028,amazon,JEANS-PNK-32,4,C01261,2026-08-01T04:19:16.811Z,5236.00,delivered
MSH034477479,S0001,meesho,TSHIRT-WHT-XL,2,C01796,2026-07-21T09:26:07.994Z,958.00,delivered
MSH530524606,S0002,meesho,HOODIE-YEL-M,1,C02475,2026-08-14T01:08:17.550Z,1034.10,delivered
455-7412223-0795647,S0001,amazon,HOODIE-GRN-XL,4,C00551,2026-07-13T23:10:39.272Z,7356.00,delivered
OD887193733226,S0003,flipkart,SAREE-YEL-FREE,1,C02618,2026-08-27T21:28:20.758Z,1224.55,delivered
MSH125279532,S0001,meesho,HOODIE-GRN-XL,1,C02015,2026-09-26T05:15:27.108Z,1839.00,confirmed
MSH792182903,S0001,meesho,HOODIE-GRN-XL,4,C02576,2026-07-24T06:25:29.655Z,7356.00,delivered
805-8993832-2811788,S0001,amazon,HOODIE-GRN-XL,1,C02978,2026-09-10T12:53:14.901Z,1747.05,delivered
MSH678086329,S0007,meesho,JEANS-YEL-30,3,C01708,2026-09-18T12:22:09.011Z,1827.00,delivered
OD883661557293,S0002,flipkart,HOODIE-BLK-L,1,C01193,2026-08-23T18:29:25.892Z,1019.00,delivered
664-4949828-5446164,S0001,amazon,HOODIE-GRN-XL,1,C02312,2026-09-15T21:19:20.721Z,1839.00,delivered
138-4046397-4242340,S0013,amazon,SNEAKER-GRN-8,2,C00989,2026-08-30T15:40:45.944Z,5038.00,delivered
MSH074285364,S0005,meesho,SNEAKER-MAR-7,3,C02551,2026-07-09T15:34:46.625Z,7197.00,pending
MSH479233494,S0005,meesho,SNEAKER-BLK-7,1,C02872,2026-09-26T06:33:46.600Z,2279.00,shipped
281-4030859-5706112,S0023,amazon,SAREE-BLK-FREE,3,C02789,2026-08-03T02:02:37.469Z,5187.00,delivered
OD960028033434,S0010,flipkart,SAREE-PNK-FREE,1,C02126,2026-08-29T17:48:24.162Z,1869.00,delivered
154-3807033-9437162,S0001,amazon,HOODIE-PNK-M,1,C01958,2026-08-09T09:02:04.989Z,1519.05,delivered
048-7976652-8275489,S0001,amazon,HOODIE-PNK-M,5,C02258,2026-09-23T12:45:08.959Z,7595.25,shipped
925-3360917-5392775,S0001,amazon,TSHIRT-GRN-L,1,C02930,2026-07-19T19:47:14.436Z,440.10,confirmed
474-2419082-6192039,S0016,amazon,HANDBAG-RED-FREE,1,C02457,2026-09-01T09:58:26.095Z,445.55,delivered
MSH170814051,S0001,meesho,HOODIE-GRN-XL,1,C01526,2026-09-27T23:05:49.565Z,1839.00,delivered
MYN2313369694,S0006,myntra,SNEAKER-YEL-10,1,C02553,2026-08-13T09:42:34.061Z,2123.10,confirmed
MYN6231685016,S0046,myntra,HOODIE-PNK-L,3,C00478,2026-09-28T05:39:43.722Z,5397.00,pending
498-7289049-6482310,S0001,amazon,HOODIE-PNK-M,2,C01939,2026-08-26T17:43:13.768Z,3038.10,delivered
MYN9134254946,S0019,myntra,WATCH-GRN-FREE,4,C02591,2026-09-28T23:26:15.469Z,9916.00,confirmed
MYN5648126776,S0003,myntra,KURTI-BLK-L,3,C02182,2026-07-17T15:37:09.293Z,2307.00,confirmed
MYN0758813508,S0034,myntra,HANDBAG-BLK-FREE,1,C00126,2026-09-18T20:09:52.848Z,709.00,delivered
181-5011818-9782813,S0001,amazon,HOODIE-GRN-XL,1,C00302,2026-07-10T17:11:45.451Z,1839.00,delivered
776-8135205-5225492,S0001,amazon,,2,C01522,2026-08-12T16:11:38.524Z,978.00,cancelled
OD718572674707,S0002,flipkart,TSHIRT-PNK-M,5,C02988,2026-08-14T00:50:18.673Z,3055.50,returned
MYN3951479084,S0019,myntra,WATCH-PNK-FREE,2,C02117,2026-07-21T00:58:00.512Z,6287.10,confirmed
OD771303245584,S0015,flipkart,SAREE-GRN-FREE,1,C02291,2026-08-28T14:28:03.641Z,2069.10,delivered
466-5496524-6325912,S0025,amazon,SNEAKER-PNK-7,1,C02233,2026-09-21T03:13:41.350Z,2839.55,shipped
OD210078108382,S0002,flipkart,HOODIE-BLK-L,1,C02225,2026-07-12T21:29:09.949Z,968.05,returned
MSH306706466,S0005,meesho,SNEAKER-MAR-7,1,C02490,2026-08-04T14:33:24.220Z,2159.10,delivered
MSH184959810,S0001,meesho,TSHIRT-GRN-L,1,C00905,2026-07-21T16:52:33.802Z,489.00,cancelled
OD090014461076,S0038,flipkart,TSHIRT-WHT-S,1,C01921,2026-09-16T10:16:44.846Z,616.55,pending
OD683937994046,S0010,flipkart,SAREE-GRN-FREE,1,C01211,2026-08-28T22:25:04.034Z,1322.10,pending
OD543985313295,S0031,flipkart,SNEAKER-RED-8,1,C01463,2026-08-15T06:52:08.766Z,1224.55,shipped
MSH046987668,S0005,meesho,SNEAKER-RED-10,1,C00008,2026-08-22T14:06:01.621Z,1919.00,delivered
MYN8181083031,S0006,myntra,,3,C00582,2026-10-02T17:42:33.727Z,6723.15,cancelled
MSH461503280,S0009,meesho,HANDBAG-YEL-FREE,3,C02598,2026-07-26T22:25:21.987Z,2427.00,delivered
OD025111469665,S0024,flipkart,JEANS-BLU-30,2,C00182,2026-08-16T10:16:31.934Z,2858.00,delivered
MYN6654303318,S0047,myntra,KURTI-BLU-L,1,C01112,2026-08-07T18:05:02.994Z,379.00,shipped
642-1987581-6145654,S0001,amazon,TSHIRT-GRN-L,2,C00488,2026-09-13T19:25:19.284Z,978.00,shipped
MSH887314735,S0009,meesho,HANDBAG-PNK-FREE,1,C00343,2026-09-08T05:18:26.286Z,1069.00,delivered
MSH905329458,S0010,meesho,SAREE-WHT-FREE,3,C01034,2026-08-23T18:49:08.410Z,5440.65,delivered
928-7850525-4713340,S0048,amazon,HOODIE-BLK-L,1,C02603,2026-08-24T12:50:48.690Z,1160.10,delivered
691-5125852-0164324,S0001,amazon,TSHIRT-WHT-XL,5,C01505,2026-09-24T01:46:16.121Z,2395.00,delivered
490-8576306-5165493,S0025,amazon,SNEAKER-PNK-7,5,C02761,2026-09-21T03:48:28.528Z,14945.00,pending
726-3090174-8968633,S0001,amazon,HOODIE-GRN-XL,3,C02836,2026-08-21T07:35:11.501Z,4965.30,cancelled
MYN4725260763,S0003,myntra,SAREE-MAR-FREE,3,C02590,2026-08-20T21:32:53.306Z,4767.00,delivered
OD738795411953,S0003,flipkart,SAREE-YEL-FREE,2,C01851,2026-08-20T10:35:37.853Z,2449.10,delivered
MSH737686739,S0011,meesho,KURTI-BLU-M,1,C00530,2026-07-23T12:59:40.684Z,665.10,pending
725-8724692-6271035,S0001,amazon,HOODIE-GRN-XL,4,C00995,2026-07-22T19:55:57.062Z,7356.00,shipped
MSH279229392,S0001,meesho,HOODIE-GRN-XL,1,C00012,2026-09-15T18:24:10.102Z,1839.00,pending
OD023296167933,S0002,flipkart,TSHIRT-WHT-M,5,C01455,2026-07-18T04:29:16.036Z,1975.50,confirmed
MSH326119501,S0001,meesho,TSHIRT-WHT-XL,3,C00211,2026-08-27T13:07:50.765Z,1293.30,shipped
MYN2617599604,S0035,myntra,TSHIRT-GRN-L,1,C00374,2026-08-15T08:07:37.284Z,479.00,delivered
150-8808122-2195537,S0013,amazon,SNEAKER-WHT-7,1,C01198,2026-07-22T08:22:57.579Z,2519.10,delivered
008-3391096-9401951,S0009,amazon,HANDBAG-GRN-FREE,1,C01553,2026-07-30T14:53:35.207Z,502.55,confirmed
MSH080515234,S0005,meesho,SNEAKER-BLK-9,3,C00029,2026-07-30T23:37:36.700Z,3750.30,delivered
MSH951202980,S0036,meesho,HOODIE-GRN-L,1,C00325,2026-07-17T03:04:49.215Z,1069.00,cancelled
MSH617282227,S0001,meesho,TSHIRT-WHT-XL,4,C00767,2026-09-27T11:08:53.594Z,1916.00,returned
418-3048262-9815061,S0040,amazon,JEANS-PNK-32,1,C01879,2026-08-02T11:27:34.518Z,616.55,returned
OD217824964616,S0036,flipkart,HOODIE-GRN-XL,1,C00601,2026-07-15T16:33:45.461Z,1879.00,delivered
MYN3102956632,S0008,myntra,JEANS-BLU-34,3,C01858,2026-08-22T03:25:20.975Z,4497.00,confirmed
MYN3836613502,S0047,myntra,WATCH-WHT-FREE,5,C02804,2026-07-10T23:47:35.607Z,7345.00,delivered
MYN4249738719,S0015,myntra,SAREE-PNK-FREE,2,C00652,2026-08-11T08:21:42.100Z,1598.00,returned
708-5614879-7848168,S0035,amazon,TSHIRT-GRN-L,2,C00719,2026-09-06T12:46:15.025Z,958.00,delivered
849-4851082-1017561,S0008,amazon,JEANS-YEL-32,1,C01350,2026-08-06T03:57:31.168Z,1799.00,delivered
033-3005724-6648367,S0001,amazon,TSHIRT-GRN-L,2,C01053,2026-09-14T05:56:10.213Z,978.00,delivered
OD579123766128,S0002,flipkart,HOODIE-YEL-M,1,C00030,2026-08-19T14:40:41.898Z,1149.00,pending
MSH453223966,S0009,snapdeal,HANDBAG-RED-FREE,2,C02692,2026-08-07T02:05:53.781Z,1690.20,delivered
MYN5640775244,S0003,myntra,SAREE-MAR-FREE,1,C00784,2026-09-25T00:16:36.580Z,1589.00,delivered
533-7933498-5526621,S0001,amazon,HOODIE-PNK-M,1,C02626,2026-10-01T16:14:41.602Z,1599.00,delivered
043-7026695-0990995,S0027,amazon,SAREE-WHT-FREE,2,C00549,2026-07-29T07:37:16.503Z,3292.20,delivered
MSH376217787,S0016,meesho,HANDBAG-BLK-FREE,2,C00490,2026-08-21T08:42:01.657Z,2158.00,delivered
OD663019228045,S0003,flipkart,SAREE-YEL-FREE,2,C01071,2026-08-08T10:05:55.267Z,2578.00,delivered
MSH875509595,S0001,meesho,HOODIE-GRN-XL,1,C00378,2026-09-03T14:58:24.374Z,1839.00,delivered
MYN8845012760,S0003,myntra,KURTI-YEL-L,1,C02539,2026-09-16T10:07:38.810Z,569.00,cancelled
OD166923476208,S0002,flipkart,TSHIRT-WHT-M,2,C01151,2026-08-14T19:14:54.115Z,878.00,delivered
MSH136648923,S0002,meesho,TSHIRT-GRN-M,1,C02388,2026-09-09T10:53:23.224Z,440.10,delivered
OD502065285099,S0002,flipkart,HOODIE-YEL-M,2,C01943,2026-09-16T20:21:51.182Z,2298.00,delivered
MYN0990352508,S0029,myntra,SNEAKER-RED-7,1,C01519,2026-09-13T04:34:52.137Z,2582.10,delivered
490-0692221-0632821,S0001,amazon,HOODIE-GRN-XL,1,C00572,2026-09-16T00:26:05.054Z,1839.00,delivered
MYN0615788222,S0029,myntra,SNEAKER-RED-9,3,C02434,2026-08-23T03:23:35.791Z,8787.00,delivered
MSH732683459,S0012,meesho,KURTI-BLU-XL,1,C01677,2026-08-30T20:59:59.053Z,816.05,delivered
230-5234043-2319844,S0001,amazon,HOODIE-GRN-XL,1,C01189,2026-08-17T16:31:44.113Z,1839.00,delivered
OD433961960437,S0014,flipkart,KURTI-RED-M,1,C02504,2026-07-31T19:53:23.805Z,749.00,delivered
OD224022342940,S0002,flipkart,HOODIE-BLK-L,1,C01894,2026-07-08T01:36:46.870Z,968.05,shipped
MYN6633768896,S0043,myntra,HANDBAG-YEL-FREE,2,C00289,2026-09-15T11:57:31.937Z,2638.00,shipped
OD320027363120,S0010,flipkart,SAREE-WHT-FREE,1,C01177,2026-10-02T01:27:43.010Z,1718.10,delivered
MSH284201011,S0007,meesho,JEANS-BLK-34,1,C02393,2026-09-06T20:42:16.704Z,787.55,delivered
MYN2556878824,S0049,myntra,SNEAKER-GRN-8,2,C01300,2026-09-01T12:25:22.689Z,2734.20,delivered
MYN3798659289,S0019,myntra,WATCH-BLK-FREE,3,C02631,2026-08-08T21:44:06.378Z,3966.30,pending
OD888837419040,S0003,flipkart,KURTI-BLK-L,3,C00097,2026-09-29T22:17:52.545Z,2076.30,confirmed
245-6243355-0619161,S0050,amazon,WATCH-RED-FREE,1,C02542,2026-07-18T10:35:47.463Z,2309.00,shipped
450-8828514-0869381,S0001,amazon,HOODIE-GRN-XL,4,C00864,2026-08-22T18:05:18.114Z,7356.00,delivered
090-1606556-2362424,S0012,amazon,KURTI-BLU-XL,1,C02375,2026-07-15T23:51:15.578Z,859.00,delivered
MYN8713742586,S0049,myntra,SNEAKER-BLK-8,4,C00211,2026-07-16T16:36:11.944Z,10148.40,returned
OD505500686519,S0003,flipkart,SAREE-MAR-FREE,2,C01138,2026-09-08T06:41:41.621Z,2860.20,delivered
MYN7298963010,S0006,myntra,SNEAKER-YEL-10,1,C02763,2026-10-01T03:25:44.731Z,2359.00,delivered
OD687704938128,S0050,flipkart,WATCH-WHT-FREE,1,C01286,2026-09-04T10:16:02.901Z,3409.00,delivered
MYN1287936801,S0006,myntra,SNEAKER-GRN-7,1,C01512,2026-08-03T09:54:57.283Z,839.00,delivered
988-5364431-0716668,S0023,amazon,SAREE-BLU-FREE,1,C01187,2026-07-18T21:30:19.562Z,2479.00,delivered
MYN6572005754,S0016,myntra,HANDBAG-PNK-FREE,1,C01503,2026-09-06T16:45:23.136Z,521.55,delivered
OD086543429794,S0003,flipkart,KURTI-WHT-XL,5,C00569,2026-08-11T15:51:21.816Z,2020.50,delivered
323-0608201-3097843,S0009,amazon,HANDBAG-RED-FREE,3,C01270,2026-07-10T02:23:57.548Z,2676.15,delivered
MSH378764562,S0027,meesho,SAREE-WHT-FREE,2,C01784,2026-09-21T12:51:33.902Z,3292.20,pending
324-8115323-3322896,S0040,amazon,JEANS-GRN-34,1,C01733,2026-07-25T03:46:49.123Z,1139.00,shipped
MYN0063290757,S0049,myntra,SNEAKER-BLU-7,1,C02754,2026-08-31T20:19:39.272Z,1224.55,delivered
MYN3339902803,S0014,myntra,WATCH-YEL-FREE,1,C00958,2026-09-13T23:04:19.649Z,1969.00,cancelled
OD836486732295,S0017,flipkart,KURTI-WHT-XL,3,C01149,2026-08-15T11:52:08.240Z,1536.30,shipped
600-7274215-3770023,S0009,amazon,HANDBAG-MAR-FREE,1,C01699,2026-08-30T19:09:36.170Z,739.00,pending
OD323687927697,S0002,flipkart,HOODIE-MAR-L,1,C00979,2026-09-05T06:30:59.299Z,1019.00,delivered
MSH583487826,S0002,meesho,TSHIRT-WHT-M,1,C01732,2026-08-07T09:20:49.175Z,439.00,delivered
591-0605145-6353670,S0031,amazon,HOODIE-BLU-L,2,C02898,2026-08-16T04:28:22.691Z,2978.00,returned
MSH437151079,S0002,meesho,HOODIE-YEL-M,1,C01394,2026-09-13T06:17:48.197Z,1034.10,shipped
MSH029486791,S0007,meesho,JEANS-BLU-36,5,C00306,2026-09-22T23:13:26.289Z,5595.00,delivered
OD985599017616,S0002,flipkart,HOODIE-YEL-M,3,C01105,2026-07-06T00:49:38.408Z,3102.30,delivered
OD676716200632,S0002,flipkart,TSHIRT-PNK-XL,2,C00599,2026-07-20T14:29:19.640Z,518.00,delivered
OD163784739780,S0025,flipkart,SNEAKER-PNK-7,1,C00041,2026-08-26T07:58:31.399Z,2839.55,delivered
497-2218071-7007172,S0009,amazon,HANDBAG-GRN-FREE,5,C01404,2026-10-01T18:49:11.302Z,2645.00,delivered
762-3048698-3615423,S0001,amazon,HOODIE-GRN-XL,4,C02843,2026-09-23T19:35:55.788Z,7356.00,delivered
OD951243195938,S0002,flipkart,HOODIE-BLK-L,2,C00065,2026-08-09T11:31:15.172Z,2038.00,delivered
OD500394960297,S0002,flipkart,TSHIRT-GRN-M,4,C00066,2026-09-01T19:34:53.358Z,1858.20,delivered
342-2147132-1107751,S0001,amazon,TSHIRT-GRN-L,1,C00124,2026-09-23T09:52:05.628Z,464.55,delivered
MYN1453619377,S0040,myntra,JEANS-PNK-32,2,C01591,2026-09-04T12:43:05.022Z,1298.00,delivered
OD203531916897,S0002,flipkart,HOODIE-YEL-M,3,C00650,2026-07-22T15:52:12.927Z,3447.00,delivered
OD226246620028,S0048,flipkart,HOODIE-YEL-XL,1,C00473,2026-09-07T04:03:28.781Z,1749.00,returned
110-2367311-0638660,S0001,amazon,TSHIRT-WHT-XL,1,C00564,2026-09-18T17:08:27.519Z,431.10,returned
MYN5457183258,S0029,myntra,WATCH-BLK-FREE,3,C02762,2026-10-02T09:03:15.478Z,3837.00,delivered
803-1899417-8782066,S0023,amazon,SAREE-MAR-FREE,2,C02432,2026-09-14T05:28:50.462Z,4318.00,delivered
OD777549235099,S0035,flipkart,TSHIRT-WHT-XL,1,C00099,2026-09-21T04:38:58.884Z,589.00,delivered
MYN6556474894,S0043,myntra,HANDBAG-MAR-FREE,1,C02430,2026-08-19T18:11:27.379Z,935.10,returned
MSH015993981,S0005,meesho,SNEAKER-MAR-7,1,C02934,2026-08-22T23:41:52.987Z,2399.00,delivered
OD218492513461,S0002,flipkart,HOODIE-BLK-L,4,C00911,2026-09-23T23:09:24.873Z,3872.20,shipped
MYN1393586012,S0048,myntra,HOODIE-BLK-L,2,C00768,2026-07-21T17:45:09.735Z,2320.20,shipped
MSH431492207,S0002,meesho,HOODIE-YEL-M,1,C01575,2026-07-28T19:13:59.618Z,1149.00,delivered
249-5540872-5304443,S0004,amazon,KURTI-YEL-XL,1,C02690,2026-07-28T00:56:08.557Z,609.00,shipped
OD414021667429,S0018,flipkart,JEANS-MAR-32,1,C01979,2026-08-01T00:25:21.147Z,839.00,delivered
MSH305977775,S0029,meesho,SNEAKER-PNK-7,4,C02107,2026-09-01T13:30:20.870Z,10156.00,delivered
433-1922326-9096753,S0004,amazon,KURTI-BLU-S,1,C02279,2026-08-06T11:09:48.643Z,829.00,delivered
OD800080932193,S0002,flipkart,HOODIE-YEL-M,1,C00871,2026-08-26T07:04:37.348Z,1034.10,delivered
OD018678851617,S0036,flipkart,HOODIE-GRN-XL,4,C02559,2026-08-09T07:01:45.603Z,7516.00,delivered
934-1442657-2048660,S0004,amazon,KURTI-PNK-M,2,C02304,2026-09-08T20:02:52.516Z,698.00,delivered
MSH734494031,S0002,meesho,TSHIRT-WHT-M,1,C00164,2026-07-09T20:58:24.795Z,439.00,delivered
MYN2382229711,S0050,myntra,WATCH-BLU-FREE,1,C01632,2026-08-24T15:40:14.972Z,2009.00,delivered
MSH112969753,S0007,meesho,JEANS-YEL-30,1,C00450,2026-09-27T19:16:50.565Z,609.00,delivered
696-5388501-0918019,S0012,amazon,KURTI-BLU-S,2,C00772,2026-07-27T10:19:16.845Z,1258.00,cancelled
OD996659576534,S0010,flipkart,SAREE-WHT-FREE,1,C01876,2026-07-29T05:04:07.238Z,1718.10,pending
MSH222899803,S0007,meesho,JEANS-BLU-36,1,C02532,2026-07-27T13:24:41.067Z,1119.00,delivered
287-4170268-1870325,S0001,amazon,TSHIRT-WHT-XL,4,C01410,2026-09-11T11:04:51.117Z,1820.20,delivered
OD448256923273,S0010,flipkart,SAREE-YEL-FREE,1,C02234,2026-07-16T22:40:53.909Z,664.05,delivered
MSH174334641,S0007,meesho,JEANS-BLU-36,1,C01999,2026-08-24T11:53:37.259Z,1119.00,cancelled
480-4709941-4036695,S0008,amazon,JEANS-YEL-32,1,C01572,2026-08-21T01:14:00.034Z,1709.05,delivered
MSH761914951,S0005,meesho,SNEAKER-BLU-8,4,C00729,2026-07-08T03:46:55.820Z,10484.20,delivered
OD794753426169,S0002,flipkart,TSHIRT-WHT-M,1,C00587,2026-09-27T06:17:28.296Z,439.00,delivered
MYN4509152669,S0035,myntra,TSHIRT-BLK-M,4,C00128,2026-09-17T03:23:27.859Z,2756.00,delivered
MYN9077825026,S0035,myntra,TSHIRT-WHT-XL,4,C00992,2026-08-07T04:36:47.584Z,2120.40,pending
217-9720516-5578492,S0031,amazon,HOODIE-RED-XL,2,C00072,2026-08-08T13:10:39.842Z,2778.00,delivered
MSH496529186,S0002,meesho,TSHIRT-WHT-M,1,C01110,2026-09-04T10:43:26.472Z,439.00,pending
OD512684292363,S0010,flipkart,SAREE-WHT-FREE,4,C02040,2026-08-22T13:45:56.846Z,7636.00,delivered
MYN6575199325,S0019,myntra,WATCH-GRN-FREE,1,C00440,2026-08-05T23:29:04.932Z,2479.00,delivered
108-0005735-4165767,S0050,amazon,WATCH-GRN-FREE,2,C02731,2026-08-08T21:15:46.484Z,952.20,delivered
MSH679559005,S0030,meesho,JEANS-PNK-34,1,C02091,2026-08-19T04:02:19.244Z,917.10,delivered
813-2736612-6148393,S0001,amazon,TSHIRT-GRN-L,3,C00709,2026-10-02T21:31:35.749Z,1467.00,delivered
259-7892012-0502761,S0027,amazon,SAREE-WHT-FREE,1,C02980,2026-07-30T02:20:31.246Z,1646.10,pending
MYN8024246109,S0047,myntra,WATCH-YEL-FREE,1,C02268,2026-07-19T22:27:32.994Z,3009.00,confirmed
OD062854004620,S0024,flipkart,JEANS-GRN-30,1,C02857,2026-08-16T06:58:38.475Z,989.00,confirmed
MSH857569500,S0001,meesho,TSHIRT-PNK-XL,3,C01289,2026-10-02T08:11:44.941Z,996.30,delivered
MSH946985552,S0036,meesho,HOODIE-GRN-XL,1,C00391,2026-09-15T17:09:38.630Z,1879.00,delivered
OD619659165459,S0002,flipkart,HOODIE-MAR-XL,2,C01512,2026-07-18T08:09:44.103Z,1878.00,delivered
MSH036261712,S0021,meesho,SNEAKER-BLK-8,5,C01571,2026-08-09T12:44:54.456Z,4982.75,delivered
MYN9294557663,S0019,myntra,WATCH-WHT-FREE,1,C00767,2026-09-14T16:29:29.813Z,2479.00,confirmed
MSH978712837,S0039,meesho,HANDBAG-BLK-FREE,1,C02718,2026-08-19T00:05:10.028Z,809.00,cancelled
900-3676178-5196702,S0001,amazon,TSHIRT-PNK-XL,1,C02169,2026-09-22T16:45:50.825Z,350.55,delivered
307-2465009-4623241,S0001,amazon,HOODIE-GRN-XL,1,C00002,2026-07-22T13:46:15.065Z,1839.00,pending
MSH154536810,S0002,meesho,HOODIE-YEL-M,1,C02042,2026-10-03T01:32:07.411Z,1149.00,delivered
522-2383331-9754900,S0020,amazon,JEANS-PNK-34,1,C01260,2026-09-20T13:03:48.007Z,1039.00,delivered
MSH467262762,S0026,meesho,WATCH-MAR-FREE,1,C02266,2026-08-21T23:07:35.576Z,2669.00,confirmed
MYN9689796310,S0038,myntra,SNEAKER-PNK-8,1,C02493,2026-09-27T12:40:57.594Z,1319.00,returned
MYN9927862935,S0008,myntra,JEANS-BLK-36,2,C01944,2026-07-08T15:41:44.551Z,1438.20,delivered
MSH016889275,S0009,meesho,HANDBAG-RED-FREE,2,C02432,2026-09-09T02:13:42.988Z,1784.10,delivered
OD414511013600,S0002,flipkart,HOODIE-YEL-M,3,C02222,2026-08-13T05:30:55.715Z,3102.30,delivered
MYN2405263848,S0003,myntra,KURTI-YEL-L,1,C00257,2026-07-18T05:57:59.715Z,540.55,delivered
MSH321691435,S0007,meesho,JEANS-BLU-36,2,,2026-09-23T10:53:42.376Z,2238.00,delivered
MYN9293382199,S0029,myntra,SNEAKER-YEL-8,2,C00221,2026-09-30T10:39:08.005Z,4498.00,delivered
MYN9276113219,S0003,myntra,KURTI-BLK-M,1,C01540,2026-08-03T01:30:17.046Z,779.00,delivered
MYN4863027181,S0006,myntra,SNEAKER-RED-10,3,C02414,2026-09-24T05:15:14.518Z,8907.00,cancelled
MSH253887116,S0001,meesho,HOODIE-GRN-XL,3,C01691,2026-07-16T14:22:25.275Z,5517.00,delivered
MYN6604502646,S0040,myntra,JEANS-PNK-32,1,C00031,2026-09-30T04:36:22.745Z,584.10,delivered
OD182898929198,S0003,flipkart,KURTI-YEL-M,2,C02167,2026-09-13T05:15:49.953Z,658.00,delivered
MSH129310666,S0040,meesho,SAREE-YEL-FREE,1,C01346,2026-08-15T16:04:01.817Z,1916.10,delivered
MYN7203673970,S0037,myntra,JEANS-PNK-36,1,C01012,2026-09-26T08:57:13.016Z,863.55,delivered
OD706848929341,S0021,flipkart,SNEAKER-BLK-8,3,C02240,2026-07-16T07:15:47.971Z,3147.00,pending
OD839930683962,S0010,flipkart,SAREE-GRN-FREE,4,C01454,2026-08-08T22:33:26.541Z,5582.20,delivered
628-2363506-4547585,S0001,amazon,TSHIRT-PNK-XL,1,C01601,2026-08-28T15:28:53.919Z,369.00,delivered
MSH451456377,S0036,meesho,HOODIE-GRN-XL,1,C00661,2026-07-14T06:53:43.761Z,1879.00,delivered
MSH127545670,S0002,meesho,HOODIE-BLK-L,1,C00206,2026-08-06T09:44:48.863Z,1019.00,delivered
MYN3241697306,S0019,myntra,WATCH-BLK-FREE,1,C00747,2026-09-21T04:30:08.231Z,1469.00,delivered
OD965555364306,S0025,flipkart,SNEAKER-BLU-7,3,C00855,2026-08-31T05:18:52.380Z,7167.00,delivered
MSH357602704,S0001,meesho,TSHIRT-WHT-XL,1,C01794,2026-07-12T04:02:41.542Z,455.05,delivered
MYN6238465639,S0003,myntra,KURTI-PNK-XL,3,C02714,2026-09-21T01:34:26.665Z,2248.65,shipped
801-6860606-2765097,S0022,amazon,HOODIE-PNK-XL,1,C02326,2026-08-11T10:28:09.510Z,944.10,delivered
059-2743617-7800118,S0001,amazon,TSHIRT-WHT-XL,1,C01442,2026-08-03T18:13:06.968Z,455.05,shipped
578-8644081-5567522,S0001,amazon,HOODIE-PNK-M,1,C00930,2026-07-23T19:21:41.938Z,1599.00,delivered
MYN6251829132,S0008,myntra,JEANS-YEL-32,1,C01256,2026-09-13T11:20:13.243Z,1709.05,confirmed
MSH046857679,S0001,meesho,TSHIRT-PNK-XL,1,C01836,2026-09-30T19:18:49.242Z,332.10,delivered
MSH696617935,S0009,meesho,HANDBAG-BLK-FREE,4,C00069,2026-08-03T19:34:12.967Z,4876.00,delivered
MSH247854228,S0007,meesho,HOODIE-BLK-XL,1,C02392,2026-07-08T16:53:23.754Z,1479.00,delivered
MSH802625099,S0036,meesho,HOODIE-BLU-L,1,C00386,2026-08-12T09:59:23.219Z,879.00,delivered
OD969522731318,S0003,flipkart,SAREE-MAR-FREE,5,C01154,2026-09-22T05:17:44.080Z,7945.00,pending
OD443906483641,S0028,flipkart,JEANS-YEL-34,1,C01695,2026-07-11T00:05:08.094Z,1339.00,delivered
590-9657192-9086868,S0013,amazon,SNEAKER-BLK-8,1,C00082,2026-09-23T02:25:12.326Z,1139.00,pending
MSH521518226,S0002,meesho,HOODIE-YEL-M,3,C02717,2026-09-05T16:00:01.013Z,3447.00,returned
OD775935939090,S0015,flipkart,SAREE-PNK-FREE,3,C01003,2026-10-02T22:10:16.064Z,2397.00,pending
408-8129724-7880177,S0012,amazon,KURTI-WHT-L,3,C00685,2026-09-29T19:28:58.224Z,1527.00,delivered
570-5998994-0119581,S0009,amazon,HANDBAG-BLU-FREE,1,C01178,2026-09-29T03:31:16.851Z,1479.00,delivered
MYN9593126324,S0003,myntra,KURTI-WHT-XL,1,C00278,2026-09-21T18:34:23.376Z,404.10,returned
897-0776915-9192000,S0001,amazon,TSHIRT-GRN-L,1,C02136,2026-08-19T17:23:19.896Z,464.55,delivered
116-2660994-5633457,S0023,amazon,SAREE-BLK-FREE,2,C01089,2026-07-25T15:41:52.511Z,3112.20,pending
OD804092081077,S0002,flipkart,HOODIE-YEL-M,2,C00075,2026-07-31T03:12:48.125Z,2298.00,delivered
OD334058660666,S0003,flipkart,KURTI-PNK-XL,2,C01655,2026-09-28T03:10:00.036Z,1578.00,delivered
MYN1514473133,S0003,myntra,SAREE-MAR-FREE,2,C00285,2026-07-31T21:13:53.808Z,3019.107,delivered
MSH640354155,S0030,meesho,JEANS-PNK-34,1,C00238,2026-08-28T16:15:42.298Z,917.10,delivered
MSH578157013,S0026,meesho,WATCH-GRN-FREE,5,C01506,2026-07-23T17:00:48.129Z,3545.00,delivered
OD320032162237,S0036,flipkart,HOODIE-GRN-L,3,C00560,2026-09-01T11:08:42.973Z,3207.00,pending
OD363299616527,S0017,flipkart,SAREE-MAR-FREE,1,C02902,2026-08-04T15:32:35.697Z,2070.05,pending
OD207401186772,S0002,flipkart,TSHIRT-PNK-XL,2,C01413,2026-07-19T10:20:11.356Z,518.00,delivered
MSH227360723,S0007,meesho,HOODIE-YEL-M,1,C00908,2026-08-30T19:09:20.987Z,719.00,delivered
MSH773945679,S0001,meesho,TSHIRT-PNK-XL,1,C00277,2026-07-22T13:41:18.657Z,369.00,returned
MSH861134136,S0005,meesho,SNEAKER-MAR-7,4,C01442,2026-08-12T20:47:09.629Z,8636.40,returned
OD605206987395,S0003,flipkart,KURTI-YEL-L,2,C02002,2026-07-27T12:19:32.597Z,1081.10,confirmed
MSH678034674,S0007,meesho,HOODIE-WHT-L,4,C02622,2026-08-15T10:27:48.576Z,4596.00,delivered
MYN1042493873,S0006,myntra,SNEAKER-WHT-8,2,C02050,2026-07-24T15:31:39.962Z,2898.00,pending
OD235416421680,S0010,flipkart,SAREE-YEL-FREE,1,C02823,2026-08-18T11:24:23.646Z,664.05,delivered
194-2868646-3769033,S0022,amazon,HOODIE-BLK-XL,5,C01092,2026-09-20T13:31:13.674Z,6695.00,shipped
689-3418014-3688945,S0048,amazon,HOODIE-YEL-M,3,C01543,2026-08-04T17:58:13.359Z,2457.00,delivered
MYN9285866535,S0033,myntra,TSHIRT-RED-M,1,C01657,2026-09-24T07:05:23.371Z,635.55,delivered
134-1046218-8320088,S0009,amazon,HANDBAG-PNK-FREE,1,C02778,2026-09-27T09:25:33.516Z,1069.00,delivered
MYN2357680831,S0008,myntra,JEANS-YEL-32,1,C00863,2026-08-19T17:00:29.093Z,1619.10,delivered
MSH686720355,S0009,meesho,HANDBAG-PNK-FREE,1,C00759,2026-08-06T11:45:06.016Z,1069.00,shipped
MYN2588653934,S0044,myntra,HOODIE-WHT-M,2,C02653,2026-08-23T22:52:08.420Z,2500.20,confirmed
900-7888546-1236751,S0043,amazon,HANDBAG-BLU-FREE,1,C02566,2026-08-01T15:15:24.451Z,1189.00,pending
MYN7728553885,S0041,myntra,TSHIRT-RED-L,1,C01893,2026-08-09T03:21:37.122Z,502.55,delivered
OD817051454950,S0002,flipkart,TSHIRT-BLU-XL,1,C02840,2026-08-17T22:33:25.586Z,611.10,delivered
OD857671271560,S0028,flipkart,JEANS-BLU-32,2,C01004,2026-09-03T07:33:18.550Z,2078.00,confirmed
MYN3530226298,S0004,myntra,KURTI-BLU-S,1,C01442,2026-07-29T15:57:34.304Z,829.00,delivered
684-5308362-1509932,S0001,amazon,TSHIRT-WHT-XL,1,C00087,2026-08-19T03:39:00.187Z,479.00,returned
188-1817566-7496859,S0001,amazon,HOODIE-GRN-XL,2,C00740,2026-08-27T07:58:18.203Z,3678.00,pending
MSH680333485,S0005,meesho,SNEAKER-RED-10,1,C02667,2026-08-25T04:12:07.740Z,1823.05,delivered
MSH379708372,S0001,meesho,TSHIRT-WHT-XL,1,C02282,2026-09-04T18:19:27.745Z,431.10,cancelled
OD737820839414,S0002,flipkart,TSHIRT-RED-L,1,C00639,2026-08-01T03:14:43.823Z,479.00,delivered
MYN1731428940,S0015,myntra,SAREE-MAR-FREE,1,C02103,2026-07-08T01:56:45.216Z,2239.00,shipped
775-3953806-1812717,S0032,amazon,WATCH-BLU-FREE,2,C02378,2026-08-11T18:56:25.432Z,3796.20,pending
OD656133739048,S0002,flipkart,HOODIE-YEL-M,2,C02056,2026-08-13T00:18:21.796Z,2068.20,delivered
OD552795585572,S0003,flipkart,SAREE-MAR-FREE,1,C00945,2026-07-25T07:51:52.984Z,1589.00,delivered
751-4165875-1740224,S0009,amazon,HANDBAG-RED-FREE,3,C02216,2026-09-30T02:05:37.636Z,2817.00,delivered
OD011717071708,S0002,flipkart,HOODIE-YEL-M,1,C00729,2026-07-22T13:41:46.955Z,1149.00,delivered
MYN8444938944,S0003,myntra,SAREE-MAR-FREE,1,C00831,2026-07-16T20:45:36.495Z,1589.00,delivered
MSH452260779,S0002,meesho,HOODIE-YEL-M,2,C00110,2026-08-09T23:33:04.918Z,2298.00,cancelled
MSH088147481,S0030,meesho,JEANS-BLU-30,1,C02053,2026-08-07T20:18:08.726Z,593.10,pending
MSH612032541,S0005,meesho,SNEAKER-MAR-7,1,C01652,2026-08-31T04:09:49.996Z,2159.10,cancelled
950-0105778-5723892,S0004,amazon,KURTI-YEL-XL,2,C02897,2026-09-13T05:29:42.459Z,1157.10,confirmed
MSH898476232,S0016,meesho,HANDBAG-YEL-FREE,1,C01763,2026-08-10T16:23:46.250Z,839.00,delivered
MYN9128232023,S0006,myntra,SNEAKER-RED-10,1,C01694,2026-09-16T00:43:20.613Z,2969.00,shipped
MSH503284565,S0011,meesho,KURTI-BLU-M,1,C01999,2026-08-18T13:36:10.564Z,702.05,confirmed
MSH720550803,S0002,meesho,HOODIE-YEL-M,2,C01080,2026-08-09T08:00:04.483Z,2298.00,shipped
OD867333800434,S0025,flipkart,SNEAKER-BLK-8,1,C01306,2026-09-15T09:09:36.677Z,797.05,delivered
MYN9448394778,S0047,myntra,KURTI-BLK-L,2,C00875,2026-09-30T09:48:03.497Z,658.00,delivered
MSH550204927,S0021,meesho,SNEAKER-BLK-8,1,C01477,2026-09-07T05:55:36.418Z,944.10,delivered
MYN3831442139,S0019,myntra,WATCH-BLK-FREE,1,C01097,2026-07-09T00:08:30.418Z,1469.00,returned
625-4933745-6155912,S0050,amazon,WATCH-WHT-FREE,2,C02680,2026-09-28T21:58:04.628Z,6818.00,cancelled
MSH047334419,S0005,meesho,SNEAKER-WHT-10,2,C01473,2026-09-06T06:31:31.059Z,5978.00,shipped
504-3499572-7900603,S0025,amazon,SNEAKER-GRN-7,1,C02597,2026-09-06T00:05:22.471Z,2060.55,pending
OD426673382165,S0010,flipkart,SAREE-YEL-FREE,1,C00298,2026-07-07T14:37:04.056Z,699.00,cancelled
OD624706035565,S0002,flipkart,HOODIE-YEL-M,1,C01589,2026-08-20T10:46:26.530Z,1149.00,delivered
OD536078880809,S0002,flipkart,TSHIRT-WHT-M,1,C00669,2026-09-26T05:53:37.888Z,395.10,cancelled
OD127432362514,S0009,flipkart,HANDBAG-MAR-FREE,3,C02429,2026-08-31T06:19:10.741Z,2217.00,pending
MSH773849441,S0009,meesho,HANDBAG-PNK-FREE,2,C01452,2026-08-16T07:07:44.935Z,1924.20,delivered
MSH948368821,S0001,meesho,HOODIE-GRN-XL,3,C00295,2026-07-30T13:55:09.218Z,5517.00,returned
MSH560229248,S0009,meesho,HANDBAG-BLK-FREE,1,C01490,2026-09-23T08:13:18.055Z,1158.05,delivered
OD989952218376,S0003,flipkart,KURTI-WHT-XL,1,C02736,2026-09-06T02:01:51.054Z,449.00,confirmed
MSH214897508,S0007,meesho,JEANS-BLU-36,1,C02908,2026-09-19T02:10:27.176Z,1119.00,returned
MYN4472152100,S0008,myntra,JEANS-PNK-30,two,C00845,2026-08-17T10:30:47.006Z,3537.00,delivered
615-3866423-1099558,S0001,amazon,TSHIRT-WHT-XL,2,C00175,2026-07-15T05:19:39.713Z,910.10,delivered
MSH174379965,S0005,meesho,SNEAKER-GRN-7,2,C01498,2026-09-05T14:37:17.451Z,4192.20,delivered
MYN5981533889,S0003,myntra,SAREE-MAR-FREE,1,C01659,2026-09-03T09:12:09.688Z,1509.55,confirmed
MSH012589237,S0016,meesho,HANDBAG-PNK-FREE,2,C02165,2026-07-19T15:13:57.845Z,988.20,delivered
MSH382223466,S0001,meesho,HOODIE-GRN-XL,1,C01185,2026-09-03T03:00:15.848Z,1839.00,pending
723-9554078-3107393,S0001,amazon,HOODIE-PNK-M,3,C01760,2026-08-07T09:20:14.111Z,4317.30,confirmed
849-0898285-4504249,S0035,amazon,TSHIRT-GRN-L,3,C01486,2026-10-01T22:15:56.365Z,1365.15,delivered
OD665059565949,S0003,flipkart,SAREE-MAR-FREE,1,C02237,2026-09-18T20:16:00.284Z,1589.00,delivered
OD472418493391,S0008,flipkart,WATCH-YEL-FREE,1,C00481,2026-07-18T09:17:09.064Z,809.00,delivered
MSH029115873,S0001,meesho,HOODIE-GRN-XL,3,C00398,2026-07-17T10:37:38.991Z,5241.15,delivered
587-7076454-6709606,S0001,amazon,HOODIE-GRN-XL,1,C00968,2026-08-22T20:36:28.195Z,1839.00,delivered
MSH578448903,S0007,meesho,JEANS-BLU-36,2,C00516,2026-09-13T22:20:10.138Z,2238.00,shipped
MYN4205454901,S0035,myntra,TSHIRT-GRN-L,1,C01315,2026-08-24T19:13:36.205Z,479.00,delivered
650-7157166-4291374,S0001,amazon,HOODIE-GRN-XL,1,C02785,2026-09-06T17:26:49.105Z,1839.00,returned
746-8272319-0913060,S0012,amazon,KURTI-BLU-XL,2,C01879,2026-09-27T20:57:31.225Z,1632.10,delivered
014-7559414-3477581,S0045,amazon,WATCH-MAR-FREE,2,C01904,2026-08-21T14:13:54.186Z,2506.10,delivered
OD712799869996,S0002,flipkart,HOODIE-YEL-M,4,C01362,2026-07-10T05:06:46.822Z,4136.40,delivered
OD273799580320,S0002,flipkart,TSHIRT-GRN-M,1,C02604,2026-08-21T12:20:08.591Z,464.55,confirmed
546-5470523-4972749,S0004,amazon,KURTI-YEL-XL,4,C02269,2026-08-07T06:37:29.016Z,2436.00,delivered
MSH626989029,S0001,meesho,TSHIRT-WHT-XL,5,C01725,2026-07-21T16:47:53.600Z,2395.00,confirmed
666-0567659-1624895,S0004,amazon,KURTI-YEL-S,1,C02874,2026-09-24T02:10:55.634Z,293.55,delivered
OD451021029281,S0003,flipkart,KURTI-MAR-M,5,C01539,2026-07-14T22:31:12.049Z,2895.00,confirmed
OD345542416307,S0010,flipkart,HANDBAG-RED-FREE,3,C01091,2026-10-02T22:23:08.135Z,1857.00,delivered
MYN6014130891,S0004,myntra,KURTI-PNK-M,1,C02928,2026-08-04T08:15:30.732Z,349.00,delivered
MSH015741699,S0005,meesho,SNEAKER-MAR-7,2,C01984,2026-07-30T01:19:30.616Z,4558.10,delivered
OD308607400719,S0028,flipkart,JEANS-WHT-34,1,C02366,2026-08-14T18:53:04.445Z,626.05,delivered
MYN0336936578,S0008,myntra,JEANS-BLU-34,1,C01571,2026-09-09T00:12:39.912Z,1499.00,delivered
OD829411547187,S0002,flipkart,HOODIE-YEL-M,1,C02490,2026-09-12T23:24:25.696Z,1091.55,delivered
022-9074910-4697547,S0020,amazon,JEANS-PNK-32,1,C01594,2026-09-13T03:42:58.542Z,1609.00,confirmed
MYN2721807198,S0015,myntra,WATCH-BLU-FREE,1,C02962,2026-07-19T01:39:22.066Z,1489.00,delivered
MYN7976900406,S0008,myntra,JEANS-YEL-32,1,C00970,2026-08-22T19:57:10.434Z,1799.00,delivered
OD234335435601,S0037,flipkart,JEANS-MAR-34,3,C00845,2026-09-27T04:18:58.165Z,4527.00,cancelled
654-0336392-5968727,S0022,amazon,HOODIE-PNK-XL,1,C01687,2026-08-23T10:16:00.736Z,996.55,confirmed
MYN3650418882,S0029,myntra,SNEAKER-MAR-10,1,C01797,2026-08-06T15:36:28.721Z,2539.00,delivered
MYN8918102793,S0003,myntra,KURTI-BLK-M,4,C00812,2026-09-16T13:30:17.233Z,3116.00,delivered
MSH258306153,S0001,meesho,TSHIRT-PNK-XL,1,C02639,2026-08-13T11:13:42.110Z,369.00,delivered
756-0561457-6985844,S0009,amazon,HANDBAG-YEL-FREE,1,C00318,2026-08-20T13:02:06.670Z,809.00,shipped
OD647614715497,S0002,flipkart,HOODIE-YEL-M,2,C00353,2026-07-07T11:58:21.400Z,2298.00,delivered
325-0643535-4836185,S0037,amazon,JEANS-BLK-36,1,C00548,2026-07-11T17:04:19.449Z,1119.00,delivered
396-0916040-2474405,S0001,amazon,TSHIRT-WHT-XL,1,C02818,2026-07-16T15:17:25.486Z,479.00,delivered
MYN6123994493,S0004,myntra,KURTI-PNK-M,1,C02008,2026-08-04T22:18:23.625Z,349.00,pending
MYN1420560190,S0006,myntra,SNEAKER-RED-10,1,C02564,2026-09-28T18:42:54.083Z,2969.00,delivered
357-9981487-7190214,S0008,amazon,JEANS-YEL-32,1,C01490,2026-10-03T01:58:27.482Z,1619.10,delivered
222-5867065-0710774,S0001,amazon,HOODIE-GRN-XL,1,C01563,2026-09-05T11:05:50.950Z,1839.00,shipped
MYN4646457897,S0034,myntra,HANDBAG-YEL-FREE,5,C00826,2026-09-16T13:08:51.102Z,5620.50,cancelled
OD827802166901,S0010,flipkart,HANDBAG-RED-FREE,1,C01375,2026-09-13T22:11:08.454Z,619.00,delivered
MSH913613487,S0001,meesho,HOODIE-GRN-XL,5,C01235,2026-08-28T15:53:05.438Z,9195.00,confirmed
MSH995599130,S0002,meesho,TSHIRT-WHT-M,3,C00896,2026-08-25T07:02:28.506Z,1317.00,delivered
MYN4386305568,S0008,myntra,WATCH-PNK-FREE,1,C02715,2026-08-27T05:57:38.375Z,3419.00,returned
MYN9753110889,S0023,myntra,SAREE-BLU-FREE,1,C01801,2026-09-04T03:58:28.165Z,2231.10,cancelled
OD286067328337,S0044,flipkart,HOODIE-WHT-XL,2,C02716,2026-09-28T06:56:19.997Z,1438.20,delivered
505-8742154-5786291,S0008,amazon,JEANS-YEL-32,4,C01421,2026-09-05T00:18:04.983Z,7196.00,delivered
MSH161159748,S0001,meesho,TSHIRT-WHT-XL,3,C01886,2026-09-04T04:09:42.084Z,1437.00,returned
159-9867632-4597545,S0013,amazon,SNEAKER-GRN-8,2,C02391,2026-08-26T12:44:47.193Z,5038.00,delivered
MYN1094428856,S0014,myntra,WATCH-YEL-FREE,2,C00466,2026-09-27T00:13:38.217Z,3938.00,delivered
533-6303806-8868879,S0013,amazon,SNEAKER-BLU-10,1,C01288,2026-08-03T14:20:15.810Z,863.10,shipped
MYN8039652578,S0003,myntra,SAREE-YEL-FREE,1,C02623,2026-07-27T11:25:26.473Z,1289.00,delivered
MYN8507096830,S0040,myntra,SAREE-WHT-FREE,2,C00980,2026-08-07T11:42:31.589Z,4898.00,delivered
OD411875356037,S0002,flipkart,HOODIE-YEL-M,2,C00959,2026-09-10T09:40:05.172Z,2298.00,delivered
676-1607611-6324780,S0044,amazon,HOODIE-PNK-M,2,C02139,2026-07-10T14:54:58.804Z,2563.10,delivered
592-4569632-7943604,S0001,amazon,TSHIRT-WHT-XL,4,C02475,2026-08-09T08:37:05.669Z,1820.20,delivered
MYN8194962338,S0008,myntra,JEANS-BLK-36,1,C02293,2026-08-21T22:46:20.604Z,799.007,delivered
MSH908005571,S0009,meesho,HANDBAG-BLU-FREE,1,C01515,2026-07-26T21:14:40.343Z,1331.10,returned
815-6820605-3677634,S0023,amazon,SAREE-BLK-FREE,1,C02929,2026-08-06T06:22:49.899Z,1642.55,returned
MSH377433967,S0007,meesho,JEANS-BLU-36,2,C01392,2026-07-28T05:14:16.586Z,2238.00,delivered
MYN0302106603,S0003,myntra,KURTI-BLK-L,1,C01676,2026-07-22T12:59:01.715Z,730.55,confirmed
MSH217199621,S0002,meesho,TSHIRT-BLU-XL,2,C00524,2026-07-07T03:17:35.590Z,1358.00,returned
MSH006675530,S0007,meesho,JEANS-BLK-34,1,C02493,2026-08-30T19:23:15.182Z,829.00,delivered
878-9072829-0341063,S0048,amazon,HOODIE-BLK-L,1,C02258,2026-09-09T10:59:19.657Z,1160.10,delivered
738-3632319-6512817,S0020,amazon,SAREE-RED-FREE,1,C01131,2026-09-17T08:50:20.839Z,1489.00,delivered
MYN4037644836,S0047,myntra,WATCH-MAR-FREE,2,C02157,2026-07-25T12:05:42.558Z,4038.00,delivered
787-6163663-7439854,S0001,amazon,TSHIRT-GRN-L,1,C00510,2026-08-11T01:34:26.505Z,464.55,delivered
179-4544233-1756227,S0001,amazon,TSHIRT-WHT-XL,1,C00518,2026-08-29T06:06:34.605Z,431.10,shipped
OD971281234226,S0036,flipkart,JEANS-BLU-36,2,C00231,2026-07-18T22:27:10.833Z,1762.20,delivered
OD896672696396,S0017,flipkart,KURTI-WHT-M,5,C00337,2026-07-07T18:23:18.137Z,3010.50,delivered
MYN9343378853,S0041,myntra,TSHIRT-RED-L,2,C00726,2026-07-29T21:05:08.495Z,1058.00,delivered
MYN9782500263,S0008,myntra,WATCH-PNK-FREE,1,C02925,2026-07-06T00:36:42.775Z,3419.00,delivered
739-5163938-5221623,S0001,amazon,TSHIRT-GRN-L,5,C01115,2026-07-13T02:12:28.116Z,2445.00,shipped
OD837022283645,S0003,flipkart,KURTI-MAR-XL,2,C02198,2026-08-18T06:13:47.648Z,1178.00,delivered
OD778474867330,S0028,flipkart,JEANS-GRN-30,1,C01189,2026-08-09T17:59:34.805Z,683.10,delivered
646-8617933-4342790,S0001,amazon,HOODIE-GRN-XL,3,C00522,2026-08-14T12:54:45.859Z,4965.30,delivered
MSH196965160,S0001,meesho,TSHIRT-WHT-XL,2,C02686,2026-07-18T12:07:37.722Z,862.20,delivered
OD329227412438,S0009,flipkart,HANDBAG-PNK-FREE,1,C02722,2026-07-10T14:42:40.942Z,1069.00,delivered
383-2312578-1216666,S0001,amazon,TSHIRT-PNK-XL,1,C01727,2026-07-30T19:24:42.554Z,332.10,delivered
248-2981691-0991247,S0009,amazon,HANDBAG-RED-FREE,2,C01845,2026-07-18T23:50:24.595Z,1878.00,confirmed
MSH094686547,S0002,meesho,TSHIRT-WHT-M,1,C00561,2026-07-26T20:12:43.590Z,439.00,delivered
OD598632842833,S0003,flipkart,KURTI-YEL-M,3,C00109,2026-08-09T21:16:38.360Z,987.00,delivered
OD682806051020,S0021,flipkart,SNEAKER-WHT-9,1,C02867,2026-09-12T20:09:44.408Z,859.00,delivered
MYN3952735370,S0003,myntra,KURTI-BLK-M,2,C00560,2026-08-10T13:42:20.737Z,1558.00,delivered
MSH828415380,S0002,meesho,HOODIE-YEL-M,1,C02698,2026-07-05T20:03:50.959Z,1149.00,delivered
922-3136010-7111930,S0022,amazon,HOODIE-BLK-XL,2,C01299,2026-08-04T17:36:22.862Z,2678.00,delivered
479-7869013-3516204,S0008,amazon,JEANS-BLK-36,2,C00999,2026-09-26T06:23:39.555Z,1598.00,delivered
887-3019154-6046847,S0009,amazon,HANDBAG-GRN-FREE,1,C00179,2026-09-21T03:36:14.259Z,529.00,delivered
075-1000391-4868813,S0001,amazon,HOODIE-GRN-XL,4,C01130,2026-09-11T18:16:09.254Z,7356.00,delivered
MSH645333152,S0036,meesho,HOODIE-BLU-L,3,C02367,2026-09-06T01:39:16.696Z,2637.00,pending
164-1835718-7943696,S0020,amazon,JEANS-PNK-34,3,C02032,2026-08-09T11:43:07.097Z,2961.15,confirmed
MSH199886094,S0036,meesho,JEANS-WHT-30,1,C02973,2026-07-26T23:59:49.183Z,656.10,cancelled
761-7129189-9995364,S0022,amazon,HOODIE-PNK-XL,2,C01394,2026-08-30T00:27:29.532Z,2098.00,delivered
731-6204543-6989532,S0001,amazon,TSHIRT-GRN-L,1,C00353,2026-09-22T05:26:53.980Z,489.00,delivered
MYN5809567239,S0006,myntra,SNEAKER-YEL-10,2,C00849,2026-07-26T14:32:04.633Z,4718.00,delivered
OD301970806219,S0010,flipkart,HANDBAG-RED-FREE,1,C01573,2026-09-30T17:20:13.753Z,557.10,delivered
MSH667862436,S0002,meesho,HOODIE-BLK-L,4,C00599,2026-08-15T11:17:10.141Z,4076.00,delivered
OD857891676045,S0010,flipkart,SAREE-WHT-FREE,1,C02313,2026-09-14T06:13:13.632Z,1909.00,pending
MYN9142021284,S0008,myntra,JEANS-BLU-34,1,C02195,2026-08-04T22:26:45.502Z,1499.00,delivered
263-3692571-2788795,S0045,amazon,WATCH-PNK-FREE,2,C02046,2026-07-09T09:34:11.573Z,1458.00,delivered
MYN4310242945,S0041,myntra,TSHIRT-YEL-S,1,C00680,2026-10-03T06:32:03.390Z,531.05,delivered
228-0888210-4091942,S0001,amazon,HOODIE-PNK-M,5,C00499,2026-08-12T21:27:30.830Z,7995.00,delivered
OD433270352525,S0002,flipkart,HOODIE-BLK-L,4,C02266,2026-08-30T00:49:55.717Z,4076.00,returned
MSH241610214,S0002,meesho,HOODIE-YEL-M,2,C02412,2026-08-20T14:14:51.471Z,2068.20,delivered
896-0893456-6442086,S0001,amazon,TSHIRT-WHT-XL,1,C01879,2026-07-09T20:23:51.884Z,431.10,delivered
MSH655261067,S0002,meesho,HOODIE-YEL-M,1,C01099,2026-09-21T11:03:08.632Z,1091.55,delivered
MYN8029546551,S0041,myntra,KURTI-RED-XL,4,C01430,2026-09-27T21:09:16.616Z,2076.00,delivered
MYN2866878095,S0006,myntra,SNEAKER-RED-10,1,C02274,2026-08-29T10:50:29.289Z,2672.10,delivered
OD006087162267,S0025,flipkart,SNEAKER-PNK-7,1,C02096,2026-07-07T21:40:17.780Z,2989.00,delivered
788-9624526-9816464,S0001,amazon,HOODIE-GRN-XL,2,C00276,2026-08-10T19:09:33.675Z,3678.00,shipped
MYN0362701895,S0006,myntra,SNEAKER-RED-10,3,C01269,2026-07-28T17:46:24.959Z,8907.00,delivered
MYN4431561743,S0003,myntra,KURTI-PNK-XL,2,C00275,2026-09-10T09:55:51.753Z,1499.10,shipped
MYN2147262140,S0006,myntra,SNEAKER-BLU-7,4,C02156,2026-08-01T22:12:08.050Z,5036.40,delivered
MSH545159614,S0002,meesho,TSHIRT-WHT-M,3,C01284,2026-07-17T17:33:11.890Z,1317.00,delivered
877-0076450-7967032,S0001,amazon,HOODIE-GRN-XL,2,C02294,2026-07-21T12:38:02.917Z,3494.10,cancelled
OD961797281889,S0003,flipkart,KURTI-MAR-M,2,C00867,2026-10-03T08:41:11.265Z,1100.10,delivered
541-0241182-4385372,S0001,amazon,TSHIRT-WHT-XL,1,C02769,2026-08-05T04:13:49.148Z,431.10,delivered
MSH541275068,S0030,meesho,JEANS-PNK-34,2,C02588,2026-07-29T05:04:46.589Z,1936.10,delivered
MSH889966943,S0001,meesho,TSHIRT-PNK-XL,2,C00982,2026-07-31T04:29:40.498Z,738.00,delivered
061-8982714-9052836,S0001,amazon,HOODIE-GRN-XL,1,C02349,2026-08-09T18:43:55.869Z,1839.00,delivered
OD612366138705,S0002,flipkart,TSHIRT-WHT-M,1,C00487,2026-09-11T09:05:34.583Z,395.10,shipped
498-5683605-4811430,S0001,amazon,HOODIE-GRN-XL,1,C00508,2026-09-05T15:53:21.898Z,1839.00,delivered
MSH464409027,S0001,meesho,TSHIRT-GRN-L,4,C00442,2026-08-24T06:41:15.084Z,1760.40,delivered
MSH244547702,S0005,meesho,SNEAKER-MAR-7,1,C00057,2026-09-13T21:13:44.943Z,2399.00,delivered
617-1044421-8628032,S0043,amazon,HANDBAG-BLK-FREE,2,C02086,2026-07-13T07:31:53.827Z,1058.00,delivered
OD796637831590,S0024,flipkart,JEANS-RED-36,2,C01329,2026-07-30T02:57:14.178Z,1518.10,returned
969-1064860-0022142,S0008,amazon,JEANS-YEL-32,4,C00466,2026-09-02T09:37:47.178Z,7196.00,delivered
MSH985442402,S0001,meesho,HOODIE-GRN-XL,1,C00596,2026-08-09T19:18:38.295Z,1839.00,delivered
333-6862113-5520304,S0022,amazon,SNEAKER-WHT-10,1,C02963,2026-08-15T05:39:01.648Z,1369.00,delivered
512-3957294-9239531,S0008,amazon,JEANS-BLK-36,4,C01694,2026-09-19T03:02:19.359Z,2876.40,delivered
MSH317932619,S0002,meesho,HOODIE-BLK-L,2,C01714,2026-09-18T18:39:14.749Z,1834.20,delivered
OD723468493962,S0002,flipkart,TSHIRT-RED-L,1,C02406,2026-08-12T10:16:30.921Z,455.05,delivered
MSH608949573,S0002,meesho,HOODIE-BLK-L,2,C01284,2026-07-18T03:49:11.277Z,2038.00,delivered
MSH519942930,S0036,meesho,JEANS-BLU-36,1,C00430,2026-10-02T12:48:30.598Z,979.00,confirmed
382-9650604-7521743,S0045,amazon,WATCH-BLU-FREE,1,C01847,2026-07-22T12:14:40.981Z,909.00,delivered
MSH184150684,S0005,meesho,SNEAKER-GRN-7,3,C02289,2026-08-07T00:39:48.494Z,6987.00,delivered
OD811861936811,S0002,flipkart,TSHIRT-WHT-M,1,C01219,2026-08-11T15:28:25.165Z,439.00,cancelled
OD893972864563,S0002,flipkart,HOODIE-YEL-M,2,C02064,2026-07-10T09:58:48.872Z,2298.00,delivered
581-9949609-8557008,S0004,amazon,KURTI-YEL-M,1,C02600,2026-09-02T07:32:11.719Z,782.10,delivered
MYN1730017050,S0019,myntra,WATCH-GRN-FREE,2,C01660,2026-08-29T06:43:02.712Z,4710.10,confirmed
MSH570187625,S0007,meesho,JEANS-BLU-36,4,C00841,2026-09-15T03:50:33.019Z,4252.20,delivered
MYN7031565250,S0004,myntra,KURTI-BLU-S,2,C00253,2026-09-20T12:45:44.030Z,1658.00,delivered
OD699264291020,S0017,flipkart,KURTI-BLK-XL,1,C01528,2026-07-27T08:53:06.037Z,319.00,delivered
MYN3715487773,S0019,myntra,WATCH-PNK-FREE,1,C02657,2026-09-10T16:40:21.140Z,2978.10,delivered
OD603157719667,S0017,flipkart,KURTI-WHT-XL,4,C02644,2026-07-29T04:40:04.791Z,2048.40,pending
597-5174758-3936475,S0011,amazon,KURTI-BLU-XL,1,C02891,2026-07-29T10:21:41.094Z,599.00,cancelled
698-9800243-6976989,S0012,amazon,KURTI-BLU-XL,5,C02356,2026-08-21T19:12:50.625Z,4080.25,delivered
MYN3172002569,S0049,myntra,SNEAKER-GRN-8,2,C02258,2026-09-17T07:56:54.233Z,3038.00,delivered
569-5692846-7548723,S0009,amazon,HANDBAG-RED-FREE,1,C01707,2026-08-02T00:37:09.234Z,939.00,confirmed
MYN0339050943,S0003,myntra,KURTI-GRN-L,2,C01995,2026-09-05T08:25:58.599Z,929.10,returned
MSH608576009,S0039,meesho,SAREE-PNK-FREE,3,C01905,2026-09-18T16:51:16.080Z,4617.00,cancelled
683-0346751-4932041,S0004,amazon,KURTI-BLU-S,1,C01360,2026-07-22T08:18:15.608Z,746.10,pending
651-4755421-7473467,S0023,amazon,SAREE-BLU-FREE,1,C00980,2026-09-25T19:36:48.863Z,2479.00,returned
MSH381430721,S0005,meesho,SNEAKER-RED-10,2,C00408,2026-08-06T07:23:46.780Z,3838.00,delivered
OD225404264711,S0009,flipkart,HANDBAG-BLK-FREE,2,C02417,2026-07-22T16:16:37.841Z,2438.00,shipped
MYN0866939463,S0019,myntra,WATCH-BLU-FREE,3,C02174,2026-08-08T20:41:36.919Z,5424.30,pending
MSH317690171,S0001,meesho,TSHIRT-PNK-XL,1,C02616,2026-10-02T18:30:47.562Z,332.10,delivered
MYN3288949440,S0006,myntra,SNEAKER-RED-10,4,C01950,2026-09-03T10:10:48.343Z,10688.40,returned
MYN1057938949,S0035,myntra,WATCH-WHT-FREE,1,C01341,2026-09-24T08:18:53.523Z,1779.00,delivered
185-2503603-7888752,S0045,amazon,WATCH-BLU-FREE,3,C00046,2026-08-27T21:25:08.091Z,2590.65,delivered
OD691912893174,S0024,flipkart,KURTI-RED-S,4,C00128,2026-09-17T12:58:01.521Z,1868.40,confirmed
351-1734349-7032601,S0045,amazon,WATCH-RED-FREE,2,C02317,2026-09-12T17:29:44.971Z,3398.00,delivered
MYN5863496856,S0016,myntra,HANDBAG-BLK-FREE,5,C00625,2026-07-28T20:41:06.877Z,5395.00,pending
102-4564778-2439685,S0023,amazon,SAREE-RED-FREE,4,C00595,2026-09-14T04:36:21.887Z,4064.40,cancelled
067-2863468-0716504,S0022,amazon,HOODIE-PNK-XL,1,C01447,2026-09-05T08:07:00.012Z,944.10,returned
MYN9811615131,S0004,myntra,KURTI-MAR-L,1,C02359,2026-07-11T20:08:09.584Z,309.00,delivered
MSH168750328,S0001,meesho,TSHIRT-PNK-XL,2,C00559,2026-08-22T20:30:32.002Z,738.00,cancelled
MYN2773077790,S0033,myntra,TSHIRT-BLK-S,2,C02241,2026-07-16T02:53:43.767Z,1338.00,shipped
013-5467485-4754352,S0001,amazon,HOODIE-PNK-M,1,C00300,2026-08-19T06:16:27.842Z,-1599.00,cancelled
472-4472273-6966356,S0001,amazon,TSHIRT-PNK-XL,1,C02124,2026-09-13T12:57:37.146Z,350.55,delivered
MSH639833745,S0001,meesho,TSHIRT-PNK-XL,1,C01562,2026-08-08T11:38:30.385Z,369.00,delivered
OD637498910541,S0003,flipkart,SAREE-MAR-FREE,1,C00981,2026-08-04T22:25:30.991Z,1509.55,pending
MSH879424145,S0002,meesho,HOODIE-YEL-M,3,C00754,2026-08-20T10:04:46.188Z,3447.00,delivered
OD288275686097,S0002,flipkart,TSHIRT-WHT-M,2,C01116,2026-08-18T03:24:58.084Z,878.00,delivered
MSH576384894,S0001,meesho,HOODIE-PNK-M,1,C01882,2026-08-05T17:15:43.373Z,1439.10,shipped
MSH334275201,S0005,meesho,SNEAKER-YEL-8,3,C01297,2026-09-11T01:05:35.317Z,8697.00,delivered
009-6453723-3095329,S0025,amazon,SNEAKER-RED-9,1,C00932,2026-09-01T04:39:17.518Z,2204.10,delivered
MSH752213132,S0005,shopify,SNEAKER-MAR-7,2,C01963,2026-08-02T12:33:06.870Z,4798.00,pending
OD759704658713,S0003,flipkart,KURTI-BLK-L,1,C01107,2026-08-29T14:51:32.493Z,769.00,delivered
446-7893195-5174400,S0001,amazon,TSHIRT-WHT-XL,1,C02302,2026-09-12T00:22:28.360Z,479.00,delivered
OD082528788769,S0003,flipkart,KURTI-BLK-L,1,C01440,2026-07-31T12:43:15.276Z,769.00,shipped
MYN2352056488,S0008,myntra,JEANS-YEL-32,4,C02534,2026-07-29T12:21:26.296Z,7196.00,returned
MYN1723581027,S0050,myntra,WATCH-WHT-FREE,1,C01003,2026-08-28T04:23:47.871Z,3238.55,delivered
MYN3284012960,S0003,myntra,KURTI-MAR-M,4,C00649,2026-07-27T00:43:14.599Z,2316.00,delivered
MYN9782613086,S0019,myntra,WATCH-PNK-FREE,3,C01717,2026-10-02T04:28:20.553Z,8934.30,confirmed
MSH854214900,S0002,meesho,HOODIE-BLU-M,5,C02354,2026-08-21T10:22:18.429Z,9645.00,shipped
OD131747733831,S0008,flipkart,JEANS-YEL-32,4,C02073,2026-08-03T18:21:06.306Z,6836.20,returned
MYN1723339702,S0050,myntra,WATCH-WHT-FREE,1,C02537,2026-08-07T01:58:00.910Z,3068.10,delivered
MYN4697831546,S0039,myntra,HANDBAG-BLU-FREE,1,C00897,2026-09-25T20:48:07.644Z,589.00,cancelled
600-8767872-4729450,S0022,amazon,HOODIE-BLU-M,1,C02994,2026-07-08T13:48:51.670Z,1349.00,delivered
580-7892467-2452617,S0041,amazon,TSHIRT-YEL-S,4,C01865,2026-08-20T11:22:42.779Z,2236.00,delivered
OD025350082820,S0002,flipkart,HOODIE-YEL-M,1,C01032,2026-08-30T23:13:59.761Z,1149.00,pending
OD374042466976,S0003,flipkart,KURTI-BLK-L,1,C01762,2026-07-22T13:14:54.265Z,769.00,shipped
MYN0226291720,S0008,myntra,JEANS-YEL-32,1,C01302,2026-07-27T01:56:51.835Z,1709.05,delivered
OD332613400926,S0002,flipkart,HOODIE-YEL-M,1,C01885,2026-09-20T21:11:27.456Z,1149.00,shipped
MSH599716648,S0001,meesho,HOODIE-GRN-XL,2,C01280,2026-08-20T00:39:03.277Z,3494.10,delivered
MSH660989144,S0002,meesho,TSHIRT-BLU-XL,1,C00305,2026-08-03T14:05:28.739Z,679.00,delivered
OD035747333452,S0038,flipkart,SNEAKER-PNK-8,1,C01385,2026-09-21T14:24:07.391Z,1319.00,delivered
MSH406281208,S0005,meesho,SNEAKER-MAR-7,1,C01531,2026-09-23T12:05:45.425Z,2399.00,delivered
392-1885539-9360367,S0045,amazon,WATCH-BLK-FREE,1,C02700,2026-07-22T11:00:20.576Z,2987.10,delivered
MYN6062130425,S0003,myntra,SAREE-YEL-FREE,5,C02010,2026-07-16T09:33:51.685Z,6122.75,delivered
OD091945013508,S0017,flipkart,KURTI-WHT-XL,1,C01170,2026-10-03T04:29:47.598Z,540.55,delivered
OD329596900939,,flipkart,KURTI-BLK-L,3,C00331,2026-08-30T06:21:36.472Z,2307.00,shipped
MYN0884586391,S0003,myntra,SAREE-RED-FREE,1,C00346,2026-07-26T22:50:08.903Z,1025.05,delivered
MSH952892359,S0001,meesho,HOODIE-PNK-M,1,C01230,2026-09-15T04:22:25.986Z,1599.00,delivered
OD291926754381,S0003,flipkart,KURTI-BLK-L,1,C00983,2026-08-13T12:16:47.027Z,769.00,delivered
965-1034258-6635526,S0016,amazon,HANDBAG-RED-FREE,1,C00251,2026-09-25T08:59:19.694Z,469.00,delivered
565-3578056-1279803,S0009,amazon,HANDBAG-BLK-FREE,2,C02344,2026-07-25T13:02:12.837Z,2438.00,delivered
OD758312719242,S0002,flipkart,HOODIE-MAR-L,1,C02129,2026-08-16T03:47:42.493Z,917.10,delivered
MSH490138170,S0002,meesho,TSHIRT-RED-S,2,C01592,2026-07-19T21:13:30.487Z,758.00,shipped
774-9482083-1528566,S0001,amazon,HOODIE-GRN-XL,2,C01091,2026-09-16T11:16:22.498Z,3310.20,delivered
MSH472251350,S0001,meesho,HOODIE-PNK-M,1,C00523,2026-09-22T15:31:14.492Z,1439.10,confirmed
722-7745318-6037141,S0001,amazon,TSHIRT-WHT-XL,1,C02549,2026-09-23T01:11:15.308Z,479.00,shipped
186-2082399-3344735,S0001,amazon,TSHIRT-WHT-XL,3,C02300,2026-07-09T10:28:10.011Z,1437.00,delivered
MYN8695317964,S0008,myntra,JEANS-YEL-32,1,C01925,2026-08-04T18:01:38.477Z,1799.00,delivered
709-0450241-9481073,S0008,amazon,JEANS-BLK-36,3,C02266,2026-07-05T12:15:33.718Z,2277.15,shipped
273-7071621-5613314,S0037,amazon,JEANS-BLK-36,3,C00769,2026-09-25T04:13:04.057Z,3357.00,delivered
960-0602658-9338727,S0013,amazon,SNEAKER-MAR-8,2,C01492,2026-08-07T19:40:55.493Z,3918.00,delivered
732-3573233-2804981,S0045,amazon,WATCH-BLU-FREE,1,C01662,2026-10-03T11:42:53.961Z,909.00,delivered
MYN0690901736,S0006,myntra,SNEAKER-GRN-7,2,C01116,2026-08-27T02:28:34.411Z,1678.00,delivered
931-5887263-8081600,S0050,amazon,WATCH-WHT-FREE,4,C00986,2026-09-24T12:37:46.590Z,12272.40,pending
051-6594862-0088491,S0001,amazon,TSHIRT-WHT-XL,3,C02768,2026-08-25T10:16:52.924Z,1293.30,confirmed
MSH306639245,S0002,meesho,HOODIE-BLK-L,1,C00368,2026-08-17T11:57:19.288Z,968.05,delivered
MSH416675466,S0002,meesho,TSHIRT-WHT-M,1,C02178,2026-07-31T13:08:26.786Z,439.00,pending
844-0406893-5653969,S0031,amazon,SNEAKER-MAR-8,1,C02800,2026-09-09T18:05:08.831Z,1129.00,confirmed
704-5622176-4657693,S0009,amazon,HANDBAG-BLK-FREE,3,C01297,2026-07-28T06:45:42.522Z,3657.00,cancelled
OD241004361792,S0003,flipkart,KURTI-BLK-M,1,C02429,2026-08-14T05:50:20.156Z,779.00,cancelled
MYN6727245537,S0003,myntra,KURTI-WHT-XL,5,C01055,2026-10-02T14:53:38.627Z,2245.00,delivered
160-1532763-0897795,S0012,amazon,KURTI-BLU-S,2,C02520,2026-09-25T05:04:30.132Z,1258.00,delivered
MYN8560197307,S0003,myntra,KURTI-BLK-M,2,C02186,2026-09-24T15:24:04.686Z,1558.00,delivered
685-6957976-3512436,S0032,amazon,WATCH-BLU-FREE,5,C01121,2026-07-31T02:37:31.721Z,10017.75,delivered
OD185307790103,S0002,flipkart,TSHIRT-PNK-XL,2,C01517,2026-08-31T11:21:59.839Z,518.00,delivered
MYN4781086393,S0003,myntra,SAREE-MAR-FREE,1,C00601,2026-08-11T14:40:30.940Z,1589.00,delivered
OD126948580465,S0050,flipkart,WATCH-WHT-FREE,1,C00954,2026-08-01T02:15:38.860Z,3409.00,pending
MYN6714532924,S0003,myntra,SAREE-MAR-FREE,2,C02651,2026-07-13T02:08:29.066Z,2860.20,shipped
OD466970651716,S0024,flipkart,JEANS-MAR-36,3,C02635,2026-07-08T21:24:07.525Z,2391.15,delivered
MYN4780445039,S0003,myntra,SAREE-MAR-FREE,1,C00124,2026-07-10T22:41:31.428Z,1430.10,delivered
MYN2443020350,S0035,myntra,WATCH-WHT-FREE,2,C00977,2026-07-19T10:54:37.079Z,3558.00,delivered
OD217099127906,S0002,flipkart,TSHIRT-PNK-M,1,C01334,2026-09-11T15:05:08.060Z,611.10,delivered
MSH390954377,S0007,meesho,HOODIE-WHT-L,2,C00506,2026-07-19T09:56:39.515Z,2183.10,returned
853-8840134-4883842,S0001,amazon,TSHIRT-PNK-XL,2,C00764,2026-08-18T08:34:34.476Z,738.00,delivered
733-9171824-2361871,S0001,amazon,HOODIE-GRN-XL,3,C01932,2026-09-07T03:33:05.050Z,5517.00,delivered
MSH180872266,S0009,meesho,HANDBAG-YEL-FREE,2,C01697,2026-08-27T20:29:02.435Z,1618.00,delivered
MYN3637938176,S0003,myntra,KURTI-YEL-L,1,C01922,2026-07-27T13:52:53.729Z,512.10,delivered
OD014580107285,S0010,flipkart,SAREE-WHT-FREE,1,C00186,2026-09-17T07:14:05.215Z,1909.00,delivered
MYN6793345775,S0003,myntra,SAREE-MAR-FREE,1,C00060,2026-10-01T06:30:56.316Z,1589.00,confirmed
MYN9984358032,S0029,myntra,WATCH-BLK-FREE,2,C02844,2026-07-05T19:20:31.707Z,2302.20,returned
OD074058794210,S0009,flipkart,HANDBAG-BLK-FREE,1,C02258,2026-09-04T20:55:34.676Z,1219.00,delivered
MYN6631154863,S0035,myntra,TSHIRT-MAR-M,3,C02222,2026-09-29T10:22:55.440Z,1279.65,shipped
MSH917895195,S0001,meesho,HOODIE-GRN-XL,2,C02525,2026-08-23T06:25:22.353Z,3494.10,cancelled
OD839116889966,S0002,flipkart,HOODIE-YEL-M,2,C00029,2026-07-10T14:10:55.279Z,2298.00,delivered
OD061153165952,S0008,flipkart,WATCH-PNK-FREE,2,C02344,2026-09-07T13:50:03.788Z,6838.00,delivered
260-9429307-9293970,S0025,amazon,SNEAKER-PNK-8,1,C02485,2026-09-05T03:44:00.974Z,1229.00,returned
MYN0110425942,S0003,myntra,SAREE-MAR-FREE,1,C00288,2026-09-25T08:22:06.960Z,1589.00,shipped
OD805568964128,S0003,flipkart,SAREE-GRN-FREE,3,C01588,2026-09-27T04:44:59.442Z,4155.30,delivered
MSH436769949,S0007,meesho,JEANS-BLU-36,1,C01843,2026-08-01T07:55:37.992Z,1119.00,delivered
MYN0147899417,S0040,myntra,JEANS-BLU-30,5,C02859,2026-07-18T15:08:48.942Z,7095.00,pending
MSH821017974,S0002,meesho,HOODIE-BLK-L,2,C01134,2026-07-25T02:30:58.785Z,1936.10,delivered
984-8170472-9212942,S0013,amazon,SNEAKER-BLK-8,1,C01027,2026-09-15T18:11:26.757Z,1082.05,delivered
435-9067746-1445486,S0001,amazon,HOODIE-GRN-XL,4,C00350,2026-08-05T19:12:21.334Z,6620.40,cancelled
OD312855032479,S0035,flipkart,TSHIRT-MAR-M,3,C00270,2026-09-05T11:08:37.132Z,1347.00,confirmed
MYN6054257448,S0003,myntra,SAREE-YEL-FREE,3,C02690,2026-07-21T16:08:32.361Z,3867.00,delivered
MSH129004754,S0030,meesho,JEANS-GRN-32,2,C00200,2026-09-03T08:22:57.702Z,2145.10,delivered
OD780751165420,S0003,flipkart,KURTI-BLK-L,1,C01615,2026-09-21T20:10:14.432Z,769.00,cancelled
MYN3153909952,S0003,myntra,KURTI-BLK-L,1,C00659,2026-09-08T10:51:30.648Z,730.55,delivered
MSH898660896,S0021,meesho,SNEAKER-GRN-7,1,C01983,2026-09-06T14:07:25.440Z,2179.00,confirmed
MYN7367530509,S0014,myntra,KURTI-RED-M,3,C01558,2026-09-07T17:18:59.931Z,2022.30,shipped
MYN9508480108,S0008,myntra,JEANS-BLK-36,2,C00538,2026-08-14T03:40:44.530Z,1598.00,delivered
OD326598694195,S0002,flipkart,TSHIRT-WHT-M,1,C00619,2026-07-20T12:46:49.557Z,439.00,returned
OD463742232136,S0003,flipkart,KURTI-BLK-L,1,C00392,2026-09-19T15:13:45.232Z,730.55,delivered
430-1941912-4342069,S0022,amazon,HOODIE-PNK-XL,1,C02199,2026-08-15T00:13:05.140Z,996.55,delivered
MYN1798363704,S0003,myntra,SAREE-MAR-FREE,1,C01343,2026-07-05T18:37:17.549Z,1589.00,delivered
MSH184822616,S0005,meesho,SNEAKER-MAR-7,1,C00355,2026-09-09T07:22:15.633Z,2399.00,delivered
MYN1138964210,S0041,myntra,TSHIRT-YEL-S,1,C02457,2026-09-23T08:32:45.474Z,531.05,cancelled
236-6496549-9738778,S0009,amazon,HANDBAG-PNK-FREE,1,C02036,2026-09-10T00:53:23.570Z,1069.00,delivered
OD973661504569,S0002,flipkart,TSHIRT-PNK-M,2,C02408,2026-07-22T17:51:15.210Z,1358.00,delivered
799-9680335-9142652,S0001,amazon,HOODIE-GRN-XL,1,C01286,2026-08-22T16:19:43.059Z,1839.00,delivered
OD621416962475,S0035,flipkart,TSHIRT-GRN-L,1,C01426,2026-08-22T12:24:06.951Z,431.10,returned
934-4784039-3080469,S0027,amazon,SAREE-WHT-FREE,1,C00793,2026-09-20T00:57:28.648Z,1737.55,shipped
552-2233942-1239842,S0001,amazon,HOODIE-GRN-XL,1,C01923,2026-10-01T18:57:18.197Z,1747.05,shipped
MSH711855122,S0005,meesho,SNEAKER-RED-7,2,C00205,2026-09-14T03:35:11.064Z,4398.00,cancelled
OD564869371532,S0017,flipkart,KURTI-BLK-XL,3,C00838,2026-07-11T12:20:02.172Z,909.15,delivered
OD973635584828,S0010,flipkart,SAREE-WHT-FREE,1,C02221,2026-08-06T02:02:57.530Z,1909.00,delivered
859-0188675-7363757,S0037,amazon,JEANS-BLU-30,4,C01532,2026-09-23T04:18:20.576Z,2676.00,delivered
255-7861271-3155391,S0008,amazon,JEANS-BLU-34,1,C01551,2026-09-29T04:24:24.352Z,1499.00,delivered
OD473068722195,S0042,flipkart,KURTI-YEL-L,1,C00416,2026-09-06T20:43:23.808Z,550.05,delivered
OD615547392084,S0002,flipkart,TSHIRT-BLU-XL,1,C02454,2026-09-02T01:17:13.505Z,645.05,shipped
900-3596791-7827502,S0009,amazon,HANDBAG-BLK-FREE,1,C02221,2026-08-18T23:04:45.850Z,1097.10,cancelled
MYN2051805076,S0006,myntra,SNEAKER-YEL-7,2,C01633,2026-09-12T13:37:20.516Z,2778.00,delivered
MYN8011396419,S0008,myntra,JEANS-YEL-32,1,C01442,2026-07-17T07:34:08.422Z,1799.00,delivered
983-2771807-8670771,S0012,amazon,KURTI-YEL-M,1,C02643,2026-09-10T15:19:02.786Z,711.55,pending
369-5057784-1603482,S0009,amazon,HANDBAG-WHT-FREE,1,C02459,2026-07-06T00:28:51.921Z,1405.05,delivered
261-9536217-0619687,S0026,amazon,WATCH-GRN-FREE,2,C01256,2026-08-03T09:05:57.703Z,1418.00,delivered
OD604731547245,S0009,flipkart,HANDBAG-RED-FREE,2,C00958,2026-07-21T19:59:37.009Z,1690.20,delivered
MYN8545350803,S0039,myntra,HANDBAG-BLU-FREE,1,C01708,2026-08-15T12:21:17.829Z,530.10,delivered
653-4163785-3685685,S0004,amazon,KURTI-YEL-S,4,C01093,2026-09-01T08:12:39.983Z,1236.00,delivered
OD767784312720,S0002,flipkart,HOODIE-YEL-M,1,C02246,2026-08-24T18:41:59.945Z,1149.00,delivered
OD233505301948,S0009,flipkart,HANDBAG-BLU-FREE,1,C00095,2026-10-01T06:08:01.655Z,1405.05,delivered
OD397416591532,S0036,flipkart,HOODIE-GRN-XL,1,C01242,2026-07-08T05:38:56.327Z,1879.00,shipped
673-7367484-6036198,S0041,amazon,KURTI-RED-XL,4,C00931,2026-09-28T08:04:13.836Z,2076.00,cancelled
MSH650903312,S0023,meesho,SAREE-BLK-FREE,1,C02681,2026-09-06T05:24:12.042Z,1642.55,delivered
MYN5641493686,S0003,myntra,SAREE-YEL-FREE,1,C01551,2026-08-20T02:39:10.438Z,1160.10,delivered
867-0636633-1236550,S0004,amazon,KURTI-YEL-XL,1,C00779,2026-07-20T01:53:24.713Z,548.10,delivered
MYN9409280566,S0004,myntra,KURTI-YEL-XL,2,C02226,2026-09-03T10:49:47.935Z,1218.00,pending
029-5859102-8236896,S0045,amazon,WATCH-MAR-FREE,2,C01395,2026-09-02T05:57:09.662Z,2638.00,delivered
MYN8093344496,S0019,myntra,WATCH-BLK-FREE,1,C01994,2026-07-26T21:44:10.332Z,1469.00,delivered
OD131291311338,S0048,flipkart,HOODIE-BLU-M,1,C02241,2026-07-08T13:43:07.970Z,958.55,delivered
MYN7565766860,S0006,myntra,SNEAKER-RED-10,2,C00491,2026-09-25T14:43:39.064Z,5641.10,delivered
MYN7025310650,S0019,myntra,WATCH-BLK-FREE,4,C02965,2026-08-11T11:29:58.058Z,5582.20,returned
MSH297324342,S0001,meesho,TSHIRT-WHT-XL,1,C02139,2026-07-31T12:52:07.028Z,455.05,delivered
MYN2172613815,S0038,myntra,SNEAKER-MAR-8,1,C00910,2026-08-03T03:04:16.907Z,2799.00,delivered
MSH353292995,S0001,meesho,HOODIE-GRN-XL,1,C00468,2026-07-31T13:11:03.321Z,1839.00,delivered
MSH426397489,S0027,meesho,SAREE-MAR-FREE,2,C02852,2026-10-01T05:24:21.598Z,3950.10,delivered
MYN1180206377,S0004,myntra,KURTI-YEL-XL,1,C01741,2026-08-12T00:43:20.779Z,609.00,delivered
MSH431180979,S0011,meesho,KURTI-RED-L,3,C01434,2026-08-18T14:01:05.032Z,1857.00,delivered
MSH605149808,S0001,meesho,HOODIE-GRN-XL,2,C01713,2026-07-21T23:32:55.152Z,3678.00,pending
343-0182372-2867664,S0001,amazon,TSHIRT-WHT-XL,1,C00578,2026-07-06T21:43:39.749Z,455.05,delivered
MSH901155420,S0002,meesho,TSHIRT-RED-S,1,C02371,2026-08-31T09:12:03.645Z,341.10,delivered
OD106474279396,S0048,flipkart,HOODIE-GRN-L,1,C02702,2026-08-04T19:11:58.619Z,1169.10,delivered
MSH560113105,S0021,meesho,SNEAKER-BLK-8,3,C00934,2026-07-15T15:51:56.609Z,2989.65,delivered
889-0504759-3577036,S0004,amazon,KURTI-YEL-XL,1,C00866,2026-09-18T00:09:29.903Z,609.00,delivered
OD076506541831,S0028,flipkart,JEANS-RED-34,2,C00366,2026-09-29T17:32:48.164Z,2202.10,delivered
058-8990612-7948211,S0039,amazon,SAREE-YEL-FREE,1,C02525,2026-09-26T11:45:51.159Z,1329.00,cancelled
MSH127851130,S0002,meesho,HOODIE-BLK-L,1,C02479,2026-08-20T05:12:40.153Z,1019.00,delivered
582-3347468-6730676,S0040,amazon,JEANS-PNK-32,2,C00510,2026-09-05T18:16:39.609Z,1168.20,delivered
OD034298047621,S0002,flipkart,HOODIE-YEL-M,1,C01291,2026-08-10T08:38:01.280Z,1149.00,delivered
MSH857531413,S0040,meesho,JEANS-PNK-32,1,C00742,2026-07-21T00:20:50.220Z,584.10,delivered
503-7940607-7704022,S0020,amazon,JEANS-PNK-34,2,C00101,2026-08-12T12:48:47.879Z,2078.00,delivered
MYN2391498945,S0008,myntra,JEANS-BLU-34,1,C00117,2026-07-18T07:52:33.166Z,1499.00,delivered
802-6754873-7569653,S0004,amazon,KURTI-YEL-XL,2,C01766,2026-07-16T13:07:23.746Z,1218.00,returned
429-6644182-0619834,S0021,amazon,SNEAKER-RED-8,4,C02052,2026-08-17T13:44:35.975Z,3316.00,delivered
OD373596070284,S0024,flipkart,JEANS-RED-36,4,C01121,2026-09-03T03:36:00.956Z,3036.20,returned
MYN7520294173,S0003,myntra,SAREE-MAR-FREE,5,C02135,2026-09-10T13:33:22.128Z,7547.75,confirmed
MSH602505705,S0002,meesho,HOODIE-YEL-M,1,C02482,2026-08-18T22:53:20.311Z,1149.00,delivered
OD945462088430,S0003,flipkart,KURTI-YEL-M,1,C02243,2026-09-13T13:56:12.301Z,329.00,delivered
274-5604298-8975615,S0025,amazon,SNEAKER-PNK-8,1,C00761,2026-07-18T18:27:07.991Z,1229.00,delivered
MSH978832739,S0009,meesho,HANDBAG-WHT-FREE,2,C01028,2026-10-01T09:23:51.994Z,2958.00,returned
OD786171484497,S0002,flipkart,HOODIE-BLK-L,1,C00952,2026-08-13T03:45:55.516Z,1019.00,delivered
305-5581413-2750522,S0001,amazon,HOODIE-GRN-XL,3,C02087,2026-07-16T21:52:22.111Z,5517.00,pending
439-4252220-6013288,S0026,amazon,WATCH-YEL-FREE,1,C00917,2026-08-19T10:21:55.729Z,1119.00,delivered
499-6538636-0076944,S0050,amazon,SAREE-GRN-FREE,2,C02263,2026-07-26T22:32:41.051Z,3038.00,cancelled
024-7347068-4102178,S0001,amazon,HOODIE-GRN-XL,1,C02282,2026-07-28T21:33:03.485Z,1839.00,delivered
OD755465242958,S0018,flipkart,JEANS-RED-30,1,C00210,2026-09-12T12:54:24.960Z,1239.00,delivered
MSH607002393,S0011,meesho,KURTI-BLU-XL,1,C01439,2026-09-20T21:11:35.008Z,539.10,delivered
MYN8048494683,S0047,myntra,WATCH-WHT-FREE,2,C01110,2026-08-01T10:50:54.501Z,2644.20,pending
MYN4112231812,S0006,myntra,SNEAKER-GRN-7,1,C02937,2026-08-20T01:53:05.166Z,755.10,delivered
MSH376656560,S0007,meesho,HOODIE-YEL-M,2,C02254,2026-08-17T02:08:06.055Z,1438.00,delivered
MYN2173761891,S0006,myntra,SNEAKER-GRN-7,1,C01401,2026-08-13T01:04:39.772Z,839.00,delivered
OD465532622832,S0003,flipkart,KURTI-PNK-XL,4,C01584,2026-07-11T01:54:25.794Z,3156.00,cancelled
653-0423080-0324797,S0022,amazon,SNEAKER-WHT-10,1,C00130,2026-09-08T00:19:11.742Z,1232.10,cancelled
MSH737001028,S0001,meesho,HOODIE-PNK-M,4,C02288,2026-09-27T21:07:22.447Z,6076.20,delivered
OD262790733253,S0003,flipkart,KURTI-BLK-L,2,C01432,2026-09-10T06:29:01.791Z,1538.00,delivered
MSH164320113,S0036,meesho,JEANS-PNK-36,1,C00267,2026-08-15T18:34:11.321Z,1489.00,delivered
OD749621485570,S0025,flipkart,SNEAKER-YEL-10,3,C01309,2026-07-10T02:04:00.634Z,5037.00,delivered
500-5657069-2375042,S0001,amazon,TSHIRT-WHT-XL,3,C01423,2026-07-08T06:54:07.662Z,1293.30,returned
366-3403006-0875581,S0016,amazon,HANDBAG-RED-FREE,5,C01723,2026-07-09T01:46:14.676Z,2345.00,returned
OD034268779139,S0003,flipkart,KURTI-BLK-L,1,C00313,2026-08-16T09:01:24.795Z,692.10,confirmed
MYN3331551877,S0049,myntra,SNEAKER-BLK-8,2,C02822,2026-07-10T02:23:46.488Z,5638.00,delivered
656-3552398-7154985,S0046,amazon,HOODIE-PNK-L,5,C00410,2026-08-31T19:23:38.907Z,8545.25,pending
OD646088239217,S0024,flipkart,JEANS-RED-36,1,C01320,2026-08-25T14:05:44.076Z,799.00,delivered
OD492016108973,S0010,flipkart,SAREE-YEL-FREE,2,C00525,2026-08-09T03:29:31.458Z,1398.00,shipped
MSH885074130,S0007,meesho,JEANS-BLK-34,4,C00444,2026-09-03T08:24:37.712Z,3316.00,confirmed
OD518492767876,S0044,flipkart,HOODIE-MAR-M,1,C00564,2026-08-02T04:13:26.394Z,920.55,confirmed
OD036188455406,S0042,flipkart,WATCH-BLU-FREE,1,C01127,2026-09-17T08:40:40.192Z,1789.00,delivered
MSH017347257,S0005,meesho,SNEAKER-BLK-9,2,C02529,2026-07-21T06:42:51.932Z,2778.00,confirmed
432-3942562-0215349,S0001,amazon,HOODIE-GRN-XL,1,C02494,2026-09-01T09:18:54.162Z,1839.00,delivered
OD416645856216,S0002,flipkart,HOODIE-BLK-L,3,C01436,2026-09-03T04:25:07.485Z,2904.15,delivered
623-2473584-8373413,S0045,amazon,WATCH-PNK-FREE,1,C02108,2026-09-22T17:53:18.688Z,729.00,delivered
OD439843000217,S0002,flipkart,HOODIE-YEL-M,2,C01901,2026-07-30T11:43:16.065Z,2298.00,delivered
MYN2771622934,S0044,myntra,HOODIE-RED-M,2,C00055,2026-08-12T04:19:30.442Z,3158.00,delivered
731-9429588-4625396,S0004,amazon,KURTI-PNK-M,5,C00304,2026-08-08T21:48:08.911Z,1745.00,cancelled
OD788068801692,S0010,flipkart,SAREE-YEL-FREE,4,C01499,2026-07-31T18:45:02.988Z,2796.00,delivered
OD867567716418,S0017,flipkart,KURTI-WHT-XL,1,C00897,2026-09-17T23:58:16.828Z,540.55,delivered
OD553049068727,S0002,flipkart,HOODIE-YEL-M,1,C00475,2026-07-30T00:58:19.722Z,1149.00,cancelled
MSH529039272,S0001,meesho,TSHIRT-WHT-XL,1,C01293,2026-08-23T07:00:46.995Z,431.10,confirmed
592-8480036-6107855,S0031,amazon,HOODIE-RED-XL,1,C01382,2026-08-19T22:08:49.535Z,1389.00,delivered
400-0047562-1535290,S0013,amazon,SNEAKER-BLU-10,1,C01343,2026-10-02T19:55:24.526Z,911.05,delivered
OD653870423447,S0002,flipkart,HOODIE-BLK-L,2,C01028,2026-09-19T18:15:43.965Z,1936.10,pending
OD651756779375,S0002,flipkart,TSHIRT-RED-L,2,C00102,2026-08-06T02:36:08.451Z,910.10,shipped
MYN2470811874,S0038,myntra,TSHIRT-RED-M,2,C00694,2026-08-22T03:35:44.760Z,1258.00,confirmed
OD746674148601,S0018,flipkart,JEANS-RED-30,1,C01589,2026-10-03T02:18:21.192Z,1239.00,delivered
MSH142917545,S0005,meesho,SNEAKER-PNK-9,1,C02413,2026-09-14T00:38:53.179Z,919.00,delivered
457-8035203-4664113,S0004,amazon,KURTI-PNK-M,2,C01077,2026-08-12T01:16:06.898Z,698.00,delivered
OD284025342113,S0036,flipkart,HOODIE-GRN-L,1,C01969,2026-08-11T15:06:36.723Z,1015.55,confirmed
597-4862924-4173104,S0001,amazon,HOODIE-PNK-M,2,C00223,2026-09-03T11:24:54.221Z,3198.00,delivered
449-2893655-2073378,S0044,amazon,HOODIE-GRN-L,3,C00558,2026-07-19T04:41:32.816Z,4137.00,confirmed
MYN5699305078,S0019,myntra,WATCH-BLK-FREE,1,C00142,2026-08-18T14:24:21.116Z,1322.10,shipped
OD978861017748,S0025,flipkart,SNEAKER-PNK-10,4,C00828,2026-08-16T01:15:37.908Z,9196.00,delivered
MYN1498505749,S0006,myntra,SNEAKER-MAR-9,4,C02430,2026-08-20T00:02:39.500Z,6944.40,pending
475-4952370-0211632,S0001,amazon,TSHIRT-GRN-L,4,C01326,2026-08-23T02:10:56.623Z,1956.00,delivered
OD911937588982,S0017,flipkart,KURTI-WHT-XL,1,C00489,2026-07-25T08:16:16.707Z,540.55,pending
554-9636114-5597357,S0041,amazon,TSHIRT-WHT-XL,1,C00189,2026-08-17T23:10:51.357Z,419.00,pending
OD559015105573,S0002,flipkart,HOODIE-BLK-L,1,C00804,2026-07-07T10:08:52.326Z,917.10,cancelled
341-4954137-9510709,S0001,amazon,HOODIE-GRN-XL,4,C01021,2026-07-28T14:56:30.639Z,7356.00,delivered
MSH681092692,S0005,meesho,SNEAKER-MAR-7,1,C02663,2026-08-09T13:50:37.919Z,2399.00,pending
OD291259246437,S0002,flipkart,HOODIE-BLK-L,1,C02550,2026-09-30T00:30:45.541Z,917.10,delivered
OD905288082213,S0010,flipkart,SAREE-YEL-FREE,1,C02551,2026-08-26T20:00:28.081Z,664.05,confirmed
MYN7636039511,S0028,myntra,JEANS-YEL-32,1,C01425,2026-07-13T20:35:22.434Z,1053.55,delivered
MSH772890217,S0009,meesho,HANDBAG-RED-FREE,1,C01198,2026-08-11T20:53:53.459Z,892.05,delivered
928-1611371-7197039,S0035,amazon,TSHIRT-YEL-S,3,C00103,2026-07-27T05:35:34.222Z,987.00,pending
MYN9835878812,S0006,myntra,SNEAKER-YEL-10,2,C01182,2026-07-26T22:32:52.551Z,4482.10,delivered
736-8383669-2123485,S0045,amazon,WATCH-BLK-FREE,3,C02113,2026-08-11T05:55:28.328Z,8961.30,confirmed
MYN8434797302,S0004,myntra,KURTI-YEL-XL,2,C01170,2026-08-29T13:51:00.802Z,1157.10,delivered
OD103886970978,S0002,flipkart,HOODIE-MAR-L,4,C00682,2026-08-18T21:41:37.096Z,3872.20,delivered
535-5350729-6038324,S0009,amazon,HANDBAG-MAR-FREE,5,C02830,2026-10-01T00:06:33.795Z,3325.50,confirmed
363-2809973-7474341,S0027,amazon,SAREE-YEL-FREE,1,C01532,2026-07-22T13:26:55.373Z,1399.00,delivered
MYN2982737510,S0041,myntra,TSHIRT-YEL-S,1,C02832,2026-09-09T08:41:46.543Z,559.00,delivered
MSH513064757,S0012,meesho,KURTI-PNK-XL,2,C00006,2026-09-18T13:05:45.784Z,1178.00,delivered
495-0128842-4885376,S0008,amazon,JEANS-BLU-34,1,C02752,2026-09-17T19:16:56.019Z,1349.10,delivered
466-0352772-8742235,S0044,amazon,HOODIE-WHT-M,1,C02949,2026-08-28T23:21:26.274Z,1389.00,delivered
MYN3099620963,S0006,myntra,SNEAKER-RED-10,1,C00135,2026-07-11T23:52:31.807Z,2969.00,pending
177-7634104-2253155,S0004,amazon,KURTI-BLU-S,1,C00358,2026-08-28T08:05:23.902Z,829.00,confirmed
309-9749366-6733196,S0001,amazon,TSHIRT-PNK-XL,1,C01344,2026-08-05T09:55:39.330Z,350.55,delivered
MYN5813474847,S0023,myntra,SAREE-BLU-FREE,3,C00894,2026-07-12T18:41:43.385Z,6693.30,delivered
MSH046721146,S0001,meesho,HOODIE-GRN-XL,2,C02939,2026-09-13T21:58:58.116Z,3678.00,delivered
MYN1286502773,S0049,myntra,SNEAKER-RED-9,1,C02003,2026-09-08T05:30:17.385Z,839.00,delivered
540-8521780-3026467,S0001,amazon,TSHIRT-GRN-L,2,C02421,2026-08-11T14:45:05.767Z,880.20,delivered
MSH835740856,S0001,meesho,TSHIRT-PNK-XL,1,C01642,2026-08-07T10:02:48.437Z,369.00,shipped
754-7450130-7250090,S0009,amazon,HANDBAG-PNK-FREE,2,C02018,2026-07-23T15:42:31.003Z,2138.00,delivered
MYN1002245871,S0041,myntra,TSHIRT-RED-L,3,C02588,2026-09-10T09:08:41.894Z,1587.00,delivered
OD307840040718,S0031,flipkart,SNEAKER-RED-8,1,C01286,2026-09-13T07:35:02.619Z,1289.00,delivered
OD256041781068,S0024,flipkart,JEANS-YEL-30,2,C00579,2026-08-11T21:40:22.801Z,1271.10,cancelled
MSH602382498,S0002,meesho,HOODIE-YEL-M,1,C02070,2026-07-07T02:48:51.224Z,1034.10,delivered
MYN6254276235,S0019,myntra,WATCH-RED-FREE,3,C02960,2026-07-08T08:13:58.616Z,10017.00,delivered
MYN5753060830,S0003,myntra,KURTI-MAR-M,2,C00861,2026-07-09T19:36:46.542Z,1158.00,returned
MYN0479575542,S0019,myntra,WATCH-BLK-FREE,2,C00770,2026-07-18T06:27:46.389Z,2644.20,pending
605-3056875-0127033,S0001,amazon,HOODIE-GRN-XL,4,C02707,2026-08-01T22:12:08.747Z,6620.40,delivered
MSH921218853,S0023,meesho,SAREE-BLU-FREE,2,C00501,2026-09-10T13:44:37.079Z,4958.00,confirmed
820-4122274-6132629,S0021,amazon,SNEAKER-BLK-8,2,C00370,2026-07-12T11:24:28.680Z,2098.00,pending
MSH211577589,S0001,meesho,HOODIE-PNK-M,1,C01619,2026-10-02T13:44:36.565Z,1599.00,cancelled
MSH018673984,S0016,meesho,HANDBAG-PNK-FREE,5,C02560,2026-08-27T06:48:52.911Z,2745.00,delivered
851-7442808-3509235,S0016,amazon,HANDBAG-WHT-FREE,4,C01298,2026-09-14T03:38:35.684Z,2948.40,delivered
OD246004098295,S0048,flipkart,HOODIE-YEL-L,2,C00322,2026-09-03T02:20:53.583Z,3958.00,delivered
MYN3399339855,S0035,myntra,TSHIRT-GRN-L,1,C02411,2026-07-29T20:58:07.009Z,479.00,delivered
MSH356299786,S0007,meesho,JEANS-BLU-36,1,C01641,2026-08-16T19:03:51.416Z,1007.10,delivered
MYN3433269354,S0006,myntra,SNEAKER-WHT-8,1,C00615,2026-08-22T17:27:28.977Z,1449.00,delivered
147-7866639-1318557,S0043,amazon,HANDBAG-RED-FREE,1,C01006,2026-08-27T05:34:06.661Z,1239.00,delivered
MYN5268585738,S0014,myntra,KURTI-YEL-M,5,C00280,2026-08-06T10:07:54.683Z,3995.00,confirmed
013-6011324-5283787,S0001,amazon,HOODIE-PNK-M,1,C02782,2026-09-27T07:18:01.852Z,1599.00,cancelled
MYN6246520693,S0006,myntra,SNEAKER-YEL-7,1,C00019,2026-09-25T16:16:47.290Z,1389.00,shipped
342-6640664-2994069,S0043,amazon,HANDBAG-BLU-FREE,4,C00474,2026-07-27T13:17:10.323Z,4756.00,delivered
MYN6855813188,S0049,myntra,SNEAKER-MAR-10,1,C00227,2026-07-27T07:23:29.418Z,1196.05,shipped
MYN8423802695,S0037,myntra,JEANS-PNK-36,3,C01133,2026-09-23T05:02:13.392Z,2590.65,delivered
OD167283472497,S0036,flipkart,HOODIE-GRN-XL,4,C00825,2026-08-16T18:11:21.409Z,7516.00,delivered
MYN8789094907,S0048,myntra,HOODIE-BLK-M,2,C02199,2026-08-17T08:17:29.268Z,1738.00,delivered
MSH642623718,S0001,meesho,HOODIE-GRN-XL,1,C01745,2026-08-21T10:04:41.347Z,1747.05,pending
MSH399956423,S0001,meesho,TSHIRT-PNK-XL,4,C01729,2026-09-17T12:52:42.395Z,1402.20,delivered
OD317654875005,S0024,flipkart,JEANS-RED-36,5,C02986,2026-08-30T17:49:42.647Z,3595.50,delivered
MYN4703257967,S0015,myntra,SAREE-PNK-FREE,4,C02330,2026-07-27T00:00:01.039Z,3036.20,delivered
202-4644017-2647302,S0004,amazon,KURTI-PNK-M,2,C00906,2026-09-15T18:26:05.540Z,698.00,delivered
MSH906457060,S0001,meesho,TSHIRT-GRN-L,1,C01814,2026-07-13T10:49:57.516Z,489.00,delivered
MYN1661561044,S0004,myntra,KURTI-YEL-XL,5,C00026,2026-09-13T18:49:37.583Z,3045.00,cancelled
OD400715805643,S0010,flipkart,SAREE-WHT-FREE,1,C00741,2026-08-12T10:11:23.165Z,1909.00,delivered
MSH693637752,S0005,meesho,SNEAKER-BLU-7,1,C01507,2026-09-14T05:54:51.154Z,2469.00,delivered
MSH994794849,S0026,meesho,WATCH-YEL-FREE,1,C00502,2026-07-19T07:43:28.297Z,1007.10,shipped
MSH359595437,S0001,meesho,TSHIRT-WHT-XL,1,C00148,2026-08-13T05:46:55.621Z,431.10,returned
111-8838642-7423606,S0009,amazon,HANDBAG-BLK-FREE,2,C01195,2026-08-03T05:49:46.130Z,2438.00,returned
447-4772083-9978048,S0001,amazon,HOODIE-GRN-XL,2,C02004,2026-07-31T20:19:13.730Z,3678.00,returned
MYN2595292396,S0008,myntra,JEANS-YEL-32,4,C02293,2026-08-06T14:24:42.357Z,6836.20,delivered
OD977226411062,S0003,flipkart,KURTI-BLK-L,2,C02627,2026-08-17T02:16:50.067Z,1384.20,delivered
MSH561683257,S0001,meesho,TSHIRT-PNK-XL,3,C01402,2026-09-09T08:51:03.097Z,1107.00,delivered
MSH752147673,S0001,meesho,TSHIRT-WHT-XL,1,C02544,2026-07-28T09:20:53.204Z,431.10,cancelled
MYN4442503150,S0004,myntra,KURTI-YEL-XL,1,C00719,2026-09-05T11:10:53.516Z,578.55,shipped
MYN7334273836,S0047,myntra,KURTI-BLK-L,2,C00072,2026-08-29T07:59:01.586Z,625.10,delivered
631-3167058-2877204,S0004,amazon,KURTI-YEL-S,4,C02803,2026-07-31T13:29:22.208Z,1236.00,delivered
OD585283924724,S0002,flipkart,TSHIRT-WHT-M,1,C02198,2026-09-02T23:05:51.144Z,439.00,delivered
176-9027855-1332873,S0046,amazon,SAREE-RED-FREE,2,C00993,2026-09-26T12:13:59.172Z,2788.20,delivered
OD651674556352,S0003,flipkart,SAREE-MAR-FREE,4,C01794,2026-08-04T05:38:05.170Z,5720.40,delivered
OD662206322223,S0002,flipkart,HOODIE-YEL-M,1,C00762,2026-09-03T22:17:10.781Z,1149.00,delivered
MYN7603778832,S0038,myntra,SNEAKER-PNK-8,1,C00622,2026-08-16T14:34:33.065Z,1319.00,delivered
MYN8957364321,S0003,myntra,KURTI-BLK-L,1,C01453,2026-08-26T16:17:04.512Z,730.55,delivered
MSH629275798,S0005,meesho,SNEAKER-MAR-7,2,C02686,2026-08-05T09:14:53.216Z,4798.00,delivered
MYN6715290255,S0029,myntra,SNEAKER-BLK-10,1,C01489,2026-09-19T01:04:38.576Z,1559.00,delivered
397-9770155-7858620,S0008,amazon,JEANS-YEL-32,2,C02681,2026-07-06T18:55:09.329Z,3238.20,returned
903-6129191-7912571,S0004,amazon,KURTI-PNK-M,4,C00949,2026-09-13T02:12:34.479Z,1396.00,delivered
MSH500142969,S0001,meesho,HOODIE-GRN-XL,2,C01659,2026-08-07T02:10:26.850Z,3678.00,delivered
OD677484215987,S0042,flipkart,WATCH-BLU-FREE,2,C02877,2026-07-17T15:22:43.741Z,3220.20,delivered
OD863083849665,S0010,flipkart,SAREE-WHT-FREE,2,C02443,2026-08-22T11:49:31.116Z,3818.00,delivered
MSH917226110,S0002,meesho,TSHIRT-WHT-M,2,C00701,2026-10-02T11:51:05.943Z,834.10,cancelled
136-6131606-6992751,S0031,amazon,SNEAKER-GRN-9,2,C02153,2026-09-26T05:16:04.539Z,1878.00,delivered
495-3397538-8289959,S0018,amazon,JEANS-RED-30,2,C02128,2026-08-23T10:28:48.125Z,2478.00,delivered
441-5520702-6565375,S0001,amazon,TSHIRT-PNK-XL,1,C01890,2026-09-06T00:22:08.574Z,369.00,delivered
OD743242240248,S0050,flipkart,WATCH-BLU-FREE,4,C01479,2026-09-14T02:02:58.037Z,7232.40,returned
546-6576983-2625489,S0001,amazon,TSHIRT-PNK-XL,1,C02786,2026-08-06T16:23:55.417Z,369.00,delivered
MYN6017253189,S0004,myntra,KURTI-BLU-S,1,C02805,2026-07-26T16:26:57.665Z,829.00,delivered
MYN0614695522,S0016,myntra,HANDBAG-PNK-FREE,3,C00062,2026-07-08T07:57:48.882Z,1647.00,delivered
MYN0883989014,S0035,myntra,TSHIRT-YEL-S,2,C00462,2026-07-11T11:46:17.255Z,658.00,delivered
OD894462679556,S0002,flipkart,HOODIE-BLK-L,1,C00737,2026-07-08T03:58:55.101Z,968.05,delivered
091-4546257-2357947,S0001,amazon,TSHIRT-PNK-XL,4,C01361,2026-09-16T21:09:36.927Z,1402.20,delivered
OD560202960489,S0003,flipkart,KURTI-MAR-XL,1,C02141,2026-08-12T21:51:55.812Z,589.00,shipped
MYN1887550342,S0008,myntra,JEANS-BLU-34,3,C02001,2026-09-19T20:18:04.028Z,4272.15,pending
651-6630610-9443506,S0001,amazon,HOODIE-GRN-XL,3,C00594,2026-09-26T13:34:48.060Z,5517.00,pending
OD758498814660,S0036,flipkart,HOODIE-GRN-L,2,C00500,2026-07-29T00:50:16.820Z,2031.10,delivered
000-2482127-6281335,S0037,amazon,JEANS-MAR-34,2,C02023,2026-09-08T14:02:17.950Z,3018.00,pending
131-2736906-8627091,S0043,amazon,HANDBAG-MAR-FREE,2,C00384,2026-08-29T22:36:34.820Z,1870.20,pending
OD622768643551,S0003,flipkart,SAREE-MAR-FREE,5,C00250,2026-07-26T14:11:00.865Z,7547.75,delivered
MSH708846412,S0030,meesho,JEANS-WHT-34,1,C01585,2026-09-18T07:22:37.477Z,1379.00,confirmed
681-3671441-8757034,S0009,amazon,HANDBAG-PNK-FREE,1,C01990,2026-07-07T23:54:58.162Z,962.10,delivered
MSH301749211,S0002,meesho,HOODIE-BLK-L,1,C02344,2026-07-09T02:31:17.701Z,917.10,cancelled
MSH604906012,S0036,meesho,HOODIE-GRN-L,2,C02786,2026-08-26T11:13:53.259Z,1924.20,cancelled
138-7375217-7335648,S0008,amazon,JEANS-YEL-32,2,C01844,2026-08-17T20:57:36.736Z,3418.10,delivered
MYN0025670632,S0044,myntra,HOODIE-YEL-XL,3,C00500,2026-07-29T15:58:22.212Z,5787.00,returned
MSH071336910,S0001,meesho,TSHIRT-GRN-L,3,C01933,2026-07-19T01:48:58.525Z,1467.00,delivered
MYN1224505437,S0008,myntra,JEANS-BLU-34,3,C00624,2026-07-24T18:02:56.555Z,4047.30,delivered
650-1899988-6296325,S0045,amazon,WATCH-BLK-FREE,0,C00120,2026-07-06T09:21:40.895Z,3153.05,delivered
483-2733053-7583356,S0001,amazon,TSHIRT-WHT-XL,5,C00287,2026-08-23T08:43:12.732Z,2395.00,delivered
MYN4133067970,S0011,myntra,KURTI-BLU-XL,1,C01675,2026-09-11T19:34:44.549Z,599.00,delivered
MSH978765403,S0002,meesho,TSHIRT-BLU-XL,3,C01483,2026-08-19T12:42:05.091Z,2037.00,delivered
MYN0806436380,S0003,myntra,KURTI-WHT-XL,1,C01877,2026-08-07T02:08:39.467Z,404.10,pending
MYN9145607502,S0004,myntra,KURTI-BLU-S,2,C02771,2026-09-19T15:43:55.615Z,1575.10,delivered
OD636365446578,S0015,flipkart,SAREE-PNK-FREE,1,C00593,2026-09-15T19:17:23.918Z,799.00,shipped
MSH250718799,S0036,meesho,JEANS-PNK-36,5,C01175,2026-07-21T10:52:08.192Z,7072.75,pending
886-9798833-1943739,S0045,amazon,WATCH-BLK-FREE,4,C02956,2026-07-05T18:23:40.815Z,13276.00,delivered
MYN1787745628,S0014,myntra,WATCH-GRN-FREE,1,C02015,2026-09-08T13:43:12.058Z,892.05,cancelled
382-7176982-5474870,S0012,amazon,KURTI-YEL-M,1,C01986,2026-07-06T06:52:21.148Z,749.00,delivered
MSH012096663,S0001,meesho,TSHIRT-WHT-XL,5,C02154,2026-10-02T23:37:46.044Z,2275.25,delivered
MYN3325543339,S0003,myntra,KURTI-MAR-XL,1,C01147,2026-09-16T14:04:25.500Z,589.00,delivered
MYN5927819019,S0003,myntra,SAREE-MAR-FREE,1,C01798,2026-07-22T13:44:26.363Z,1430.10,delivered
MYN5910214117,,myntra,SAREE-MAR-FREE,1,C02829,2026-07-16T15:03:55.436Z,1430.10,shipped
OD156193953385,S0003,flipkart,SAREE-MAR-FREE,1,C00476,2026-08-12T12:46:27.903Z,1509.55,delivered
396-7969932-9925763,S0001,amazon,HOODIE-GRN-XL,1,C01447,2026-07-11T19:57:09.517Z,1747.05,delivered
OD098093023163,S0003,flipkart,SAREE-MAR-FREE,3,C01616,2026-07-28T23:12:22.048Z,4290.30,delivered
MSH995706193,S0002,meesho,HOODIE-BLK-L,3,C00240,2026-09-05T13:05:18.114Z,3057.00,cancelled
561-6958631-4654699,S0044,amazon,HOODIE-GRN-L,1,C02452,2026-09-28T18:33:48.704Z,1379.00,confirmed
MYN4939327613,S0004,myntra,KURTI-MAR-L,1,C02869,2026-07-27T03:38:24.552Z,293.55,delivered
MYN3015053318,S0044,myntra,HOODIE-YEL-XL,2,C02904,2026-07-18T12:59:04.118Z,3858.00,cancelled
MSH016918616,S0001,meesho,HOODIE-GRN-XL,1,C01715,2026-09-13T01:51:32.690Z,1747.05,confirmed
OD520019134585,S0002,flipkart,HOODIE-YEL-M,3,C02395,2026-07-18T11:14:37.371Z,3447.00,delivered
MYN6301666958,S0006,myntra,SNEAKER-WHT-8,4,C00046,2026-07-23T19:17:39.493Z,5796.00,delivered
OD707732542786,S0002,flipkart,HOODIE-YEL-M,1,C00786,2026-10-02T07:40:30.898Z,1091.55,delivered
MYN7232950091,S0003,myntra,SAREE-MAR-FREE,2,C02712,2026-08-13T07:53:57.986Z,3178.00,delivered
MYN8423434934,S0050,myntra,WATCH-PNK-FREE,1,C02932,2026-09-15T23:08:23.213Z,2174.55,confirmed
MYN7329409756,S0003,myntra,SAREE-MAR-FREE,1,C01371,2026-09-16T03:45:44.820Z,1589.00,delivered
OD564899406963,S0003,flipkart,KURTI-BLK-L,2,C02206,2026-09-15T07:37:09.423Z,1538.00,delivered
837-7535042-6862940,S0027,amazon,SAREE-WHT-FREE,2,C00999,2026-07-08T01:02:34.240Z,3292.20,delivered
104-3954612-9630871,S0048,amazon,HOODIE-BLU-M,5,C00829,2026-09-20T00:51:37.167Z,5045.00,cancelled
MSH165224028,S0001,meesho,HOODIE-GRN-XL,5,C02991,2026-07-10T07:15:39.858Z,8275.50,delivered
MSH384895750,S0001,meesho,HOODIE-GRN-XL,5,C00593,2026-08-04T16:35:53.999Z,9195.00,delivered
MYN9238292419,S0008,myntra,WATCH-YEL-FREE,1,C00508,2026-07-31T22:30:12.789Z,809.00,returned
MYN4448039077,S0019,myntra,WATCH-MAR-FREE,1,C00576,2026-09-01T22:29:08.329Z,1469.00,cancelled
882-5316200-0082623,S0001,amazon,TSHIRT-GRN-L,3,C02319,2026-09-06T00:04:48.311Z,1320.30,delivered
OD125218246661,S0002,flipkart,HOODIE-YEL-M,5,C02637,2026-07-26T07:11:29.630Z,5170.50,delivered
OD432868305685,S0003,flipkart,SAREE-MAR-FREE,2,C00757,2026-09-14T14:43:16.680Z,3178.00,delivered
188-8743508-4470122,S0001,amazon,TSHIRT-PNK-XL,3,C02860,2026-09-15T23:22:53.891Z,1107.00,returned
MYN8497384097,S0003,myntra,KURTI-BLK-L,2,C01140,2026-10-02T04:07:43.579Z,1461.10,delivered
OD389098042585,S0003,flipkart,KURTI-WHT-XL,2,C02068,2026-08-17T02:48:10.928Z,898.00,delivered
282-9713030-4530587,S0001,amazon,HOODIE-GRN-XL,3,C01035,2026-08-19T03:10:43.161Z,5241.15,pending
MSH740598871,S0002,meesho,HOODIE-BLK-L,1,C02510,2026-09-16T07:30:14.767Z,968.05,delivered
496-8777327-9617888,S0031,amazon,HOODIE-RED-XL,2,C00849,2026-08-29T19:16:49.979Z,2778.00,delivered
MSH075479396,S0029,meesho,SNEAKER-RED-7,4,C00614,2026-09-12T18:38:06.911Z,11476.00,delivered
MSH066442791,S0027,meesho,SAREE-WHT-FREE,2,C00809,2026-08-16T01:48:42.521Z,3292.20,shipped
OD757596323130,S0002,flipkart,TSHIRT-GRN-M,2,C02372,2026-07-26T15:27:52.603Z,978.00,delivered
877-8537136-8612558,S0001,amazon,HOODIE-GRN-XL,2,C01089,2026-08-12T14:12:52.976Z,3310.20,returned
633-1115540-1950379,S0001,amazon,HOODIE-GRN-XL,4,C00951,2026-07-23T15:18:01.227Z,7356.00,delivered
MYN0341970437,S0014,myntra,KURTI-RED-M,1,C01464,2026-10-02T09:41:05.240Z,749.00,returned
939-0905285-9874279,S0009,amazon,HANDBAG-BLK-FREE,1,C02234,2026-09-03T23:00:12.684Z,1158.05,returned
MSH408229359,S0007,meesho,JEANS-BLU-36,1,C02784,2026-09-29T10:24:11.601Z,1119.00,cancelled
MYN8737080854,S0008,myntra,JEANS-BLU-34,1,C02208,2026-09-29T03:11:56.382Z,1499.00,shipped
742-8401657-4495715,S0001,amazon,TSHIRT-PNK-XL,2,C02559,2026-08-30T04:33:53.416Z,738.00,delivered
MSH650033596,S0001,meesho,TSHIRT-GRN-L,3,C01804,2026-08-27T07:17:31.798Z,1467.00,shipped
OD185632535211,S0033,flipkart,TSHIRT-MAR-M,1,C00717,2026-08-15T23:35:36.910Z,639.00,delivered
MYN9933973420,S0037,myntra,JEANS-PNK-34,1,C01954,2026-07-20T08:41:47.425Z,1699.00,delivered
MYN1172274342,S0050,snapdeal,WATCH-GRN-FREE,3,C02110,2026-09-17T05:26:13.167Z,1587.00,delivered
MYN3459729256,S0006,myntra,SNEAKER-MAR-9,3,C00440,2026-09-02T11:08:16.464Z,5787.00,delivered
616-3122104-8003718,S0012,amazon,KURTI-PNK-XL,1,C00383,2026-08-12T03:56:43.510Z,589.00,delivered
404-4307160-0149048,S0023,amazon,SAREE-BLK-FREE,2,C00551,2026-09-11T02:11:21.626Z,3285.10,delivered
OD887691283533,S0028,flipkart,JEANS-RED-34,1,C01749,2026-09-03T17:30:47.944Z,1159.00,delivered
MYN7665597932,S0040,myntra,JEANS-MAR-30,1,C01644,2026-09-14T03:39:11.870Z,1479.00,delivered
345-0873890-3464258,S0001,amazon,TSHIRT-PNK-XL,4,C02435,2026-10-02T10:45:34.734Z,1476.00,returned
MYN2856513867,S0008,myntra,JEANS-YEL-32,1,C00824,2026-07-16T19:37:09.711Z,1799.00,delivered
871-1979097-8825923,S0012,amazon,KURTI-YEL-M,1,C00760,2026-09-09T22:35:19.905Z,749.00,delivered
OD352389511757,S0003,flipkart,SAREE-YEL-FREE,4,C00329,2026-09-17T16:59:31.886Z,5156.00,delivered
MYN9130628330,S0004,myntra,KURTI-MAR-S,2,C00417,2026-09-15T23:07:05.143Z,718.00,shipped
398-2420248-5890636,S0045,amazon,WATCH-MAR-FREE,2,C02855,2026-08-02T02:09:45.025Z,2638.00,pending
745-0250356-3003544,S0001,amazon,TSHIRT-PNK-XL,1,C02305,2026-08-22T08:18:15.655Z,369.00,delivered
043-1829451-5151000,S0035,amazon,WATCH-YEL-FREE,1,C02320,2026-09-02T19:33:01.637Z,1639.00,returned
MSH793035118,S0027,meesho,SAREE-WHT-FREE,3,C02325,2026-09-17T11:33:58.574Z,5487.00,delivered
MYN2284299946,S0035,myntra,TSHIRT-YEL-S,1,C01455,2026-08-04T17:45:46.401Z,329.00,shipped
MSH532158355,S0036,meesho,JEANS-PNK-36,1,C02845,2026-09-15T07:32:34.413Z,1340.10,delivered
MSH566656876,S0016,meesho,HANDBAG-RED-FREE,5,C02440,2026-07-11T09:17:45.631Z,2345.00,delivered
924-3171909-5173122,S0009,amazon,HANDBAG-WHT-FREE,4,C01785,2026-08-13T21:29:22.273Z,5916.00,delivered
289-0132187-0596208,S0009,amazon,HANDBAG-PNK-FREE,1,C00821,2026-08-10T01:54:48.682Z,1015.55,delivered
OD055254643445,S0003,flipkart,KURTI-YEL-L,1,C01672,2026-08-16T10:57:30.033Z,512.10,delivered
OD480395633930,S0002,flipkart,HOODIE-YEL-M,2,C00117,2026-08-07T17:26:07.080Z,2298.00,shipped
OD058891704178,S0015,flipkart,SAREE-GRN-FREE,4,C01008,2026-07-31T22:17:39.687Z,8736.20,delivered
OD933858857589,S0010,flipkart,SAREE-GRN-FREE,2,C02408,2026-07-13T00:47:49.380Z,2938.00,delivered
MSH340302483,S0001,meesho,TSHIRT-PNK-XL,3,C02527,2026-09-29T11:21:38.085Z,1107.00,shipped
OD425452182988,S0048,flipkart,HOODIE-BLK-L,4,C02403,2026-08-28T03:47:04.735Z,4898.20,shipped
028-1988467-9260848,S0001,amazon,TSHIRT-PNK-XL,3,C01773,2026-08-03T03:13:55.654Z,1051.65,delivered
636-7670431-2964272,S0001,amazon,HOODIE-GRN-XL,2,C01181,2026-09-28T10:27:34.306Z,3678.00,delivered
OD192092634866,S0015,flipkart,SAREE-GRN-FREE,1,C00706,2026-09-07T15:17:16.062Z,2184.05,delivered
806-7457269-6114136,S0032,amazon,WATCH-BLU-FREE,1,C02159,2026-09-16T17:42:41.872Z,2109.00,delivered
OD781310635875,S0037,flipkart,JEANS-BLU-30,2,C00977,2026-09-13T19:14:44.888Z,1338.00,cancelled
MSH309471371,S0009,meesho,HANDBAG-WHT-FREE,2,C00207,2026-08-06T23:55:43.198Z,2810.10,pending
MSH164189532,S0040,meesho,JEANS-PNK-32,4,C00097,2026-09-24T08:03:03.558Z,2336.40,delivered
OD604250374821,S0009,flipkart,HANDBAG-PNK-FREE,4,C01780,2026-09-24T21:52:14.726Z,4276.00,delivered
789-5178304-5505566,S0001,amazon,TSHIRT-WHT-XL,1,C00959,2026-08-03T12:07:18.515Z,431.10,cancelled
MSH895150808,S0026,meesho,WATCH-MAR-FREE,2,C01712,2026-08-04T03:30:39.207Z,5338.00,delivered
MYN7985552312,S0043,myntra,HANDBAG-GRN-FREE,1,C02912,2026-07-17T03:41:46.955Z,579.00,delivered
MSH236011654,S0010,meesho,HANDBAG-RED-FREE,1,C02270,2026-07-26T21:43:05.069Z,619.00,delivered
MSH426073269,S0009,meesho,HANDBAG-BLK-FREE,3,C01658,2026-09-02T18:07:37.214Z,3657.00,confirmed
MYN9484361164,S0008,myntra,JEANS-BLU-34,1,C02655,2026-09-21T01:53:45.491Z,1424.05,returned
MYN2602493788,S0014,myntra,KURTI-RED-M,1,C00887,2026-09-28T13:54:00.415Z,749.00,delivered
MSH265908356,S0001,meesho,TSHIRT-WHT-XL,1,C02774,2026-09-16T18:22:22.513Z,479.00,delivered
812-5374749-5033656,S0001,amazon,TSHIRT-WHT-XL,3,C01306,2026-07-27T00:47:39.245Z,1293.30,confirmed
MYN8927910713,S0019,myntra,WATCH-BLK-FREE,1,C00201,2026-08-18T02:37:42.122Z,1395.55,delivered
OD722721051557,S0003,flipkart,SAREE-MAR-FREE,1,C00474,2026-09-19T19:33:12.095Z,1589.00,delivered
MYN9482204093,S0023,myntra,SAREE-WHT-FREE,1,C02685,2026-08-24T05:26:06.011Z,2379.00,delivered
MYN0269814390,S0008,myntra,JEANS-PNK-30,2,C01666,2026-08-28T11:48:36.678Z,2358.00,shipped
MSH641282382,S0001,meesho,HOODIE-GRN-XL,1,C00497,2026-09-07T23:33:24.716Z,1747.05,returned
889-9464215-2032913,S0001,amazon,HOODIE-PNK-M,4,C02946,2026-07-05T12:17:57.203Z,6396.00,cancelled
193-0919933-4487963,S0001,amazon,TSHIRT-WHT-XL,3,C00139,2026-09-23T14:44:57.087Z,1437.00,confirmed
MSH196910339,S0002,meesho,TSHIRT-RED-S,2,C02532,2026-07-08T19:18:10.296Z,abc,delivered
OD146349543462,S0002,flipkart,HOODIE-BLU-M,1,C01268,2026-07-12T08:29:07.038Z,1929.00,cancelled
MSH405427893,S0029,meesho,SNEAKER-PNK-7,1,C02833,2026-08-25T01:08:13.540Z,2539.00,delivered
406-2853269-3859683,S0001,amazon,HOODIE-GRN-XL,1,C00705,2026-09-21T01:49:59.738Z,1747.05,shipped
MYN1546270202,S0047,myntra,WATCH-MAR-FREE,1,C02044,2026-09-05T11:39:09.075Z,2019.00,pending
768-2912463-7705671,S0041,amazon,TSHIRT-WHT-XL,1,C01836,2026-07-13T17:15:10.055Z,419.00,pending
736-4654290-7843802,S0022,amazon,HOODIE-YEL-M,1,C02491,2026-09-16T20:25:35.625Z,1158.05,delivered
944-9585346-5169523,S0001,amazon,TSHIRT-GRN-L,4,C01445,2026-10-01T21:35:42.638Z,1956.00,delivered
OD814463210415,S0025,flipkart,SNEAKER-PNK-8,5,C01340,2026-08-16T03:27:30.923Z,5530.50,shipped
745-8578495-7826678,S0001,amazon,TSHIRT-GRN-L,1,C02503,2026-09-26T22:42:10.736Z,440.10,delivered
MSH534572830,S0001,meesho,HOODIE-GRN-XL,3,C02510,2026-08-19T13:12:01.346Z,5517.00,delivered
MSH398885116,S0029,meesho,SNEAKER-PNK-7,1,C00069,2026-07-25T02:32:56.637Z,2412.05,delivered
MSH858265730,S0007,meesho,HOODIE-BLK-XL,1,C00454,2026-08-07T02:05:50.307Z,1331.10,delivered
MSH681385599,S0002,meesho,TSHIRT-RED-S,1,C01377,2026-09-05T05:59:56.029Z,341.10,shipped
OD987479141988,S0003,flipkart,SAREE-RED-FREE,1,C00176,2026-09-23T23:16:20.278Z,1079.00,delivered
254-3537981-9146783,S0009,amazon,HANDBAG-PNK-FREE,3,C00930,2026-09-26T05:10:26.674Z,3207.00,delivered
300-8103779-3250260,S0009,amazon,HANDBAG-YEL-FREE,3,C02485,2026-08-07T22:59:54.394Z,2427.00,delivered
OD168132841937,S0036,flipkart,HOODIE-GRN-XL,1,C01858,2026-07-11T10:01:45.649Z,1691.10,delivered
MSH479085655,S0002,meesho,HOODIE-YEL-M,3,C01977,2026-08-23T05:26:03.957Z,3274.65,pending
006-5542175-5477114,S0001,amazon,TSHIRT-WHT-XL,2,C02976,2026-08-14T16:28:55.065Z,958.00,delivered
083-5724910-4928078,S0016,amazon,HANDBAG-BLK-FREE,2,C01794,2026-09-11T00:07:22.289Z,2158.00,confirmed
235-9524742-1851259,S0001,amazon,TSHIRT-PNK-XL,1,C01347,2026-09-03T06:29:48.090Z,332.10,delivered
OD855997708132,S0014,flipkart,WATCH-GRN-FREE,3,C00745,2026-09-02T16:33:47.233Z,2817.00,shipped
389-4385811-3353572,S0032,amazon,WATCH-PNK-FREE,3,C01286,2026-08-30T10:25:10.999Z,4167.00,delivered
MYN5512378842,S0004,myntra,KURTI-MAR-S,2,C00544,2026-09-23T10:08:30.315Z,646.20,delivered
OD194978509524,S0024,flipkart,KURTI-BLK-L,2,C01873,2026-09-09T13:23:05.311Z,808.20,delivered
417-6272622-7871364,S0001,amazon,TSHIRT-PNK-XL,1,C02036,2026-09-08T05:13:17.460Z,332.10,delivered
MYN2834297288,S0029,myntra,SNEAKER-PNK-7,4,C00498,2026-07-28T16:02:09.629Z,10156.00,shipped
MYN5227316950,S0034,myntra,HANDBAG-YEL-FREE,2,C01970,2026-07-11T15:20:39.632Z,2498.00,delivered
MSH490759280,S0007,meesho,HOODIE-PNK-XL,3,C02715,2026-07-05T18:05:36.894Z,4767.00,confirmed
MSH722315010,S0005,meesho,SNEAKER-MAR-7,1,C01409,2026-08-21T14:36:02.550Z,2399.00,delivered
MYN0499077461,S0003,myntra,KURTI-YEL-M,5,C02408,2026-08-02T07:16:02.507Z,1562.75,delivered
MYN0438864013,S0048,myntra,HOODIE-MAR-XL,1,C02741,2026-07-18T05:51:46.056Z,1209.00,shipped
MSH336952062,S0002,meesho,HOODIE-BLK-L,3,C01843,2026-08-21T14:37:55.746Z,2751.30,delivered
580-9136018-6904045,S0022,amazon,HOODIE-BLK-XL,1,C01672,2026-07-08T23:04:37.809Z,1205.10,delivered
OD798411383959,S0002,flipkart,TSHIRT-WHT-M,1,C01495,2026-07-15T13:55:59.522Z,439.00,cancelled
MYN9070170673,S0003,myntra,SAREE-MAR-FREE,2,C00855,2026-09-03T10:33:07.724Z,2860.20,delivered
MSH240120088,S0001,meesho,HOODIE-GRN-XL,4,C02310,2026-09-28T12:48:18.235Z,7356.00,delivered
OD104479780548,S0003,flipkart,SAREE-MAR-FREE,1,C01513,2026-07-06T07:12:34.648Z,1509.55,delivered
OD648356381122,S0002,flipkart,TSHIRT-PNK-XL,1,C02910,2026-08-03T00:38:35.888Z,259.00,shipped
MYN0336122878,S0019,myntra,WATCH-PNK-FREE,1,C01504,2026-07-13T11:22:59.575Z,3143.55,returned
OD540249601420,S0033,flipkart,TSHIRT-RED-S,1,C01370,2026-07-11T02:21:12.073Z,251.10,delivered
MYN9675738883,S0047,myntra,KURTI-YEL-M,2,C01485,2026-09-16T03:33:42.146Z,1778.00,confirmed
091-0224969-3498500,S0001,amazon,HOODIE-GRN-XL,2,C02365,2026-07-22T15:57:43.726Z,3678.00,confirmed
MSH813786869,S0005,meesho,SNEAKER-MAR-7,1,C02737,2026-08-27T18:42:39.621Z,2159.10,cancelled
523-4979792-5850507,S0026,amazon,HANDBAG-GRN-FREE,5,C01890,2026-08-16T01:42:22.921Z,2545.00,confirmed
OD992322255599,S0050,flipkart,WATCH-WHT-FREE,2,C00952,2026-09-17T08:58:38.731Z,6818.00,confirmed
965-9477971-2208113,S0001,amazon,TSHIRT-WHT-XL,5,C01867,2026-07-13T04:15:30.782Z,2395.00,delivered
925-2409862-2856740,S0032,amazon,WATCH-RED-FREE,2,C01916,2026-08-10T00:01:30.158Z,3310.20,delivered
MYN1975595471,S0008,myntra,JEANS-YEL-32,1,C02083,2026-09-01T09:54:48.213Z,1619.10,delivered
OD040661943308,S0003,flipkart,KURTI-WHT-XL,3,C02355,2026-09-30T22:57:03.240Z,1347.00,delivered
OD713752151142,S0048,flipkart,HOODIE-BLK-L,5,C02469,2026-08-18T22:25:59.476Z,6445.00,returned
OD576795166667,S0002,flipkart,HOODIE-BLK-L,2,C02219,2026-08-24T11:54:48.074Z,2038.00,cancelled
240-7765777-9552908,S0001,amazon,HOODIE-GRN-XL,1,C00774,2026-08-10T06:05:16.442Z,1839.00,pending
MSH820465607,S0007,meesho,JEANS-BLU-36,5,C00133,2026-08-27T03:49:32.326Z,5595.00,delivered
MYN1755746839,S0037,myntra,JEANS-RED-36,2,C00956,2026-08-04T14:13:33.711Z,3598.00,delivered
243-7952306-0649012,S0032,amazon,WATCH-RED-FREE,2,C00537,2026-07-25T03:32:12.973Z,3678.00,delivered
OD780196628102,S0003,flipkart,KURTI-YEL-L,1,C01117,2026-08-27T08:56:26.901Z,569.00,returned
205-5932999-1004012,S0001,amazon,TSHIRT-PNK-XL,1,C02698,2026-07-24T17:30:55.339Z,332.10,delivered
234-2522838-1634929,S0001,amazon,TSHIRT-WHT-XL,1,C00901,2026-09-17T14:01:21.900Z,431.10,delivered
MYN5729238747,S0019,myntra,WATCH-PNK-FREE,1,C01689,2026-07-19T02:45:44.567Z,3143.55,pending
OD873671431745,S0010,flipkart,SAREE-YEL-FREE,1,C01584,2026-07-29T03:16:26.980Z,629.10,pending
OD585099026970,S0018,flipkart,JEANS-BLK-36,1,C02318,2026-08-29T20:59:52.582Z,701.10,cancelled
419-3273525-1069716,S0045,amazon,WATCH-MAR-FREE,2,C00924,2026-09-07T00:45:00.837Z,2374.20,delivered
OD977563087341,S0010,flipkart,SAREE-YEL-FREE,1,C00448,2026-09-17T05:05:10.241Z,699.00,shipped
232-5343703-6374869,S0001,amazon,HOODIE-GRN-XL,1,C02398,2026-08-06T11:53:51.958Z,1839.00,delivered
MSH620576615,S0007,meesho,JEANS-BLU-36,5,C02364,2026-09-13T15:16:50.466Z,5595.00,confirmed
OD347111624884,S0010,flipkart,SAREE-GRN-FREE,2,C00021,2026-09-18T17:24:17.931Z,2938.00,cancelled
MYN5181812347,S0003,myntra,SAREE-YEL-FREE,1,C02995,2026-08-25T20:06:13.720Z,1224.55,pending
OD074803868452,S0031,flipkart,HOODIE-BLK-L,2,C01269,2026-09-10T03:56:45.959Z,2658.00,returned
119-2359516-4248956,S0001,amazon,HOODIE-GRN-XL,1,C01949,2026-07-25T23:14:08.202Z,1747.05,shipped
760-3846717-6787939,S0044,amazon,HOODIE-BLU-XL,1,C02589,2026-08-28T17:09:56.464Z,1699.00,shipped
350-4378376-9675266,S0001,amazon,TSHIRT-PNK-XL,1,C02945,2026-08-13T16:35:06.847Z,369.00,delivered
MYN4546717528,S0047,myntra,WATCH-WHT-FREE,2,C02306,2026-07-25T23:34:29.157Z,2938.00,confirmed
045-8680724-2827588,S0001,amazon,TSHIRT-PNK-XL,1,C02197,2026-08-03T11:39:27.568Z,369.00,pending
MYN9412226781,S0008,myntra,JEANS-BLU-34,1,C02939,2026-09-28T21:45:13.328Z,1499.00,delivered
OD255242641325,S0002,flipkart,HOODIE-YEL-M,1,C02962,2026-09-10T20:16:21.674Z,1149.00,confirmed
OD805411552564,S0002,flipkart,TSHIRT-BLU-XL,1,C00915,2026-08-01T09:57:13.093Z,679.00,delivered
OD447385249221,S0002,flipkart,TSHIRT-BLU-XL,1,C01721,2026-09-09T16:48:13.506Z,679.00,confirmed
292-3839347-7951309,S0004,amazon,KURTI-BLU-S,1,C02823,2026-09-09T11:09:24.443Z,829.00,confirmed
313-5456515-8915190,S0001,amazon,HOODIE-PNK-M,1,C00270,not-a-date,1519.05,shipped
MYN9345152161,S0048,myntra,HOODIE-MAR-XL,1,C00595,2026-09-10T15:56:32.903Z,1148.55,confirmed
OD142262598587,S0002,flipkart,TSHIRT-BLU-XL,1,C01877,2026-08-31T05:46:54.598Z,679.00,delivered
OD798667543354,S0010,flipkart,HANDBAG-WHT-FREE,1,C01882,2026-08-25T18:24:08.111Z,656.10,delivered
OD236067546487,S0010,flipkart,SAREE-YEL-FREE,1,C02611,2026-09-15T15:43:38.883Z,699.00,confirmed
MYN5881534557,S0043,myntra,HANDBAG-RED-FREE,1,C01040,2026-08-12T03:07:02.460Z,1115.10,delivered
MSH572812976,S0040,meesho,JEANS-PNK-32,1,C02778,2026-09-26T19:46:51.225Z,649.00,delivered
OD271176815156,S0024,flipkart,JEANS-RED-36,2,C02489,2026-09-12T06:16:21.173Z,1598.00,delivered
MYN7721113894,S0019,myntra,WATCH-BLK-FREE,1,C00262,2026-09-07T17:52:34.046Z,1469.00,delivered
602-5400170-1607086,S0032,amazon,WATCH-BLK-FREE,3,C01134,2026-08-25T16:49:19.170Z,5212.65,pending
674-5212206-4481835,S0044,amazon,HOODIE-YEL-XL,1,C00657,2026-07-19T19:40:06.096Z,1736.10,cancelled
MSH947960529,S0002,meesho,HOODIE-BLU-M,3,C01538,2026-09-12T19:55:18.521Z,5787.00,cancelled
MSH172166613,S0001,meesho,HOODIE-GRN-XL,1,C01270,2026-09-22T17:49:10.088Z,1839.00,cancelled
OD622865206992,S0024,flipkart,JEANS-RED-36,5,C01925,2026-09-27T19:54:37.521Z,3995.00,delivered
104-1941520-1517478,S0045,amazon,WATCH-BLK-FREE,1,C02313,2026-08-23T13:08:40.122Z,2987.10,delivered
MYN1193685630,S0019,myntra,WATCH-PNK-FREE,2,C01945,2026-07-27T13:28:09.470Z,6287.10,delivered
825-4172806-0156008,S0001,amazon,HOODIE-GRN-XL,1,C00718,2026-09-17T22:59:51.558Z,1747.05,delivered
662-5047024-7422200,S0008,amazon,JEANS-YEL-32,1,C02430,2026-09-16T02:42:05.478Z,1799.00,delivered
212-8373632-4139969,S0046,amazon,SAREE-PNK-FREE,1,C00532,2026-07-17T12:57:34.959Z,1359.00,delivered
MSH523856922,S0007,meesho,JEANS-BLU-36,3,C02543,2026-08-05T07:26:13.713Z,3357.00,delivered
MYN7202878279,S0004,myntra,KURTI-PNK-M,1,C00766,2026-08-14T11:44:44.555Z,314.10,delivered
526-4094304-5839357,S0001,amazon,HOODIE-PNK-M,5,C02613,2026-09-27T08:16:29.385Z,7995.00,delivered
MYN0533039696,S0003,myntra,SAREE-RED-FREE,1,C02194,2026-10-03T10:51:40.381Z,1079.00,cancelled
MSH249132787,S0002,meesho,HOODIE-YEL-M,3,C00386,2026-08-12T13:35:52.215Z,3447.00,shipped
758-2785619-5223803,S0031,amazon,HOODIE-RED-XL,1,C01454,2026-08-31T15:14:48.397Z,1389.00,confirmed
MSH038901628,S0036,meesho,JEANS-PNK-36,1,C00472,2026-09-28T04:55:35.536Z,1414.55,delivered
MSH358061066,S0005,meesho,SNEAKER-MAR-7,4,C02648,2026-09-01T14:42:55.671Z,8636.40,delivered
MYN8410887396,S0003,myntra,KURTI-GRN-L,4,C00795,2026-08-11T00:38:07.574Z,1956.00,delivered
495-5937305-6040802,S0001,amazon,TSHIRT-WHT-XL,2,C00147,2026-07-30T19:28:08.816Z,958.00,shipped
285-4983475-4676045,S0012,amazon,KURTI-YEL-M,1,C01886,2026-08-25T07:12:16.673Z,749.00,delivered
129-6882947-1292547,S0031,amazon,HOODIE-RED-XL,4,C00914,2026-08-07T12:47:12.454Z,5278.20,returned
MSH290239231,S0002,meesho,HOODIE-BLK-L,4,C02248,2026-08-12T00:22:37.095Z,4076.00,cancelled
MSH250373559,S0001,meesho,HOODIE-GRN-XL,1,C01143,2026-07-08T18:44:18.759Z,1655.10,shipped
MYN0619403850,S0006,myntra,SNEAKER-RED-10,1,C00342,2026-08-04T12:44:15.744Z,2969.00,confirmed
MSH908922372,S0007,meesho,JEANS-BLU-36,5,C02840,2026-08-28T21:35:01.105Z,5315.25,confirmed
018-6857534-8880850,S0001,amazon,HOODIE-GRN-XL,1,C01976,2026-07-13T03:57:59.805Z,1747.05,returned
MSH640890561,S0027,meesho,SAREE-WHT-FREE,2,C00734,,3658.00,delivered
MSH824906774,S0002,meesho,TSHIRT-WHT-M,1,C02859,2026-07-09T04:18:06.557Z,439.00,returned
MSH381142114,S0011,meesho,KURTI-WHT-XL,1,C02407,2026-07-14T10:16:10.402Z,656.10,confirmed
OD980593004459,S0010,flipkart,HANDBAG-PNK-FREE,1,C02986,2026-08-20T21:05:51.725Z,683.05,shipped
MYN7793026718,S0035,myntra,TSHIRT-MAR-M,1,C01858,2026-09-10T23:55:39.619Z,426.55,delivered
OD605298240479,S0024,flipkart,JEANS-RED-36,1,C00929,2026-07-17T17:18:57.782Z,799.00,shipped
MSH851768035,S0001,meesho,TSHIRT-WHT-XL,2,C01220,2026-09-20T22:03:26.791Z,958.00,delivered
MSH006091971,S0016,meesho,HANDBAG-PNK-FREE,1,C00320,2026-09-07T00:45:07.730Z,494.10,delivered
533-9984602-2838826,S0001,amazon,HOODIE-GRN-XL,1,C01511,2026-07-13T08:46:30.665Z,1839.00,delivered
692-1378870-8099111,S0008,amazon,JEANS-BLK-36,1,C00320,2026-09-12T19:26:20.690Z,799.00,delivered
313-4414824-6693164,S0004,amazon,KURTI-PNK-M,1,C00459,2026-08-29T09:17:18.221Z,314.10,returned
MYN5222190564,S0003,myntra,KURTI-WHT-XL,2,C00001,2026-09-13T20:44:43.776Z,898.00,cancelled
MYN4646195526,S0003,myntra,SAREE-YEL-FREE,2,C00885,2026-09-26T00:35:35.756Z,2449.10,delivered
MSH190294334,S0005,meesho,SNEAKER-BLK-7,1,C02233,2026-08-31T03:05:13.123Z,2279.00,delivered
MSH945135435,S0002,meesho,HOODIE-BLK-L,1,C02609,2026-07-16T10:20:26.120Z,1019.00,cancelled
243-7816029-8808551,S0001,amazon,TSHIRT-WHT-XL,4,C00756,2026-09-09T11:03:28.068Z,1916.00,delivered
MYN5077601711,S0034,myntra,HANDBAG-MAR-FREE,3,C02361,2026-07-19T06:18:38.368Z,2020.65,delivered
MYN5100488163,S0014,myntra,KURTI-RED-M,1,C00017,2026-10-01T00:22:49.029Z,711.55,delivered
OD206715439902,S0003,flipkart,SAREE-MAR-FREE,5,C00669,2026-09-13T19:57:53.110Z,7945.00,cancelled
195-9897252-4932115,S0001,amazon,TSHIRT-WHT-XL,2,C01028,2026-07-24T17:57:54.487Z,862.20,cancelled
MYN6103244539,S0029,myntra,SNEAKER-PNK-7,1,C02989,2026-09-22T05:09:57.987Z,2539.00,delivered
MSH259083963,S0002,meesho,TSHIRT-WHT-M,2,C00509,2026-07-18T21:32:36.993Z,790.20,delivered
152-6670287-5038341,S0012,amazon,KURTI-BLU-XL,2,C00777,2026-09-08T21:31:06.975Z,1718.00,confirmed
OD131590771014,S0031,flipkart,HOODIE-RED-XL,1,C01647,2026-09-16T14:26:46.869Z,1250.10,delivered
581-1763975-2743196,S0045,amazon,WATCH-BLK-FREE,1,C00148,2026-07-29T13:33:19.438Z,3319.00,returned
OD205736012819,S0002,flipkart,HOODIE-YEL-M,1,C02105,2026-08-13T11:51:01.669Z,1091.55,confirmed
975-2271185-0882255,S0022,amazon,HOODIE-YEL-M,3,C02748,2026-08-08T15:43:29.514Z,3657.00,delivered
MYN4996264565,S0008,myntra,JEANS-YEL-32,1,C02478,2026-09-01T12:23:36.219Z,1799.00,delivered
MSH129227164,S0001,meesho,HOODIE-GRN-XL,2,C01037,2026-07-27T23:36:35.132Z,3494.10,delivered
MSH480988690,S0001,meesho,HOODIE-GRN-XL,1,C02260,2026-08-10T05:44:35.459Z,1655.10,delivered
MYN3358497581,S0003,myntra,KURTI-YEL-M,1,C00493,2026-08-11T20:43:05.743Z,329.00,delivered
MSH337707288,S0001,meesho,TSHIRT-WHT-XL,1,C00076,2026-08-31T02:34:30.347Z,479.00,delivered
785-4181816-6331623,S0045,amazon,WATCH-BLU-FREE,1,C00724,2026-07-14T18:20:11.867Z,863.55,returned
MSH869150033,S0007,meesho,JEANS-BLU-36,4,C02894,2026-08-09T07:11:38.979Z,4476.00,delivered
MSH573335125,S0007,meesho,JEANS-BLK-34,1,C01167,2026-08-06T23:09:14.259Z,829.00,delivered
MYN3642961759,S0023,myntra,SAREE-RED-FREE,2,C00299,2026-07-30T05:51:23.497Z,2258.00,delivered
MYN1779800933,S0035,myntra,TSHIRT-GRN-L,4,C00348,2026-08-22T02:02:45.380Z,1916.00,delivered
MSH636625563,S0001,meesho,HOODIE-PNK-M,1,C00802,2026-09-26T03:15:01.554Z,1599.00,delivered
MYN5812309081,S0029,myntra,WATCH-RED-FREE,1,C01483,2026-07-28T13:10:04.947Z,797.05,cancelled
OD842369982714,S0024,flipkart,JEANS-BLU-32,1,C02231,2026-09-14T04:09:20.723Z,1249.00,delivered
OD489524487536,S0003,flipkart,KURTI-MAR-M,2,C01607,2026-08-23T01:29:08.707Z,1158.00,shipped
MYN7792647156,S0008,myntra,JEANS-PNK-30,3,C02764,2026-09-06T22:17:04.474Z,3537.00,delivered
179-9724025-4197657,S0044,amazon,HOODIE-YEL-XL,1,C02628,2026-09-28T21:03:31.665Z,1929.00,delivered
OD201780321495,S0009,flipkart,HANDBAG-PNK-FREE,3,C00984,2026-07-22T19:09:18.038Z,3207.00,pending
MYN5599925262,S0034,myntra,HANDBAG-BLU-FREE,1,C02243,2026-08-27T06:15:46.826Z,1262.55,delivered
OD244898995881,S0002,flipkart,HOODIE-BLU-M,2,C01747,2026-09-10T05:26:47.490Z,3858.00,delivered
OD864546389648,S0009,flipkart,HANDBAG-BLU-FREE,1,C01268,2026-09-22T12:16:20.009Z,1479.00,delivered
413-1393682-4069995,S0004,amazon,KURTI-BLU-S,2,C01576,2026-07-20T13:30:05.581Z,1492.20,returned
546-4943564-4168577,S0045,amazon,WATCH-BLU-FREE,4,C01930,2026-09-10T09:57:27.758Z,3272.40,delivered
OD921460764690,S0015,flipkart,SAREE-GRN-FREE,1,C00371,2026-09-27T10:47:41.724Z,2299.00,done
OD278407818479,S0009,flipkart,HANDBAG-PNK-FREE,4,C00022,2026-09-06T19:53:57.463Z,4276.00,cancelled
016-5164256-7097386,S0004,amazon,KURTI-BLU-S,4,C01911,2026-09-03T21:03:48.217Z,3316.00,shipped
OD058949915898,S0009,flipkart,HANDBAG-BLU-FREE,1,C02399,2026-08-02T05:31:51.395Z,1479.00,delivered
190-0288063-0577021,S0001,amazon,HOODIE-GRN-XL,1,C00763,2026-07-28T18:06:48.824Z,1839.00,delivered
MYN3894243261,S0046,myntra,HOODIE-BLU-L,1,C00122,2026-10-02T14:59:34.827Z,1479.00,delivered
OD180640772935,S0018,flipkart,JEANS-BLK-34,1,C02519,2026-08-16T12:06:35.340Z,819.00,delivered
614-0550298-5900761,S0034,amazon,HANDBAG-WHT-FREE,2,C02737,2026-09-12T19:23:23.829Z,2284.20,delivered
MSH502283058,S0005,meesho,SNEAKER-YEL-8,1,C02317,2026-07-19T16:42:19.620Z,2609.10,pending
307-8017673-4378398,S0009,amazon,HANDBAG-BLK-FREE,4,C01120,2026-07-09T07:00:22.691Z,4388.40,delivered
MSH361729259,S0001,meesho,TSHIRT-PNK-XL,3,C02676,2026-09-18T14:01:36.663Z,1107.00,shipped
MSH988774712,S0002,meesho,HOODIE-MAR-XL,1,C00501,2026-08-04T02:23:45.383Z,892.05,pending
611-9855019-6334536,S0031,amazon,HOODIE-RED-XL,1,C02384,2026-07-08T16:03:04.870Z,1250.10,shipped
OD792936760704,S0024,flipkart,KURTI-GRN-XL,1,C01025,2026-09-16T16:16:37.592Z,531.05,delivered
OD553150237098,S0036,flipkart,HOODIE-GRN-XL,1,C01688,2026-08-29T16:36:51.029Z,1879.00,cancelled
MYN6969200964,S0008,myntra,JEANS-YEL-32,2,C00577,2026-07-24T09:44:20.755Z,3598.00,delivered
OD497256705267,S0002,flipkart,HOODIE-BLK-L,1,C02813,2026-08-15T03:43:41.379Z,1019.00,delivered
MSH453555392,S0001,meesho,HOODIE-GRN-XL,2,C01226,2026-09-07T09:01:36.808Z,3310.20,shipped
OD138202406362,S0003,flipkart,SAREE-MAR-FREE,1,C02019,2026-07-25T02:44:34.554Z,1589.00,pending
864-9680660-1747806,S0031,amazon,SNEAKER-WHT-7,2,C02303,2026-08-27T11:45:10.250Z,2078.00,delivered
818-7199844-1492262,S0037,amazon,JEANS-MAR-34,4,C02315,2026-08-25T19:09:46.372Z,6036.00,cancelled
OD323339208792,S0017,flipkart,KURTI-WHT-XL,3,C02023,2026-09-08T23:13:38.157Z,1707.00,delivered
OD482084212153,S0025,flipkart,SNEAKER-PNK-8,1,C02223,2026-07-09T23:43:30.796Z,1229.00,delivered
MSH816429975,S0005,meesho,SNEAKER-MAR-7,1,C00635,2026-08-12T16:55:13.291Z,2399.00,delivered
OD865339105471,S0015,flipkart,SAREE-BLK-FREE,2,C00319,2026-08-15T01:54:47.237Z,2398.00,delivered
MYN0994410432,S0003,myntra,KURTI-GRN-L,1,C01742,2026-08-07T09:13:34.049Z,489.00,delivered
872-5320610-9023670,S0004,amazon,KURTI-YEL-XL,1,C02287,2026-09-13T19:22:01.279Z,609.00,confirmed
899-3642668-8281119,S0020,amazon,JEANS-PNK-34,1,C01502,2026-09-24T15:16:52.531Z,935.10,delivered
OD422112701830,S0010,flipkart,HANDBAG-RED-FREE,2,C02704,2026-07-29T12:18:33.016Z,1176.10,cancelled
MYN8924485743,S0019,myntra,WATCH-BLK-FREE,1,C01164,2026-08-23T08:42:02.447Z,1469.00,delivered
OD220853467245,S0009,flipkart,HANDBAG-BLU-FREE,1,C00156,2026-09-10T06:28:41.102Z,1479.00,returned
MYN6768394219,S0044,myntra,HOODIE-WHT-M,2,C02658,2026-09-04T01:50:35.914Z,2778.00,delivered
MYN5177800304,S0008,myntra,WATCH-PNK-FREE,4,C02018,2026-07-23T21:08:27.415Z,12992.20,delivered
573-7746978-6645724,S0023,amazon,SAREE-PNK-FREE,1,C01498,2026-08-18T14:07:10.304Z,1880.10,cancelled
355-5775362-5950471,S0001,amazon,HOODIE-PNK-M,1,C02019,2026-07-24T10:57:16.974Z,1599.00,delivered
OD876925992727,S0003,flipkart,SAREE-GRN-FREE,3,C00953,2026-07-12T22:20:35.511Z,4386.15,returned
OD814219272474,S0036,flipkart,HOODIE-GRN-XL,1,C01588,2026-07-27T17:13:59.561Z,1879.00,delivered
OD229404786239,S0002,flipkart,HOODIE-YEL-M,3,C02714,2026-08-09T02:09:27.802Z,3447.00,delivered
OD747498664152,S0010,flipkart,SAREE-WHT-FREE,1,C02725,2026-08-26T08:58:49.394Z,1909.00,delivered
MYN0838255249,S0003,myntra,KURTI-YEL-L,5,C02887,2026-08-21T23:19:10.712Z,2845.00,cancelled
MSH014089659,S0002,meesho,HOODIE-BLK-L,2,C00585,2026-08-15T15:38:07.972Z,2038.00,delivered
MSH983176589,S0002,meesho,HOODIE-BLK-L,5,C00217,2026-08-14T13:47:50.372Z,4585.50,cancelled
MSH216947172,S0027,meesho,SAREE-YEL-FREE,2,C01884,2026-09-17T02:32:52.618Z,2658.10,shipped
MYN0074798330,S0003,myntra,SAREE-MAR-FREE,1,C01980,2026-09-26T23:32:25.314Z,1589.00,confirmed
102-6300650-1026272,S0011,amazon,KURTI-PNK-S,5,C02413,2026-07-31T11:18:46.495Z,1845.00,delivered
OD888037934019,S0002,flipkart,TSHIRT-RED-L,2,C02271,2026-07-13T21:33:39.513Z,958.00,delivered
375-7963912-8085879,S0039,amazon,HANDBAG-BLU-FREE,1,C01596,2026-07-10T00:38:24.964Z,589.00,cancelled
MSH130180088,S0005,meesho,SNEAKER-MAR-7,1,C01740,2026-08-17T16:56:34.613Z,2399.00,cancelled
126-1883272-4947204,S0034,amazon,HANDBAG-PNK-FREE,2,C01820,2026-08-10T09:23:44.430Z,1348.20,delivered
163-0107061-0065280,S0026,amazon,HANDBAG-WHT-FREE,4,C02080,2026-07-12T03:14:02.344Z,4876.00,delivered
OD314263114710,S0002,flipkart,HOODIE-BLU-M,2,C00331,2026-08-27T07:56:40.807Z,3858.00,delivered
OD509494190557,S0009,flipkart,HANDBAG-GRN-FREE,1,C00661,2026-07-24T14:28:09.640Z,476.10,delivered
460-1451499-6479755,S0048,amazon,HOODIE-MAR-XL,2,C01008,2026-08-24T23:32:14.031Z,2176.20,delivered
MSH648228797,S0007,meesho,JEANS-BLU-36,2,C02890,2026-09-03T18:42:21.998Z,2238.00,returned
OD241972130600,S0042,flipkart,KURTI-WHT-S,2,C01026,2026-07-12T09:38:13.220Z,1096.20,pending
801-2492299-8874199,S0001,amazon,HOODIE-PNK-M,1,C01432,2026-08-14T01:57:28.379Z,1599.00,delivered
OD883837619482,S0002,flipkart,TSHIRT-WHT-M,1,C01454,2026-09-14T04:23:36.879Z,439.00,returned
MSH073270804,S0001,meesho,HOODIE-GRN-XL,4,C01661,2026-07-27T20:46:38.935Z,6620.40,delivered
OD106442135559,S0002,flipkart,HOODIE-YEL-M,5,C02359,2026-09-21T04:27:37.381Z,5745.00,confirmed
MSH872737317,S0001,meesho,TSHIRT-WHT-XL,5,C02919,2026-08-24T06:34:35.661Z,2395.00,delivered
MSH065202092,S0001,meesho,HOODIE-GRN-XL,3,C01286,2026-08-08T15:07:29.210Z,5517.00,delivered
MSH630335118,S0011,meesho,KURTI-BLK-M,2,C02199,2026-09-10T22:27:40.034Z,1638.00,delivered
OD220151154414,S0002,flipkart,HOODIE-YEL-M,1,C02359,2026-09-01T01:13:28.332Z,1149.00,delivered
OD278750369382,S0010,flipkart,SAREE-WHT-FREE,5,C01248,2026-07-14T09:41:55.089Z,9545.00,delivered
909-3441073-7706930,S0001,amazon,HOODIE-PNK-M,2,C02191,2026-09-15T03:54:35.496Z,3198.00,confirmed
MSH497105768,S0007,meesho,HOODIE-PNK-M,2,C01763,2026-09-15T13:13:47.841Z,2518.00,cancelled
822-7554564-8579549,S0001,amazon,HOODIE-GRN-XL,1,C02722,2026-07-10T13:40:37.285Z,1839.00,shipped
MSH312725499,S0001,meesho,TSHIRT-WHT-XL,1,C01184,2026-09-09T14:45:22.012Z,431.10,pending
335-3533184-2543970,S0009,amazon,HANDBAG-BLU-FREE,1,C02633,2026-08-21T21:02:50.667Z,1479.00,delivered
OD223489821330,S0002,flipkart,HOODIE-MAR-XL,1,C01932,2026-09-11T05:37:47.891Z,845.10,delivered
MYN8700287895,S0004,myntra,KURTI-YEL-XL,1,C00254,2026-07-21T04:53:23.646Z,609.00,confirmed
MYN0886178448,S0006,myntra,SNEAKER-RED-10,1,C02668,2026-10-02T07:37:54.214Z,2820.55,delivered
OD773310328689,S0035,flipkart,WATCH-YEL-FREE,3,C02818,2026-09-28T00:04:25.901Z,4917.00,delivered
MSH840470886,S0002,meesho,HOODIE-YEL-M,2,C00699,2026-07-06T05:06:44.007Z,2298.00,delivered
MYN6966495969,S0003,myntra,KURTI-BLK-L,1,C02153,2026-09-12T06:24:04.876Z,769.00,cancelled
MYN3761755643,S0003,myntra,SAREE-MAR-FREE,2,C00119,2026-09-06T04:18:52.972Z,3178.00,delivered
767-8715732-3298713,S0001,amazon,TSHIRT-WHT-XL,1,C00606,2026-09-21T16:02:02.185Z,479.00,delivered
OD582070081565,S0003,flipkart,SAREE-MAR-FREE,4,C01169,2026-07-20T00:25:25.549Z,5720.40,confirmed
080-9276245-2454882,S0001,amazon,HOODIE-GRN-XL,2,C01495,2026-07-30T11:44:04.758Z,3678.00,delivered
OD440017611444,S0009,flipkart,HANDBAG-PNK-FREE,2,C02835,2026-09-21T03:25:47.192Z,2138.00,delivered
578-8242897-2061988,S0001,amazon,TSHIRT-WHT-XL,4,C01633,2026-08-08T19:08:35.125Z,1724.40,shipped
MYN2498306572,S0035,myntra,TSHIRT-YEL-S,1,C01073,2026-07-28T08:55:02.759Z,329.00,delivered
918-3559266-0377456,S0001,amazon,HOODIE-GRN-XL,2,C00743,2026-09-09T16:11:01.522Z,3494.10,delivered
OD085303181656,S0003,flipkart,KURTI-WHT-XL,1,C02430,2026-08-21T19:26:18.766Z,449.00,delivered
807-6098673-5654466,S0001,amazon,HOODIE-GRN-XL,1,C01931,2026-07-28T20:13:17.406Z,1839.00,delivered
OD050660694296,S0010,flipkart,HANDBAG-RED-FREE,1,C02035,2026-08-10T02:26:05.303Z,619.00,pending
OD585674897976,S0025,flipkart,SNEAKER-PNK-7,2,C01757,2026-07-15T01:40:39.949Z,5380.20,delivered
MSH203400027,S0009,meesho,HANDBAG-YEL-FREE,1,C02411,2026-08-13T19:49:01.926Z,809.00,delivered
MSH251052028,S0001,meesho,HOODIE-GRN-XL,3,C00052,2026-07-09T04:01:44.694Z,5517.00,pending
OD472936627041,S0002,flipkart,HOODIE-YEL-M,2,C02788,2026-07-20T19:13:55.450Z,2068.20,delivered
MSH367348802,S0005,meesho,SNEAKER-RED-10,1,C00686,2026-09-03T21:58:01.295Z,1919.00,confirmed
OD993878319546,S0002,flipkart,HOODIE-YEL-M,4,C00014,2026-08-22T09:41:36.365Z,4366.20,delivered
OD798720994120,S0002,flipkart,TSHIRT-PNK-XL,2,C02895,2026-07-31T15:14:21.779Z,466.20,delivered
OD545907851248,S0003,flipkart,KURTI-YEL-L,5,C00099,2026-09-19T00:48:43.423Z,2560.50,delivered
008-3438104-0869349,S0001,amazon,TSHIRT-GRN-L,2,C01490,2026-08-28T09:50:21.257Z,978.00,delivered
MSH194834481,S0002,meesho,TSHIRT-WHT-M,1,C02717,2026-08-29T18:36:32.523Z,395.10,pending
914-4266403-4506966,S0001,amazon,TSHIRT-WHT-XL,1,C01521,2026-07-10T12:32:09.855Z,479.00,confirmed
232-0926888-3465368,S0035,amazon,TSHIRT-YEL-S,1,C00136,2026-09-10T02:39:23.367Z,329.00,delivered
MYN0602527807,S0019,myntra,WATCH-BLK-FREE,5,C02930,2026-08-27T02:32:54.491Z,6977.75,delivered
MYN1386633228,S0006,myntra,SNEAKER-RED-10,3,C01467,2026-08-19T19:10:15.127Z,8907.00,cancelled
MYN8192622048,S0015,snapdeal,SAREE-PNK-FREE,1,C01781,2026-09-07T16:17:32.151Z,799.00,pending
MSH488820231,S0001,meesho,TSHIRT-GRN-L,2,C00730,2026-07-05T18:53:58.600Z,978.00,delivered
OD860353863379,S0002,flipkart,HOODIE-BLU-M,1,C00891,2026-07-25T05:53:36.795Z,1929.00,cancelled
969-2182425-6764465,S0001,amazon,HOODIE-GRN-XL,4,C02308,2026-07-30T06:37:08.798Z,6620.40,delivered
603-2905465-2594066,S0009,amazon,HANDBAG-YEL-FREE,1,C01797,2026-09-20T19:43:44.989Z,768.55,delivered
156-6179064-7004044,S0031,amazon,HOODIE-RED-XL,4,C02231,2026-08-02T08:30:48.513Z,5278.20,delivered
OD110429743028,S0018,flipkart,JEANS-RED-30,5,C00189,2026-09-03T04:28:08.346Z,6195.00,returned
OD527359789644,S0002,flipkart,TSHIRT-WHT-M,1,C00916,2026-08-29T13:15:59.971Z,439.00,delivered
OD874874890180,S0002,flipkart,HOODIE-YEL-M,1,C00404,2026-08-28T15:54:36.158Z,1149.00,confirmed
781-9980570-1510002,S0001,amazon,TSHIRT-PNK-XL,3,C02387,2026-08-06T00:24:45.189Z,1107.00,delivered
MSH177174311,S0009,meesho,HANDBAG-GRN-FREE,1,C00591,2026-09-13T17:44:24.542Z,502.55,delivered
OD115136276985,S0002,flipkart,HOODIE-BLK-L,1,C02710,2026-09-29T15:16:00.910Z,917.10,shipped
MYN1905519555,S0003,myntra,KURTI-WHT-XL,1,C01532,2026-08-02T07:13:25.970Z,449.00,delivered
303-4146145-0969243,S0001,amazon,HOODIE-GRN-XL,1,C01523,2026-08-25T16:58:24.381Z,1839.00,delivered
090-6182196-0245530,S0026,amazon,WATCH-MAR-FREE,1,C00875,2026-09-21T15:40:02.685Z,2669.00,confirmed
OD762990147319,S0025,flipkart,SNEAKER-PNK-8,1,C02005,2026-08-15T22:42:08.430Z,1167.55,confirmed
MYN6031851539,S0003,myntra,KURTI-WHT-XL,1,C02559,2026-09-25T17:42:24.557Z,449.00,delivered
OD751002799465,S0002,flipkart,HOODIE-YEL-M,4,C01306,2026-08-02T08:42:35.955Z,4136.40,cancelled
MYN0636472980,S0006,myntra,SNEAKER-YEL-9,1,C02009,2026-07-26T02:44:12.560Z,1449.00,shipped
OD568055846631,S0036,flipkart,HOODIE-BLU-L,1,C00413,2026-08-12T06:33:45.510Z,835.05,delivered
OD806422119683,S0003,flipkart,SAREE-MAR-FREE,3,C01157,2026-09-06T14:25:39.717Z,4767.00,delivered
216-1243099-7614855,S0008,amazon,JEANS-YEL-32,1,C01231,2026-07-11T22:06:33.775Z,1709.05,delivered
MSH390036995,S0029,meesho,SNEAKER-PNK-7,4,C01967,2026-07-06T08:30:39.996Z,10156.00,returned
MSH601303826,S0002,meesho,TSHIRT-WHT-M,1,C01578,2026-07-10T07:52:12.693Z,439.00,shipped
MYN0302055717,S0004,myntra,KURTI-MAR-S,2,C01712,2026-07-21T21:21:47.475Z,718.00,delivered
MYN2033185428,S0019,myntra,WATCH-BLK-FREE,1,C02266,2026-07-10T21:37:38.425Z,1469.00,delivered
MSH517192415,S0011,meesho,KURTI-RED-L,2,C00653,2026-07-27T15:35:50.361Z,1238.00,delivered
MYN1290623778,S0046,myntra,HOODIE-BLU-L,3,C00693,2026-08-25T07:41:55.909Z,4437.00,shipped
MSH129649163,S0001,meesho,HOODIE-GRN-XL,3,C00885,2026-08-31T10:43:55.559Z,5517.00,delivered
MSH231832544,S0002,meesho,HOODIE-YEL-M,2,C02193,2026-08-12T16:01:48.425Z,2068.20,delivered
MYN7760692959,S0006,myntra,SNEAKER-YEL-7,4,C01876,2026-09-22T10:26:10.437Z,5556.00,delivered
MSH219343306,S0001,meesho,HOODIE-GRN-XL,1,C01741,2026-09-08T18:35:48.413Z,1839.00,confirmed
117-1743531-8785161,S0045,amazon,WATCH-BLK-FREE,2,C01397,2026-08-19T12:28:49.347Z,6638.00,cancelled
980-2318666-4176018,S0012,amazon,KURTI-BLU-S,1,C01362,2026-08-07T12:52:28.423Z,566.10,delivered
782-2125839-7434006,S0025,amazon,SNEAKER-RED-9,1,C00710,2026-09-20T05:26:04.199Z,2204.10,delivered
MSH196914832,S0007,meesho,HOODIE-YEL-M,2,C02396,2026-07-27T00:56:27.418Z,1366.10,delivered
MYN4146585515,S0004,myntra,KURTI-MAR-S,2,C02191,2026-08-17T13:10:24.875Z,718.00,delivered
OD292412099017,S0010,flipkart,SAREE-GRN-FREE,1,C01250,2026-07-19T18:53:06.429Z,1469.00,delivered
OD895831038735,S0008,flipkart,JEANS-YEL-32,4,C01872,2026-09-05T11:34:30.761Z,6836.20,delivered
OD842031371105,S0010,flipkart,SAREE-YEL-FREE,1,C02812,2026-07-07T05:17:05.260Z,699.00,delivered
245-4600673-1353462,S0013,amazon,SNEAKER-MAR-8,2,C02939,2026-09-26T05:48:44.048Z,3918.00,delivered
931-6259101-8837121,S0032,amazon,WATCH-BLU-FREE,3,C02870,2026-08-18T23:21:46.165Z,6010.65,delivered
MSH234299121,S0007,meesho,JEANS-YEL-30,1,C01339,2026-08-23T14:23:12.808Z,609.00,delivered
OD609994470116,S0036,flipkart,JEANS-BLU-36,1,C01696,2026-09-06T08:45:13.512Z,979.00,delivered
OD435871236016,S0010,flipkart,SAREE-YEL-FREE,1,C00738,2026-08-31T04:34:25.279Z,664.05,delivered
971-7965098-7843273,S0043,amazon,HANDBAG-MAR-FREE,2,C02750,2026-07-06T01:41:08.393Z,2078.00,delivered
OD035277490482,S0026,flipkart,WATCH-PNK-FREE,1,C01402,2026-07-12T05:30:51.097Z,1159.00,delivered
OD813643273257,S0010,flipkart,HANDBAG-RED-FREE,3,C02533,2026-07-05T16:57:40.799Z,1857.00,lost
MSH912188765,S0007,meesho,HOODIE-WHT-L,1,C02433,2026-07-22T07:41:42.529Z,1149.00,delivered
XXXXXXXXXXXXXXXXXXXXXXXXXXXXXXXXXXXXXXXXXXXXXXXXXXXXXXXXXXXXXXXXXXXXXX,S0045,amazon,WATCH-BLU-FREE,1,C00379,2026-08-28T16:22:26.355Z,863.55,delivered
MSH882620108,S0001,meesho,HOODIE-PNK-M,1,C01154,2026-08-03T15:45:28.501Z,1519.05,delivered
MSH541766613,S0002,meesho,TSHIRT-PNK-XL,1,C00016,2026-08-19T21:59:09.586Z,246.05,delivered
OD038376154339,S0048,flipkart,HOODIE-BLK-L,3,C02836,2026-08-23T18:36:17.051Z,3480.30,shipped
MSH216551017,S0007,meesho,HOODIE-YEL-M,1,C01281,2026-08-12T18:41:53.415Z,683.05,shipped
MYN8197998681,S0003,myntra,SAREE-RED-FREE,1,C02317,2026-09-20T05:54:53.462Z,1025.05,delivered
,S0029,myntra,SNEAKER-PNK-7,2,C02790,2026-09-20T22:30:48.458Z,5078.00,delivered
919-8603393-3847630,S0037,amazon,JEANS-BLU-30,2,C00194,2026-07-31T23:10:21.090Z,1338.00,delivered
156-3861296-2175878,S0032,amazon,WATCH-WHT-FREE,1,C01260,2026-07-17T19:15:48.601Z,1609.00,delivered
MYN9072158411,S0049,myntra,SNEAKER-GRN-8,2,C00803,2026-10-01T18:56:37.778Z,3038.00,cancelled
MYN2626501488,S0019,myntra,WATCH-RED-FREE,1,C02184,2026-09-09T07:43:54.914Z,3172.05,cancelled
MYN8105690601,S0003,myntra,KURTI-BLK-L,3,C00898,2026-09-14T20:18:54.682Z,2307.00,delivered
MSH979055863,S0007,meesho,HOODIE-YEL-M,1,C01366,2026-07-31T18:38:50.503Z,719.00,cancelled
MYN8198232315,S0003,myntra,SAREE-MAR-FREE,2,C01634,2026-08-20T23:19:53.646Z,3178.00,delivered
OD485843819397,S0015,flipkart,SAREE-PNK-FREE,1,C01722,2026-08-06T12:19:45.012Z,799.00,delivered
OD165899812090,S0010,flipkart,SAREE-PNK-FREE,1,C02142,2026-07-09T21:35:30.062Z,1682.10,delivered
OD791532443554,S0002,flipkart,TSHIRT-RED-L,1,C01913,2026-09-06T05:17:23.483Z,479.00,delivered
OD623685317081,S0037,flipkart,JEANS-PNK-36,2,C00372,2026-10-02T13:44:28.168Z,1818.00,cancelled
MYN1798746296,S0046,myntra,HOODIE-YEL-XL,1,C00835,2026-09-22T05:40:31.321Z,1338.55,delivered
OD209709571241,S0002,flipkart,HOODIE-YEL-M,3,C02132,2026-07-10T23:30:08.830Z,3274.65,delivered
MYN7378677867,S0004,myntra,KURTI-YEL-XL,2,C00482,2026-09-26T23:46:11.135Z,1218.00,delivered
449-8686374-3901687,S0022,amazon,SNEAKER-WHT-10,1,C01399,2026-08-20T04:29:41.034Z,1232.10,delivered
323-8763612-5347415,S0001,amazon,HOODIE-GRN-XL,5,C00029,2026-08-27T13:57:21.772Z,8275.50,shipped
MYN7421339206,S0043,myntra,HANDBAG-GRN-FREE,2,C01528,2026-07-07T09:25:05.237Z,1100.10,delivered
274-6776421-1384884,S0001,amazon,TSHIRT-PNK-XL,4,C02341,2026-09-02T05:42:51.353Z,1328.40,cancelled
MYN8528901396,S0008,myntra,JEANS-BLU-34,3,C02303,2026-09-22T20:33:02.655Z,4497.00,delivered
MYN5781056214,S0006,myntra,SNEAKER-YEL-7,4,C01660,2026-07-16T14:37:49.352Z,5278.20,cancelled
OD915394148064,S0026,flipkart,WATCH-MAR-FREE,2,C00192,2026-10-02T00:26:49.044Z,5071.10,delivered
OD997016766224,S0025,flipkart,SNEAKER-BLK-9,1,C02671,2026-07-23T23:37:05.458Z,2326.55,shipped
MYN4235468724,S0049,myntra,SNEAKER-YEL-10,1,C00658,2026-09-29T07:12:20.941Z,2321.10,confirmed
MSH753660225,S0005,meesho,SNEAKER-PNK-9,1,C01381,2026-08-11T03:18:08.701Z,919.00,delivered
122-1809469-9138456,S0009,amazon,HANDBAG-RED-FREE,4,C00226,2026-09-04T22:28:40.461Z,3756.00,delivered
MYN4590112696,S0003,myntra,KURTI-BLK-M,4,C01566,2026-09-22T11:08:21.718Z,3116.00,delivered
807-6064156-3347587,S0009,amazon,HANDBAG-RED-FREE,5,C02738,2026-09-29T12:19:06.754Z,4695.00,confirmed
MYN3491011635,S0029,myntra,SNEAKER-RED-7,5,C00690,2026-07-20T10:12:58.894Z,13627.75,returned
OD577275129857,S0002,flipkart,HOODIE-YEL-M,1,C01340,2026-08-29T05:36:58.178Z,1149.00,confirmed
MYN9878379089,S0006,myntra,SNEAKER-BLU-7,3,C02644,2026-07-11T17:03:52.726Z,4197.00,pending
MSH233262968,S0002,meesho,HOODIE-YEL-M,1,C02063,2026-08-27T05:36:26.139Z,1034.10,delivered
OD059349937848,S0035,flipkart,TSHIRT-GRN-L,1,C00582,2026-08-30T01:29:04.130Z,455.05,delivered
MSH585629767,S0001,meesho,TSHIRT-WHT-XL,3,C02270,2026-07-24T13:21:37.815Z,1365.15,pending
MYN2122209193,S0004,myntra,KURTI-YEL-XL,1,C01317,2026-07-11T10:02:39.775Z,609.00,delivered
OD518097236402,S0017,flipkart,KURTI-WHT-XL,2,C00056,2026-07-19T20:33:04.489Z,1138.00,delivered
MYN1111802898,S0003,myntra,KURTI-WHT-XL,1,C02542,2026-07-25T00:01:12.117Z,426.55,delivered
MYN6978513860,S0006,myntra,SNEAKER-RED-10,2,C02088,2026-08-21T04:27:21.706Z,5641.10,delivered
MSH086027962,S0007,meesho,HOODIE-WHT-L,1,C00099,2026-08-16T00:51:53.035Z,1149.00,confirmed
OD742665952682,S0018,flipkart,JEANS-MAR-34,1,C01903,2026-10-02T10:46:28.912Z,901.55,delivered
MYN7754315495,S0003,myntra,KURTI-BLK-L,1,C00421,2026-09-01T07:37:30.761Z,769.00,pending
MYN0584456732,S0008,myntra,JEANS-YEL-32,2,C01229,2026-10-02T05:34:21.557Z,3598.00,delivered
OD829077272207,S0003,flipkart,SAREE-MAR-FREE,2,C02366,2026-09-17T21:13:46.114Z,3178.00,delivered
MSH718006969,S0007,meesho,JEANS-BLU-36,3,C02454,2026-08-28T13:15:22.689Z,3021.30,confirmed
805-5388886-3461172,S0023,amazon,SAREE-BLU-FREE,4,C01276,2026-08-15T00:26:08.972Z,9916.00,delivered
MSH031685328,S0029,meesho,SNEAKER-GRN-7,1,C02045,2026-09-22T14:47:13.379Z,890.10,delivered
568-1599540-3677696,S0001,amazon,TSHIRT-GRN-L,1,C01423,2026-09-23T10:32:52.092Z,440.10,delivered
OD369168281610,S0042,flipkart,KURTI-WHT-XL,1,C00536,2026-08-17T18:07:30.887Z,559.55,delivered
MYN2559248264,S0046,myntra,HOODIE-WHT-M,1,C00461,2026-07-11T22:34:32.702Z,768.55,shipped
MSH921810401,S0036,meesho,HOODIE-GRN-XL,1,C02923,2026-08-18T18:06:02.148Z,1691.10,delivered
MYN2779095630,S0049,myntra,SNEAKER-MAR-10,2,C01201,2026-09-11T08:38:53.205Z,2266.20,shipped
874-3876071-9084013,S0031,amazon,HOODIE-RED-L,2,C00682,2026-08-07T17:25:24.338Z,1918.00,delivered
516-6742993-4684003,S0020,amazon,JEANS-BLU-36,2,C02035,2026-09-24T04:49:51.375Z,1762.20,pending
054-2269826-4653358,S0035,amazon,TSHIRT-GRN-L,4,C01811,2026-09-24T07:49:26.850Z,1916.00,delivered
643-0892574-5503024,S0045,amazon,WATCH-RED-FREE,1,C00287,2026-10-02T12:55:11.282Z,1699.00,delivered
MYN1496602830,S0013,myntra,SNEAKER-BLK-8,2,C02130,2026-09-06T05:37:23.982Z,2278.00,delivered
MSH119321450,S0002,meesho,TSHIRT-PNK-M,4,C00275,2026-09-14T23:55:33.009Z,2580.20,returned
MYN1166177181,S0003,myntra,KURTI-MAR-M,1,C01088,2026-09-06T03:14:41.058Z,579.00,pending
216-2169501-4321097,S0040,amazon,SAREE-YEL-FREE,5,C00198,2026-07-15T04:23:22.108Z,10645.00,returned
OD356891755165,S0025,flipkart,SNEAKER-PNK-8,1,C02072,2026-09-30T14:17:44.663Z,1229.00,shipped
OD884641054771,S0010,flipkart,HANDBAG-RED-FREE,3,C00236,2026-09-06T23:27:14.465Z,1857.00,pending
OD658304022448,S0002,flipkart,TSHIRT-BLU-XL,1,C02428,2026-09-14T17:08:57.974Z,645.05,delivered
MSH042574272,S0009,meesho,HANDBAG-PNK-FREE,1,C00373,2026-08-26T15:08:57.571Z,1069.00,delivered
MYN6910387159,S0003,myntra,KURTI-YEL-M,4,C00033,2026-07-15T18:03:28.221Z,1316.00,delivered
643-7490319-5288515,S0001,amazon,TSHIRT-GRN-L,2,C02253,2026-08-17T08:34:39.724Z,978.00,returned
OD568385269968,S0018,flipkart,JEANS-BLK-36,1,C02201,2026-07-12T23:16:50.824Z,740.05,cancelled
OD534026445534,S0009,flipkart,HANDBAG-PNK-FREE,4,C02857,2026-09-24T15:51:21.822Z,3848.40,delivered
564-2460935-8336537,S0001,amazon,HOODIE-PNK-M,2,C01254,2026-08-18T12:34:19.573Z,3038.10,delivered
OD896186890139,S0002,flipkart,TSHIRT-WHT-M,2,C01992,2026-09-26T06:17:15.633Z,878.00,delivered
MYN1635149479,S0033,myntra,TSHIRT-GRN-M,1,C02640,2026-09-01T20:27:46.637Z,350.10,delivered
MYN9446512379,S0011,myntra,KURTI-BLU-XL,1,C01484,2026-09-25T04:51:12.299Z,569.05,confirmed
010-9387386-0572505,S0028,amazon,JEANS-YEL-32,3,C02472,2026-08-08T05:36:55.449Z,3327.00,delivered
OD334402491633,S0003,flipkart,KURTI-BLK-M,two,C02994,2026-07-16T23:40:19.430Z,1402.20,returned
178-6927918-5219378,S0001,amazon,HOODIE-GRN-XL,3,C02118,2026-08-16T23:02:57.886Z,5517.00,delivered
046-4619513-3936418,S0046,amazon,HOODIE-BLU-L,2,C00721,2026-09-13T16:01:29.353Z,2958.00,delivered
MSH100766874,S0023,meesho,SAREE-BLU-FREE,3,C01465,2026-07-17T18:11:52.576Z,6693.30,delivered
OD587431275911,S0014,flipkart,KURTI-WHT-XL,2,C02022,2026-08-31T01:11:49.895Z,998.00,delivered
MSH571542046,S0030,meesho,JEANS-PNK-34,4,C01777,2026-09-27T16:01:46.023Z,3872.20,delivered
OD311982681679,S0003,flipkart,KURTI-WHT-XL,4,C01324,2026-08-13T05:29:36.667Z,1796.00,delivered
MYN2736355692,S0008,myntra,JEANS-YEL-32,1,C02573,2026-09-03T17:22:19.629Z,1799.00,shipped
OD794948437336,S0010,flipkart,SAREE-WHT-FREE,2,C00407,2026-09-16T23:13:08.978Z,3818.00,delivered
959-6299287-4298559,S0048,amazon,HOODIE-BLU-M,3,C01014,2026-08-22T19:45:50.270Z,3027.00,confirmed
MYN4457350676,S0003,myntra,KURTI-PNK-XL,2,C02920,2026-09-30T03:37:18.339Z,1578.00,delivered
MYN3718834299,S0019,myntra,WATCH-BLU-FREE,1,C01189,2026-09-05T11:57:38.639Z,1808.10,delivered
MSH267556514,S0001,meesho,TSHIRT-WHT-XL,1.5,C01984,2026-07-29T17:43:42.080Z,958.00,returned
148-2473357-9768925,S0034,amazon,HANDBAG-YEL-FREE,1,C02718,2026-07-10T23:19:42.489Z,1249.00,confirmed
OD353854416554,S0003,flipkart,KURTI-YEL-L,3,C01542,2026-08-14T02:54:40.008Z,1536.30,shipped
MSH889333796,S0005,meesho,SNEAKER-MAR-7,2,C02476,2026-09-12T13:10:00.214Z,4798.00,delivered
MSH316280299,S0007,meesho,HOODIE-PNK-M,1,C00982,2026-09-15T10:20:14.190Z,1259.00,delivered
028-0565034-1471198,S0012,amazon,KURTI-YEL-M,1,C00962,2026-07-16T15:08:10.959Z,749.00,confirmed
023-4464457-1546606,S0022,amazon,HOODIE-YEL-M,3,C00607,2026-07-13T05:10:08.101Z,3657.00,delivered
551-7882525-4371634,S0001,amazon,HOODIE-GRN-XL,4,C01531,2026-09-29T19:01:21.751Z,7356.00,returned
MYN7854020325,S0039,myntra,HANDBAG-BLK-FREE,1,C01675,2026-10-03T07:10:06.598Z,768.55,cancelled
MSH848916812,S0001,meesho,HOODIE-GRN-XL,2,C02946,2026-08-25T21:14:51.343Z,3678.00,delivered
810-8569023-1369174,S0001,amazon,HOODIE-PNK-M,3,C01766,2026-09-26T11:50:28.392Z,4797.00,returned
MYN6804326248,S0047,myntra,WATCH-MAR-FREE,1,C01685,2026-08-31T17:15:30.732Z,1817.10,delivered
267-1590950-6819841,S0041,amazon,TSHIRT-RED-L,3,C02135,2026-08-04T14:41:42.494Z,1428.30,delivered
MYN6926460721,S0019,myntra,WATCH-BLK-FREE,3,C01026,2026-07-15T03:16:02.926Z,4407.00,delivered
MSH043999192,S0002,meesho,HOODIE-YEL-M,1,C01424,2026-09-04T11:32:21.197Z,1091.55,delivered
479-3786599-9034404,S0034,amazon,HANDBAG-RED-FREE,1,C01985,2026-07-29T07:33:58.513Z,998.10,delivered
MSH160777821,S0027,meesho,SAREE-YEL-FREE,2,C00718,2026-07-23T19:19:33.290Z,2798.00,delivered
MYN9583678933,S0049,myntra,SNEAKER-YEL-10,4,C01158,2026-09-23T19:12:37.503Z,9800.20,delivered
MYN6198671382,S0003,myntra,KURTI-PNK-XL,1,C02624,2026-10-01T14:41:36.739Z,789.00,delivered
MYN3086108214,S0019,myntra,WATCH-PNK-FREE,1,C01063,2026-08-23T02:00:33.702Z,3143.55,delivered
OD880351615483,S0010,flipkart,SAREE-PNK-FREE,2,C00372,2026-09-21T14:38:59.361Z,3551.10,delivered
493-9445287-2226140,S0043,amazon,HANDBAG-BLK-FREE,1,C00544,2026-08-15T08:21:15.396Z,476.10,delivered
OD632951540411,S0036,flipkart,JEANS-YEL-36,2,C00491,2026-07-23T13:21:53.352Z,1538.00,confirmed
MSH406002652,S0002,meesho,HOODIE-YEL-M,1,C01632,2026-09-26T21:05:37.311Z,1149.00,shipped
MSH808363965,S0005,meesho,SNEAKER-YEL-8,1,C02975,2026-07-13T14:57:08.272Z,2899.00,delivered
151-3014585-9397091,S0001,amazon,HOODIE-PNK-M,1,C02960,2026-10-02T22:31:28.388Z,1599.00,delivered
MYN1490379889,S0019,myntra,WATCH-GRN-FREE,2,C01549,2026-07-27T05:29:07.289Z,4958.00,delivered
051-5822374-0702976,S0009,amazon,HANDBAG-PNK-FREE,1,C02498,2026-10-01T11:51:17.338Z,1069.00,confirmed
OD641102066574,S0003,flipkart,KURTI-BLK-L,1,C01101,2026-09-09T21:18:45.504Z,692.10,delivered
OD646642114435,S0002,flipkart,HOODIE-YEL-M,1,C02794,2026-10-02T08:53:11.625Z,1091.55,delivered
OD271726309530,S0024,flipkart,JEANS-BLU-32,1,C01937,2026-07-15T14:46:11.661Z,1249.00,delivered
MSH930816802,S0029,meesho,SNEAKER-MAR-10,3,C02364,2026-07-10T17:50:35.278Z,7236.15,delivered
MSH852196005,S0001,meesho,HOODIE-GRN-XL,1,C00635,2026-09-02T14:50:38.268Z,1839.00,delivered
MSH680139260,S0030,meesho,JEANS-BLU-30,2,C00645,2026-07-24T05:32:12.090Z,1186.20,delivered
MYN4541852948,S0006,myntra,SNEAKER-YEL-7,1,C00556,2026-09-12T09:17:13.074Z,1319.55,delivered
018-8793079-0411858,S0018,amazon,JEANS-BLK-32,1,C00250,2026-09-15T19:57:38.507Z,969.00,returned
MYN4873516561,S0019,myntra,WATCH-GRN-FREE,1,C02306,2026-08-26T07:23:48.728Z,2479.00,confirmed
MYN7434743274,S0046,myntra,HOODIE-BLK-XL,2,C01426,2026-09-21T23:51:17.556Z,1678.00,delivered
OD309015419568,S0002,flipkart,HOODIE-BLK-L,4,C01570,2026-09-28T14:56:39.286Z,4076.00,confirmed
504-7020326-9225154,S0009,amazon,HANDBAG-BLK-FREE,1,C02469,2026-08-10T20:57:57.143Z,1219.00,shipped
MSH458820475,S0007,meesho,JEANS-GRN-34,1,C00610,2026-09-17T18:29:36.235Z,719.00,cancelled
OD895864067917,S0002,flipkart,TSHIRT-WHT-M,2,C01890,2026-08-31T02:49:10.684Z,878.00,shipped
MYN3064746735,S0003,myntra,SAREE-MAR-FREE,2,C01777,2026-08-19T02:18:11.321Z,3178.00,confirmed
MSH647252970,S0005,meesho,SNEAKER-PNK-9,1,C02824,2026-09-04T21:54:51.329Z,919.00,cancelled
OD775556974212,S0024,flipkart,KURTI-GRN-XL,1,C01968,2026-09-20T21:13:17.692Z,531.05,delivered
MSH305837191,S0001,meesho,HOODIE-GRN-XL,1,C01193,2026-08-14T13:31:30.482Z,1655.10,delivered
OD543045109028,S0002,flipkart,TSHIRT-BLU-XL,2,C00744,2026-07-21T14:12:52.254Z,1222.20,cancelled
MYN6873243081,S0014,myntra,WATCH-YEL-FREE,1,C00153,2026-09-28T05:17:01.334Z,1969.00,delivered
MYN3129566640,S0049,myntra,SNEAKER-BLU-7,2,C00821,2026-09-02T18:14:09.605Z,2320.20,returned
MSH170937084,S0007,meesho,HOODIE-PNK-L,3,C00103,2026-09-27T07:05:35.608Z,2937.00,delivered
212-7390868-1882500,S0027,amazon,SAREE-BLK-FREE,2,C01845,2026-08-15T02:13:06.884Z,3652.20,cancelled
592-2478477-7429620,S0001,amazon,TSHIRT-WHT-XL,1,C01826,2026-08-26T00:06:29.094Z,479.00,shipped
627-6622465-5843527,S0001,amazon,HOODIE-GRN-XL,1,C02286,2026-09-30T05:53:13.001Z,1839.00,delivered
OD066242420538,S0003,flipkart,KURTI-YEL-L,2,C02718,2026-07-14T11:56:29.879Z,1024.20,delivered
083-2223292-6338536,S0001,amazon,HOODIE-GRN-XL,1,C01794,2026-07-13T22:55:22.030Z,1839.00,delivered
MSH270631283,S0007,meesho,HOODIE-BLK-XL,1,C00893,2026-09-26T09:52:17.224Z,1479.00,pending
MYN2242218998,S0006,myntra,SNEAKER-RED-10,1,C01243,2026-07-07T13:17:23.569Z,2969.00,delivered
814-1082348-6920032,S0045,amazon,WATCH-BLK-FREE,3,C02867,2026-07-07T11:51:38.815Z,9957.00,delivered
161-5220327-8215318,S0004,amazon,KURTI-BLU-S,4,C00829,2026-07-14T12:39:22.605Z,3316.00,delivered
MYN2293787571,S0047,myntra,KURTI-WHT-S,2,C02988,2026-09-24T09:18:06.757Z,1718.00,cancelled
OD558672366254,S0025,flipkart,SNEAKER-PNK-7,3,C00752,2026-09-19T09:19:01.648Z,8070.30,delivered
MSH189094811,S0002,meesho,HOODIE-MAR-L,1,C00778,2026-08-28T20:34:56.343Z,968.05,delivered
751-4010440-0870254,S0001,amazon,TSHIRT-PNK-XL,3,C02501,2026-09-06T05:25:55.506Z,1107.00,returned
577-8027715-6282978,S0001,amazon,HOODIE-PNK-M,2,C02232,2026-07-27T15:48:21.952Z,3198.00,delivered
OD785575901845,S0050,flipkart,SAREE-YEL-FREE,1,C01491,2026-10-02T20:38:13.524Z,1989.00,delivered
OD192576132128,S0035,flipkart,WATCH-YEL-FREE,3,C00226,2026-07-28T17:52:06.093Z,4917.00,cancelled
MSH965286178,S0039,meesho,SAREE-YEL-FREE,2,C01586,2026-07-11T13:04:33.559Z,2658.00,returned
OD407600903261,S0003,flipkart,KURTI-YEL-L,4,C01358,2026-09-20T09:22:36.821Z,2162.20,pending
MSH894441330,S0007,meesho,JEANS-BLU-36,2,C01232,2026-07-05T15:01:50.434Z,2238.00,delivered
MYN5635698636,S0019,myntra,WATCH-RED-FREE,5,C00795,2026-09-01T19:52:10.601Z,16695.00,delivered
825-7066769-6458435,S0001,amazon,TSHIRT-GRN-L,2,C02742,2026-07-13T08:49:54.725Z,978.00,pending
OD493837802201,S0003,flipkart,KURTI-MAR-XL,1,C02590,2026-09-25T17:49:55.342Z,589.00,delivered
254-3196956-7494212,S0020,amazon,JEANS-GRN-32,1,C00159,2026-09-09T02:21:09.244Z,1479.00,delivered
OD824749568050,S0042,flipkart,KURTI-YEL-L,1,C01253,2026-09-06T21:02:55.132Z,579.00,delivered
MSH299383319,S0001,meesho,TSHIRT-WHT-XL,4,C01469,2026-09-16T10:17:22.139Z,1916.00,delivered
OD325675039938,S0048,flipkart,HOODIE-BLU-XL,5,C00460,2026-08-07T22:10:57.611Z,3775.50,delivered
MSH191726537,S0002,meesho,HOODIE-YEL-M,2,C02937,2026-07-28T21:49:01.593Z,2298.00,delivered
MSH153173867,S0027,meesho,SAREE-GRN-FREE,2,C00221,2026-07-19T01:57:45.166Z,4278.00,delivered
OD511914906312,S0002,flipkart,HOODIE-BLK-L,2,C01620,2026-09-21T18:45:06.664Z,2038.00,pending
MYN0001822850,S0008,myntra,JEANS-BLU-34,2,C00883,2026-08-22T12:34:55.509Z,2698.20,cancelled
MSH766163032,S0030,meesho,SAREE-MAR-FREE,1,C00345,2026-09-19T07:04:56.754Z,2249.00,delivered
604-2453121-2911425,S0008,amazon,JEANS-YEL-32,1,C00849,2026-08-15T06:44:18.560Z,1799.00,delivered
OD935252313063,S0036,flipkart,HOODIE-GRN-XL,1,C01167,2026-09-10T20:04:37.697Z,1691.10,delivered
MYN6049206990,S0028,myntra,JEANS-YEL-32,3,C01385,2026-07-15T23:21:52.232Z,3327.00,delivered
MYN0742328468,S0003,myntra,SAREE-MAR-FREE,2,C01588,2026-08-17T13:10:43.382Z,3178.00,delivered
MYN9466110299,S0035,myntra,TSHIRT-WHT-XL,1,C01199,2026-08-21T18:20:03.612Z,530.10,delivered
MSH889275208,S0001,meesho,TSHIRT-PNK-XL,1,C00871,2026-08-06T14:28:25.261Z,350.55,confirmed
OD351484026431,S0002,flipkart,HOODIE-BLU-M,1,C02299,2026-07-08T02:24:31.119Z,1929.00,delivered
982-5793894-3926224,S0034,amazon,HANDBAG-YEL-FREE,4,C01093,2026-09-25T20:52:30.870Z,4996.00,confirmed
MYN2959240115,S0039,myntra,SAREE-PNK-FREE,2,C00251,2026-09-15T10:49:04.829Z,3078.00,delivered
128-7895655-2621331,S0041,amazon,TSHIRT-WHT-XL,4,C01710,2026-08-01T21:31:50.822Z,1508.40,cancelled
OD913508296928,S0002,flipkart,TSHIRT-GRN-M,2,C02812,2026-09-07T14:30:46.233Z,929.10,returned
OD687070417967,S0010,flipkart,SAREE-PNK-FREE,2,C00497,2026-09-07T09:01:39.647Z,3738.00,cancelled
MSH821996553,S0026,meesho,WATCH-MAR-FREE,2,C02940,2026-09-18T00:38:40.150Z,5338.00,delivered
132-7961283-3426494,S0009,amazon,HANDBAG-BLK-FREE,3,C00464,2026-07-27T11:19:34.901Z,3657.00,delivered
837-8719128-4057525,S0001,amazon,HOODIE-GRN-XL,1,C02166,2026-08-07T00:02:29.995Z,1839.00,delivered
OD033115686862,S0003,flipkart,SAREE-MAR-FREE,1,C01205,2026-09-22T20:41:31.050Z,1589.00,pending
MYN8961627592,S0047,myntra,KURTI-YEL-M,3,C01948,2026-08-19T22:24:37.686Z,2667.00,delivered
MYN9816260328,S0003,myntra,KURTI-BLK-L,3,C00644,2026-09-24T11:17:21.050Z,2076.30,cancelled
MYN9236074135,S0047,myntra,KURTI-BLU-S,2,C02591,2026-08-23T13:45:37.169Z,1118.00,delivered
OD400589499844,S0034,flipkart,HANDBAG-GRN-FREE,4,C02128,2026-09-15T03:20:01.274Z,3356.00,returned
MSH398847448,S0016,meesho,HANDBAG-MAR-FREE,1,C02977,2026-10-02T17:47:15.486Z,998.10,delivered
MSH803107204,S0007,meesho,JEANS-GRN-34,2,C00773,2026-09-20T15:50:31.397Z,1366.10,delivered
MSH453655491,S0010,meesho,SAREE-GRN-FREE,1,C01111,2026-08-27T20:51:39.152Z,1469.00,delivered
OD988174880509,S0002,flipkart,HOODIE-YEL-M,1,C02089,2026-09-24T20:34:39.198Z,1149.00,pending
OD086378569954,S0021,flipkart,SNEAKER-RED-8,1,C01359,2026-07-17T23:06:41.503Z,829.00,delivered
OD301098370903,S0010,flipkart,SAREE-PNK-FREE,2,C02408,2026-07-23T06:47:34.311Z,3738.00,delivered
MYN1298060941,S0041,myntra,KURTI-RED-XL,4,C00544,2026-07-21T11:14:29.884Z,2076.00,confirmed
MYN9911235880,S0034,myntra,HANDBAG-YEL-FREE,2,C00072,2026-09-14T21:00:44.897Z,2498.00,delivered
MYN4777255676,S0003,myntra,KURTI-MAR-XL,1,C02484,2026-09-22T07:23:31.208Z,530.10,delivered
MYN4066359177,S0037,myntra,JEANS-BLK-34,2,C00906,2026-09-23T13:21:06.047Z,2058.00,delivered
174-1783773-3434407,S0001,amazon,TSHIRT-WHT-XL,1,C00287,2026-10-03T06:14:34.829Z,479.00,delivered
MSH362708776,S0007,meesho,HOODIE-YEL-M,2,C00080,2026-09-02T02:15:55.272Z,1438.00,cancelled
MSH866423515,S0029,meesho,SNEAKER-PNK-7,1,C01169,2026-07-21T10:26:45.884Z,2539.00,pending
MSH189480970,S0011,meesho,KURTI-BLU-XL,1,C01451,2026-07-31T12:55:25.556Z,599.00,delivered
OD515597371011,S0036,flipkart,JEANS-PNK-36,1,C01558,2026-07-17T11:52:15.792Z,1489.00,delivered
MSH655974451,S0007,meesho,JEANS-BLU-36,2,C00872,2026-08-21T03:35:33.413Z,2238.00,delivered
MYN0535028632,S0047,myntra,KURTI-BLK-L,1,C00933,2026-07-20T16:23:30.420Z,329.00,pending
525-9290057-1784617,S0046,amazon,SAREE-YEL-FREE,2,C01444,2026-10-01T18:30:17.333Z,2478.00,delivered
MYN4890741485,S0006,myntra,SNEAKER-RED-10,3,C02576,2026-09-07T14:50:50.159Z,8907.00,delivered
952-7465745-9447176,S0001,amazon,TSHIRT-GRN-L,2,C00053,2026-07-31T08:11:45.509Z,880.20,delivered
OD290307496693,S0003,flipkart,KURTI-BLK-M,1,C02281,2026-09-23T13:52:53.497Z,779.00,delivered
MYN1729046249,S0006,myntra,SNEAKER-YEL-10,1,C01695,2026-08-31T06:29:11.644Z,2359.00,delivered
710-2067678-8695441,S0040,amazon,JEANS-BLU-34,1,C00476,2026-10-01T23:25:04.115Z,969.00,delivered
MSH376812151,S0001,meesho,HOODIE-GRN-XL,2,C01170,2026-07-24T16:39:45.442Z,3678.00,delivered
MYN1138949534,S0015,myntra,SAREE-PNK-FREE,1,C00310,2026-07-07T08:28:16.636Z,799.00,delivered
OD032544755616,S0002,flipkart,HOODIE-BLU-M,1,C00605,2026-07-22T21:03:19.717Z,1736.10,delivered
703-5604927-8612084,S0001,amazon,HOODIE-GRN-XL,2,C02690,2026-07-17T10:26:28.285Z,3494.10,pending
MYN8450268898,S0006,myntra,SNEAKER-GRN-7,1,C00897,2026-07-10T08:41:01.788Z,839.00,delivered
457-0728466-9233638,S0023,amazon,SAREE-RED-FREE,4,C01217,2026-07-18T21:44:29.180Z,4064.40,delivered
MYN9751715715,S0049,myntra,SNEAKER-RED-9,1,C01364,2026-09-30T10:02:38.006Z,839.00,delivered
MSH633778695,S0007,meesho,HOODIE-YEL-M,2,C02855,2026-08-13T02:49:23.427Z,1438.00,delivered
MSH970385277,S0040,meesho,SAREE-YEL-FREE,1,C00326,2026-08-25T00:54:47.208Z,2129.00,cancelled
OD116046221142,S0003,flipkart,KURTI-PNK-XL,1,C02858,2026-08-17T02:04:17.551Z,710.10,shipped
MYN6068654871,S0029,myntra,SNEAKER-BLK-10,1,C02672,2026-07-05T22:34:36.424Z,1481.05,cancelled
715-0373389-3272924,S0001,amazon,HOODIE-GRN-XL,1,C01235,2026-07-24T20:57:11.246Z,1839.00,delivered
OD184936939471,S0002,flipkart,HOODIE-YEL-M,2,C01926,2026-08-09T13:01:02.674Z,2298.00,cancelled
649-5092462-6116324,S0048,amazon,HOODIE-GRN-L,2,C02583,2026-09-02T15:38:29.037Z,2598.00,delivered
OD082379088502,S0003,flipkart,KURTI-BLK-L,1,C00328,2026-07-11T18:28:45.053Z,769.00,delivered
OD729589034297,S0010,flipkart,SAREE-MAR-FREE,3,C01770,2026-08-18T09:32:00.494Z,3183.30,confirmed
OD923746434420,S0015,flipkart,WATCH-RED-FREE,1,C00917,2026-07-22T02:44:18.088Z,1979.00,delivered
584-2052352-5053052,S0001,amazon,TSHIRT-PNK-XL,1,C01280,2026-07-09T00:18:09.630Z,369.00,shipped
541-3916540-0830273,S0001,amazon,TSHIRT-PNK-XL,1,C00006,2026-07-19T12:11:35.450Z,332.10,pending
MYN9978171508,S0014,myntra,WATCH-YEL-FREE,1,C02990,2026-08-25T17:23:43.955Z,1870.55,delivered
MSH494520909,S0001,meesho,HOODIE-GRN-XL,2,C02001,2026-09-26T01:15:27.201Z,3494.10,delivered
MYN0426548450,S0004,myntra,KURTI-PNK-M,5,C01256,2026-09-17T12:56:22.375Z,1745.00,delivered
OD617799140194,S0024,flipkart,JEANS-MAR-36,1,C02115,2026-07-06T22:03:52.388Z,797.05,delivered
OD576855642863,S0002,flipkart,HOODIE-YEL-M,1,C02601,2026-08-09T04:52:24.799Z,1091.55,delivered
MYN6260412127,S0003,myntra,SAREE-MAR-FREE,4,C02852,2026-09-10T05:16:56.473Z,6356.00,delivered
MYN9413225800,S0048,myntra,HOODIE-GRN-L,1,C01435,2026-09-01T10:28:31.739Z,1299.00,cancelled
MSH305942452,S0002,meesho,TSHIRT-PNK-XL,1,C01349,2026-09-22T10:47:18.492Z,259.00,delivered
MSH452035213,S0001,meesho,HOODIE-GRN-XL,1,C02832,2026-09-04T12:46:56.952Z,1839.00,delivered
MSH265570851,S0001,meesho,TSHIRT-PNK-XL,1,C01673,2026-08-09T22:05:20.046Z,369.00,delivered
MYN9111480935,S0006,myntra,SNEAKER-RED-10,2,C02892,2026-07-06T18:55:00.995Z,5938.00,delivered
152-2349809-7744285,S0022,amazon,SNEAKER-WHT-10,1,C02934,2026-08-27T04:49:40.693Z,1369.00,confirmed
MSH434538045,S0012,meesho,KURTI-BLU-S,1,C01240,2026-08-01T09:50:35.313Z,629.00,shipped
OD137298435254,S0002,flipkart,HOODIE-YEL-M,2,C02937,2026-07-19T06:29:57.456Z,2183.10,delivered
MSH205389122,S0002,meesho,TSHIRT-PNK-M,1,C00594,2026-07-24T13:35:01.545Z,645.05,shipped
MYN2639749990,S0016,myntra,HANDBAG-PNK-FREE,1,C02310,2026-07-13T12:55:13.804Z,521.55,returned
OD898186065692,S0002,flipkart,HOODIE-BLK-L,5,C00044,2026-09-13T20:52:33.993Z,5095.00,cancelled
347-6131194-8447870,S0022,amazon,HOODIE-YEL-M,1,C01360,2026-09-28T04:32:47.797Z,1097.10,delivered
866-0960069-4815857,S0001,amazon,HOODIE-GRN-XL,1,C02176,2026-08-06T06:23:16.180Z,1839.00,delivered
MSH904995703,S0001,meesho,HOODIE-PNK-M,1,C01100,2026-08-11T23:28:14.086Z,1599.00,pending
MYN1020247314,S0003,myntra,KURTI-YEL-M,1,C02904,2026-09-18T11:41:09.140Z,312.55,delivered
327-0490820-5799545,S0004,amazon,KURTI-BLU-S,4,C02126,2026-09-09T06:35:35.980Z,2984.40,confirmed
OD202948578164,S0018,flipkart,SAREE-BLK-FREE,1,C00218,2026-09-04T17:17:02.634Z,1569.00,pending
OD971134539636,S0002,flipkart,HOODIE-MAR-L,1,C02431,2026-09-15T23:00:09.418Z,917.10,delivered
MYN7452368495,S0008,shopify,WATCH-YEL-FREE,1,C00683,2026-09-28T15:50:49.535Z,809.00,delivered
OD558308186511,S0018,flipkart,JEANS-BLU-30,1,C02711,2026-09-05T02:57:24.598Z,1547.55,delivered
MYN3472863961,S0047,myntra,KURTI-YEL-M,4,C00528,2026-08-28T03:57:53.360Z,3378.20,delivered
MSH149904388,S0026,meesho,WATCH-MAR-FREE,1,C01543,2026-08-18T21:52:06.653Z,2669.00,delivered
629-4417050-6038024,S0009,amazon,HANDBAG-PNK-FREE,2,C00365,2026-08-22T23:33:48.483Z,2138.00,delivered
MYN8668175460,S0035,myntra,TSHIRT-MAR-M,5,C00947,2026-08-21T07:40:28.950Z,2245.00,delivered
OD781384260214,S0026,flipkart,WATCH-YEL-FREE,2,C00701,2026-07-24T03:06:46.229Z,2238.00,delivered
OD656639418365,S0002,flipkart,HOODIE-YEL-M,2,C01395,2026-08-10T12:01:04.265Z,2298.00,delivered
OD662829116363,S0048,flipkart,HOODIE-BLK-L,2,C01615,2026-09-27T22:50:27.419Z,2449.10,delivered
909-2943040-3838422,S0001,amazon,HOODIE-GRN-XL,1,C00879,2026-07-23T06:11:20.022Z,1747.05,cancelled
MSH288400863,S0001,meesho,HOODIE-PNK-M,2,C02501,2026-09-13T21:53:17.829Z,3198.00,delivered
OD103389876997,S0002,flipkart,TSHIRT-WHT-M,1,C01276,2026-09-01T08:05:27.826Z,417.05,returned
MYN1886451889,S0003,myntra,SAREE-YEL-FREE,3,C02274,2026-08-14T03:33:34.239Z,3867.00,pending
728-7672677-7910235,S0046,amazon,HOODIE-PNK-L,1,C01745,2026-08-20T19:42:34.185Z,1799.00,delivered
MSH700615432,S0001,meesho,TSHIRT-WHT-XL,2,C01226,2026-07-12T22:13:13.365Z,958.00,delivered
OD207668771776,S0003,flipkart,KURTI-MAR-XL,1,C00080,2026-09-20T02:30:58.898Z,589.00,delivered
OD349727334177,S0009,flipkart,HANDBAG-BLK-FREE,1,C00039,2026-07-08T14:57:31.271Z,1097.10,pending
OD569565597526,S0033,flipkart,TSHIRT-RED-S,1,C02106,2026-09-25T18:51:46.658Z,265.05,delivered
MSH163691872,S0002,meesho,HOODIE-YEL-M,1,C02402,2026-09-11T01:25:38.028Z,1034.10,shipped
603-4135588-2164699,S0001,amazon,HOODIE-PNK-M,1,C00132,2026-08-14T22:53:39.657Z,1599.00,delivered
MYN8128603799,S0003,myntra,SAREE-MAR-FREE,1,C02538,2026-07-05T23:30:28.885Z,1430.10,delivered
664-3077114-7683022,S0001,amazon,HOODIE-PNK-M,2,C02701,2026-07-19T22:49:28.783Z,3038.10,delivered
449-4428048-6314078,S0013,amazon,SNEAKER-GRN-7,1,C02978,2026-09-07T22:30:54.972Z,1072.55,returned
MYN0999029305,S0006,myntra,SNEAKER-YEL-7,2,C00697,2026-08-05T15:49:05.243Z,2778.00,cancelled
292-1373065-0110222,S0050,amazon,WATCH-RED-FREE,2,C01152,2026-09-11T07:01:33.951Z,4156.20,delivered
MYN8850041785,S0006,myntra,SNEAKER-RED-10,2,C00998,2026-10-03T05:01:31.353Z,5641.10,delivered
MYN5889124170,S0049,myntra,SNEAKER-RED-9,1,C01118,2026-08-22T12:50:20.824Z,839.00,delivered
MSH671266462,S0002,meesho,TSHIRT-PNK-XL,1,C02036,2026-09-15T02:26:11.731Z,259.00,delivered
OD596536510236,S0002,flipkart,HOODIE-BLU-M,1,C02804,2026-09-12T19:26:03.434Z,1929.00,delivered
MSH093945113,S0002,meesho,HOODIE-YEL-M,2,C02276,2026-08-19T07:54:00.993Z,2298.00,delivered
MSH625343923,S0005,meesho,SNEAKER-BLU-7,3,C01710,2026-08-31T12:34:40.993Z,7407.00,pending
287-6552798-7450108,S0031,amazon,SNEAKER-MAR-8,1,C00405,2026-08-05T17:10:37.233Z,1072.55,pending
830-7315775-9896879,S0001,amazon,TSHIRT-PNK-XL,1,C02737,2026-07-21T16:06:24.855Z,369.00,delivered
OD867723196514,S0002,flipkart,TSHIRT-GRN-M,1,C00411,2026-09-02T05:46:21.698Z,489.00,returned
098-1207722-1147025,S0009,amazon,HANDBAG-PNK-FREE,2,C02696,2026-07-31T14:10:44.556Z,1924.20,shipped
MSH568591581,S0005,meesho,SNEAKER-BLK-9,1,C02052,2026-08-19T04:18:49.114Z,1389.00,shipped
752-7550788-4665110,S0001,amazon,TSHIRT-PNK-XL,1,C01548,2026-08-14T10:26:34.445Z,369.00,delivered
OD532199871285,S0010,flipkart,SAREE-WHT-FREE,1,C00543,2026-09-24T08:52:40.420Z,1909.00,delivered
098-1311768-2442571,S0001,amazon,HOODIE-GRN-XL,3,C02269,2026-07-21T20:45:27.745Z,5517.00,confirmed
MYN9897830672,S0003,myntra,SAREE-RED-FREE,1,C01291,2026-09-26T03:01:42.373Z,1079.00,shipped
595-5903082-6311411,S0008,amazon,JEANS-BLU-34,3,C01411,2026-07-07T05:14:52.103Z,4497.00,delivered
122-3712068-9049001,S0004,amazon,KURTI-YEL-XL,2,C02685,2026-07-13T06:11:00.533Z,1218.00,delivered
MYN5148108661,S0040,myntra,SAREE-YEL-FREE,4,C00027,2026-07-05T17:05:11.709Z,8516.00,pending
782-8230444-9519343,S0027,amazon,SAREE-WHT-FREE,5,C00389,2026-07-17T07:25:49.616Z,8687.75,delivered
963-9151825-4827261,S0001,amazon,TSHIRT-WHT-XL,1,C01734,2026-09-07T06:46:46.511Z,479.00,delivered
566-7917665-4205928,S0039,amazon,HANDBAG-YEL-FREE,4,C01696,2026-08-20T12:21:35.804Z,2756.00,delivered
OD623175950098,S0042,flipkart,WATCH-BLU-FREE,3,C01935,2026-10-02T15:40:54.792Z,5098.65,delivered
MSH357178527,S0002,meesho,HOODIE-YEL-M,1,C00150,2026-07-27T04:11:25.941Z,1034.10,delivered
431-8594663-4506938,S0044,amazon,HOODIE-MAR-M,1,C00622,2026-09-12T23:20:08.574Z,872.10,delivered
MYN6788588654,S0043,myntra,HANDBAG-MAR-FREE,2,C01682,2026-09-29T14:12:29.931Z,1974.10,delivered
009-3669957-6979760,S0045,amazon,WATCH-BLK-FREE,5,C01799,2026-08-23T13:06:51.447Z,16595.00,delivered
012-9253343-7957769,S0004,amazon,KURTI-YEL-XL,3,C01835,2026-07-23T16:05:53.417Z,1644.30,delivered
MYN0567622218,S0003,myntra,KURTI-BLK-L,3,C00345,2026-09-27T06:08:43.842Z,2191.65,delivered
OD412575048822,S0002,flipkart,HOODIE-BLK-L,1,C00436,2026-08-18T14:34:59.957Z,917.10,shipped
MSH815170712,S0007,meesho,HOODIE-BLK-XL,1,C00979,2026-08-24T17:17:17.281Z,1405.05,delivered
OD982526462140,S0035,flipkart,TSHIRT-YEL-S,1,C01615,2026-07-22T19:20:05.084Z,312.55,delivered
MSH014270738,S0002,meesho,TSHIRT-GRN-M,3,C00386,2026-08-05T15:43:33.661Z,1467.00,returned
883-5550295-1991160,S0025,amazon,SNEAKER-BLK-8,1,C02427,2026-08-28T01:52:33.347Z,839.00,delivered
OD017238334286,S0002,flipkart,TSHIRT-PNK-M,2,C01732,2026-08-24T03:22:49.215Z,1358.00,cancelled
MSH284342088,S0007,meesho,HOODIE-YEL-M,1,C00486,2026-08-22T16:52:01.096Z,647.10,delivered
437-5505513-9926037,,amazon,HOODIE-PNK-M,1,C00120,2026-07-10T05:30:35.649Z,1599.00,delivered
MSH720461778,S0001,meesho,TSHIRT-WHT-XL,1,C00619,2026-09-10T07:38:24.030Z,479.00,returned
OD095792344341,S0024,flipkart,JEANS-RED-36,2,C02047,2026-08-19T06:23:55.911Z,1598.00,delivered
MSH363861343,S0002,meesho,HOODIE-YEL-M,1,C01003,2026-09-18T23:43:07.263Z,1091.55,delivered
MYN2555845113,S0039,myntra,HANDBAG-BLK-FREE,3,C00011,2026-09-09T03:53:25.112Z,2427.00,delivered
MYN6892985785,S0006,myntra,SNEAKER-GRN-7,2,C00447,2026-07-24T17:06:11.863Z,1678.00,cancelled
280-6632887-2404898,S0001,amazon,HOODIE-PNK-M,4,C00704,2026-08-05T18:28:09.153Z,5756.40,delivered
OD947150541467,S0002,flipkart,TSHIRT-WHT-M,1,C00421,2026-09-20T00:27:16.314Z,417.05,delivered
OD072378041274,S0042,flipkart,KURTI-PNK-M,1,C02379,2026-08-14T10:07:21.470Z,597.55,confirmed
763-9603522-2230444,S0009,amazon,HANDBAG-RED-FREE,3,C00843,2026-09-07T20:20:23.852Z,2817.00,delivered
MYN0797085558,S0028,myntra,JEANS-PNK-32,2,C01089,2026-09-29T22:39:54.731Z,2618.00,delivered
MSH887845474,S0002,meesho,HOODIE-MAR-XL,1,C01012,2026-08-31T14:36:14.366Z,939.00,delivered
OD770298472556,S0010,flipkart,SAREE-WHT-FREE,1,C00931,2026-09-21T19:54:14.754Z,1909.00,shipped
OD962169350525,S0002,flipkart,TSHIRT-PNK-XL,1,C00425,2026-07-06T17:43:47.297Z,233.10,delivered
MSH769904680,S0007,meesho,JEANS-BLU-36,3,C02754,2026-07-26T16:25:48.992Z,3357.00,cancelled
360-2557290-1604201,S0020,amazon,JEANS-RED-32,1,C01949,2026-07-21T17:23:30.635Z,1199.00,confirmed
OD246098379098,S0025,flipkart,SNEAKER-PNK-7,4,C00760,2026-09-06T16:04:03.538Z,10760.40,delivered
MYN4239412897,S0014,myntra,KURTI-YEL-M,1,C02489,2026-07-13T22:59:55.892Z,719.10,delivered
MSH091464664,S0007,meesho,HOODIE-PNK-L,2,C01828,2026-07-10T06:50:07.562Z,1762.20,delivered
MYN7811062639,S0003,myntra,SAREE-MAR-FREE,1,C00578,2026-10-02T20:38:23.171Z,1589.00,delivered
MSH915664108,S0002,meesho,TSHIRT-BLU-XL,1,C02660,2026-08-13T05:28:44.297Z,679.00,delivered
MYN2739452466,S0039,myntra,HANDBAG-YEL-FREE,1,C02916,2026-07-10T05:07:28.443Z,689.00,shipped
563-8512366-1555241,S0001,amazon,HOODIE-PNK-M,1,C01301,2026-09-12T23:55:05.125Z,1599.00,delivered
OD332056464292,S0042,flipkart,KURTI-WHT-S,2,C00698,2026-07-07T17:11:17.310Z,1157.10,cancelled
MSH520515679,S0001,meesho,TSHIRT-PNK-XL,1,C01204,2026-07-06T13:11:53.025Z,332.10,confirmed
074-0972523-6105215,S0012,amazon,KURTI-BLU-XL,2,C02037,2026-08-14T14:36:34.427Z,1718.00,delivered
MSH757632210,S0010,meesho,SAREE-YEL-FREE,2,C00850,2026-09-24T12:57:47.793Z,1328.10,returned
OD793316641319,S0003,flipkart,KURTI-MAR-M,1,C02152,2026-09-01T09:49:52.955Z,579.00,delivered
OD455578787927,S0002,flipkart,HOODIE-YEL-M,1,C01700,2026-08-13T10:57:40.936Z,1034.10,pending
350-7452130-5963275,S0025,amazon,SNEAKER-BLU-9,1,C00862,2026-08-07T03:19:11.316Z,1829.00,delivered
MSH506437413,S0007,meesho,HOODIE-YEL-M,2,C00003,2026-08-31T19:03:17.031Z,1438.00,cancelled
225-4309924-1548369,S0001,amazon,TSHIRT-GRN-L,1,C00408,2026-08-17T05:15:30.745Z,489.00,pending
MSH812763285,S0040,meesho,JEANS-PNK-32,2,C01542,2026-09-14T14:40:14.141Z,1168.20,pending
MSH202920852,S0001,meesho,TSHIRT-GRN-L,1,C01122,2026-09-27T21:47:03.380Z,489.00,delivered
MSH765920157,S0026,meesho,WATCH-PNK-FREE,1,C00414,2026-07-30T14:26:08.831Z,1159.00,delivered
643-3618375-0775660,S0004,amazon,KURTI-PNK-M,2,C01448,2026-07-25T00:49:18.121Z,663.10,delivered
OD168733494888,S0009,flipkart,HANDBAG-PNK-FREE,1,C02755,2026-09-08T18:12:31.598Z,962.10,delivered
MYN2237029846,S0006,myntra,SNEAKER-YEL-7,2,C01104,2026-09-15T21:03:04.819Z,2500.20,delivered
158-1295873-3540550,S0009,amazon,HANDBAG-BLK-FREE,2,C02588,2026-07-18T11:55:29.535Z,2438.00,delivered
MYN1010637859,S0047,myntra,KURTI-BLK-L,1,C01385,2026-09-28T16:37:10.652Z,329.00,cancelled
MSH276834871,S0001,meesho,HOODIE-PNK-M,1,C02769,2026-08-14T11:01:34.669Z,1599.00,delivered
MYN9990337443,S0047,myntra,KURTI-BLK-L,2,C00615,2026-09-06T16:36:45.786Z,658.00,confirmed
OD107409474061,S0003,flipkart,KURTI-BLK-L,1,C01517,2026-08-31T06:48:19.852Z,769.00,shipped
OD739421464997,S0003,flipkart,KURTI-GRN-L,3,C02632,2026-08-14T15:42:23.315Z,1467.00,confirmed
MSH469717763,S0002,meesho,HOODIE-YEL-M,1,C02789,2026-09-11T19:22:13.433Z,1034.10,shipped
MYN3835318902,S0029,myntra,SNEAKER-PNK-7,1,C01442,2026-07-08T01:05:53.376Z,2539.00,shipped
MYN2966457766,S0006,myntra,SNEAKER-YEL-10,2,C00037,2026-08-21T19:15:17.651Z,4718.00,cancelled
MYN8770637161,S0014,myntra,KURTI-RED-M,2,C01007,2026-09-21T05:26:54.887Z,1348.20,confirmed
MSH496595198,S0005,meesho,SNEAKER-BLK-7,2,C02573,2026-08-19T03:34:41.128Z,4102.20,delivered
OD875956231925,S0002,flipkart,TSHIRT-WHT-M,4,C00740,2026-09-07T16:29:51.874Z,1756.00,cancelled
145-0661765-9952708,S0009,amazon,HANDBAG-RED-FREE,0,C01478,2026-09-04T13:13:09.280Z,4460.25,delivered
OD624751898377,S0036,flipkart,JEANS-PNK-36,2,C00014,2026-08-20T02:15:26.724Z,2978.00,cancelled
MSH126986277,S0001,meesho,TSHIRT-GRN-L,2,C01678,2026-08-17T13:53:57.665Z,929.10,delivered
MSH066329969,S0005,meesho,SNEAKER-BLU-8,2,C02310,2026-08-02T18:24:28.630Z,5518.00,delivered
111-2237394-1013588,S0001,amazon,HOODIE-GRN-XL,4,C02420,2026-07-15T05:59:01.743Z,6620.40,pending
MYN9805362656,S0003,myntra,SAREE-MAR-FREE,1,C00910,2026-09-08T08:30:52.182Z,1430.10,confirmed
MYN9808906943,S0015,myntra,SAREE-PNK-FREE,2,C00469,2026-09-28T19:31:29.917Z,1598.00,confirmed
MYN2370862302,S0003,myntra,KURTI-BLK-L,1,C00444,2026-09-28T01:39:04.345Z,769.00,cancelled
OD515326004824,S0002,flipkart,HOODIE-BLU-M,5,C01225,2026-08-13T13:04:54.839Z,9645.00,delivered
OD353636643595,S0010,flipkart,SAREE-YEL-FREE,1,C01395,2026-07-26T22:56:04.325Z,699.00,pending
019-2367445-1348155,S0013,amazon,SNEAKER-RED-9,1,C02068,2026-09-01T17:23:51.663Z,2299.00,confirmed
237-4758301-5176421,S0001,amazon,TSHIRT-PNK-XL,2,C00952,2026-07-06T20:22:45.442Z,738.00,delivered
706-0286582-5330097,S0048,amazon,HOODIE-RED-XL,2,C01505,2026-07-15T03:11:37.988Z,1672.20,delivered
745-4181861-7226000,S0039,amazon,SAREE-YEL-FREE,2,C00640,2026-08-30T12:08:20.700Z,2658.00,pending
MYN4556834813,S0004,myntra,KURTI-MAR-S,1,C01093,2026-08-24T22:40:11.107Z,323.10,delivered
MYN4248064490,S0003,myntra,SAREE-MAR-FREE,1,C02610,2026-09-08T04:25:46.452Z,1589.00,pending
MYN4068854553,S0003,myntra,KURTI-MAR-XL,1,C00461,2026-09-03T21:22:19.236Z,589.00,delivered
MYN6204261752,S0004,myntra,KURTI-BLU-S,3,C01156,2026-10-03T11:16:52.280Z,2238.30,delivered
MSH693602791,S0005,meesho,SNEAKER-MAR-7,1,C02781,2026-07-18T15:59:06.417Z,2279.05,delivered
MYN2555032298,S0003,myntra,KURTI-BLK-M,5,C00319,2026-09-23T20:39:05.986Z,3895.00,delivered
MSH757905405,S0002,meesho,HOODIE-YEL-M,1,C01408,2026-09-04T20:15:16.562Z,1091.55,delivered
514-9369256-6125397,S0001,amazon,HOODIE-GRN-XL,3,C00079,2026-09-23T01:47:17.256Z,5517.00,delivered
436-8303498-0516612,S0001,amazon,HOODIE-GRN-XL,2,C00392,2026-08-05T18:12:02.796Z,3678.00,delivered
916-6735605-2590857,S0045,amazon,WATCH-BLK-FREE,3,C02828,2026-10-01T02:25:04.007Z,9957.00,delivered
OD103861207953,S0010,flipkart,SAREE-GRN-FREE,1,C01407,2026-08-31T01:37:30.232Z,1469.00,confirmed
641-4818887-5913603,S0032,amazon,WATCH-WHT-FREE,1,C01463,2026-09-26T20:41:11.800Z,1609.00,delivered
OD761307744179,S0025,flipkart,SNEAKER-PNK-7,1,C01815,2026-07-28T05:58:29.433Z,2989.00,pending
312-9572890-1598661,S0001,amazon,HOODIE-GRN-XL,2,C01438,2026-07-22T06:01:13.867Z,3678.00,lost
MSH204860252,S0016,meesho,HANDBAG-RED-FREE,1,C02203,2026-08-05T07:30:05.851Z,469.00,delivered
OD798867758945,S0026,flipkart,WATCH-MAR-FREE,2,C02282,2026-09-02T14:54:51.531Z,5071.10,delivered
938-6525210-8298858,S0023,amazon,SAREE-BLU-FREE,5,C00144,2026-09-11T01:12:12.611Z,11775.25,pending
MYN9107749234,S0004,myntra,KURTI-YEL-XL,4,C02576,2026-09-19T22:11:42.223Z,2314.20,delivered
494-8851442-7642013,S0001,amazon,TSHIRT-PNK-XL,2,C00900,2026-08-27T16:53:30.718Z,738.00,delivered
MYN5465906307,S0019,myntra,WATCH-BLK-FREE,1,C02024,2026-09-30T06:12:53.546Z,1469.00,delivered
MSH952788695,S0002,meesho,HOODIE-YEL-M,1,C02393,2026-09-10T20:21:33.962Z,1149.00,delivered
MSH636766684,S0002,meesho,TSHIRT-WHT-M,1,C01706,2026-07-08T01:15:46.290Z,417.05,delivered
MSH653555763,S0001,meesho,TSHIRT-GRN-L,1,C01723,2026-09-23T12:14:15.368Z,464.55,delivered
MYN4521874726,S0008,myntra,JEANS-BLU-34,2,C02450,2026-09-08T08:06:52.090Z,2698.20,pending
MSH414026168,S0005,meesho,SNEAKER-GRN-7,3,C01448,2026-09-13T03:05:36.312Z,6637.65,pending
OD516485534226,S0035,flipkart,TSHIRT-GRN-L,3,C02118,2026-07-26T19:41:22.080Z,1437.00,shipped
MSH605501674,S0011,meesho,KURTI-BLU-M,1,C01429,2026-08-09T21:53:17.165Z,739.00,delivered
OD741626631966,S0002,flipkart,HOODIE-MAR-L,1,C00565,2026-09-29T13:46:36.511Z,1019.00,returned
OD217750834909,S0018,flipkart,JEANS-RED-30,1,C01214,2026-08-31T02:01:21.262Z,1115.10,delivered
MYN0260363001,S0044,myntra,HOODIE-YEL-XL,1,C02776,2026-07-17T03:58:26.961Z,1929.00,delivered
MSH433683020,S0002,meesho,TSHIRT-RED-S,1,C02518,2026-07-22T20:21:32.545Z,360.05,delivered
MSH351504056,S0001,meesho,TSHIRT-PNK-XL,3,C01257,2026-07-27T21:15:10.859Z,1107.00,delivered
718-2363618-8466655,S0040,amazon,JEANS-BLU-30,3,C02062,2026-07-27T01:58:03.378Z,4044.15,delivered
779-6537593-0182258,S0013,amazon,SNEAKER-MAR-7,2,C02496,2026-07-28T06:30:15.123Z,5518.00,shipped
MYN4936892713,S0003,myntra,SAREE-MAR-FREE,2,C00157,2026-08-21T07:58:41.728Z,3178.00,returned
MYN6150688173,S0046,myntra,HOODIE-BLU-L,3,C00280,2026-08-07T17:02:00.589Z,4437.00,delivered
MSH651011482,S0005,meesho,SNEAKER-BLK-9,3,C00246,2026-09-10T08:23:31.316Z,3958.65,confirmed
MYN5765723774,S0008,myntra,JEANS-BLK-36,1,C02007,2026-09-20T05:11:37.511Z,719.10,returned
MSH582521588,S0027,meesho,SAREE-PNK-FREE,3,C02684,2026-07-22T07:50:59.027Z,2397.00,delivered
172-4454436-1128680,S0001,amazon,HOODIE-GRN-XL,1,C01072,2026-10-02T06:53:21.428Z,1839.00,delivered
OD449595241217,S0010,flipkart,HANDBAG-WHT-FREE,2,C00620,2026-08-29T18:05:56.365Z,1385.10,shipped
MYN3295487033,S0029,myntra,SNEAKER-MAR-8,1,C02052,2026-09-03T13:43:44.135Z,2564.05,delivered
MSH079478508,S0005,meesho,SNEAKER-RED-10,2,C00735,2026-09-30T01:19:53.924Z,3838.00,pending
MYN1975109422,S0003,myntra,SAREE-MAR-FREE,1,C00443,2026-08-24T21:44:50.906Z,1509.55,delivered
MYN3265712377,S0006,myntra,SNEAKER-YEL-10,4,C02354,2026-08-29T03:52:28.543Z,9436.00,delivered
482-0308282-7707269,S0043,amazon,HANDBAG-RED-FREE,4,C02965,2026-08-14T05:33:48.002Z,4956.00,delivered
337-6319829-7800158,S0045,amazon,WATCH-BLK-FREE,1,C00630,2026-07-22T22:35:29.605Z,3153.05,confirmed
186-5122215-4228052,S0001,amazon,TSHIRT-WHT-XL,2,C00236,2026-09-23T17:08:40.911Z,958.00,confirmed
MYN6006322103,S0003,myntra,KURTI-BLK-M,1,C01825,2026-09-09T11:16:55.516Z,779.00,returned
MSH798268341,S0007,meesho,HOODIE-YEL-M,1,C02034,2026-08-28T15:49:40.838Z,719.00,delivered
711-0406141-4849074,S0023,amazon,SAREE-RED-FREE,2,C00325,2026-08-30T18:44:27.488Z,2145.10,delivered
MYN6882619959,S0029,myntra,SNEAKER-PNK-7,1,C01897,2026-08-28T15:25:04.568Z,2285.10,shipped
750-2395006-6664328,S0001,amazon,TSHIRT-WHT-XL,5,C02892,2026-09-29T17:11:03.242Z,2395.00,confirmed
MYN2622187963,S0043,myntra,HANDBAG-PNK-FREE,1,C01190,2026-09-17T09:41:10.453Z,1072.55,returned
485-4060707-5033008,S0048,amazon,HOODIE-RED-XL,2,C02548,2026-10-02T16:01:10.236Z,1765.10,delivered
OD314200214184,S0017,flipkart,KURTI-WHT-M,1,C01883,2026-08-12T00:57:50.425Z,669.00,pending
MYN4590670188,S0006,myntra,SNEAKER-YEL-10,2,C01155,2026-08-28T00:19:25.029Z,4482.10,delivered
MYN7581679894,S0003,myntra,SAREE-MAR-FREE,1,C00741,2026-08-21T10:57:55.256Z,1589.00,delivered
449-1236159-4206328,S0045,amazon,WATCH-RED-FREE,4,C02629,2026-09-05T18:55:01.585Z,6116.40,confirmed
610-3688262-5074444,S0008,amazon,WATCH-PNK-FREE,2,C00601,2026-08-25T17:29:20.960Z,6154.20,returned
MYN7612041797,S0006,myntra,SNEAKER-RED-10,1,C02802,2026-08-11T13:37:12.638Z,2969.00,delivered
223-3021295-7081574,S0023,amazon,SAREE-BLU-FREE,1,C02491,2026-07-08T03:53:51.062Z,2479.00,returned
674-8375655-7711462,S0045,amazon,WATCH-BLK-FREE,1,C00520,2026-08-19T16:16:32.669Z,3319.00,delivered
MSH093142196,S0002,meesho,TSHIRT-GRN-M,2,C01103,2026-09-24T01:04:48.526Z,978.00,returned
OD467927335703,S0044,flipkart,HOODIE-PNK-M,2,C02420,2026-09-19T08:00:26.689Z,2428.20,delivered
MSH222183820,S0001,meesho,HOODIE-PNK-M,2,C01837,2026-08-30T21:10:44.803Z,2878.20,delivered
422-1322860-3361688,S0009,amazon,HANDBAG-YEL-FREE,3,C02070,2026-09-17T12:57:55.989Z,2427.00,delivered
622-8824915-0478396,S0001,amazon,HOODIE-GRN-XL,1,C01229,2026-08-18T16:23:06.570Z,1655.10,delivered
MYN7320568456,S0003,myntra,SAREE-RED-FREE,4,C01055,2026-07-11T04:26:30.514Z,3884.40,confirmed
OD792206038814,S0024,flipkart,KURTI-BLK-L,1,C00049,2026-09-10T19:41:56.435Z,426.55,delivered
MYN4032638820,S0003,myntra,KURTI-WHT-XL,1,C02407,2026-10-02T09:00:05.402Z,449.00,delivered
OD120491364065,S0010,flipkart,SAREE-WHT-FREE,3,C02693,2026-09-20T19:22:06.338Z,5154.30,delivered
MYN0239475197,S0004,myntra,KURTI-YEL-XL,2,C01529,2026-07-15T03:52:00.765Z,1157.10,delivered
654-9064951-8476906,S0034,amazon,HANDBAG-GRN-FREE,1,C02117,2026-07-31T12:28:25.275Z,839.00,delivered
731-3663350-7890416,S0008,amazon,WATCH-YEL-FREE,1,C01623,2026-09-10T14:07:23.951Z,809.00,delivered
MYN8413614503,S0015,myntra,WATCH-RED-FREE,2,C00163,2026-08-16T18:35:02.619Z,3958.00,delivered
MYN9616288245,S0004,myntra,KURTI-MAR-S,2,C00291,2026-08-01T01:18:09.134Z,682.10,delivered
MYN7693989124,S0003,myntra,KURTI-BLK-L,2,C00140,2026-09-10T10:42:40.915Z,1461.10,delivered
OD492495193755,S0009,flipkart,HANDBAG-PNK-FREE,2,C00884,2026-09-22T20:50:16.965Z,2138.00,delivered
MYN8906019960,S0004,myntra,KURTI-YEL-XL,4,C01702,2026-10-01T09:28:05.886Z,2436.00,delivered
914-5494345-1327920,S0009,amazon,HANDBAG-BLK-FREE,1,C02908,2026-08-13T10:59:08.302Z,1097.10,delivered
766-6854707-3819102,S0031,amazon,SNEAKER-WHT-10,2,C02296,2026-09-06T10:43:55.866Z,5038.20,pending
472-6596429-3700468,S0046,amazon,HOODIE-PNK-L,1,C02579,2026-07-31T06:44:16.698Z,1709.05,pending
MSH501884786,S0001,meesho,HOODIE-GRN-XL,4,C01821,2026-09-08T12:12:04.322Z,7356.00,delivered
OD888445533990,S0015,flipkart,SAREE-GRN-FREE,4,C00950,2026-09-11T13:52:19.241Z,9196.00,delivered
MSH764714060,S0009,meesho,HANDBAG-PNK-FREE,2,C02136,2026-09-11T00:50:52.034Z,2031.10,delivered
621-7407512-6033017,S0001,amazon,TSHIRT-PNK-XL,2,C01045,2026-08-28T15:23:18.239Z,738.00,delivered
MYN8192202978,S0019,myntra,WATCH-BLK-FREE,1,C00219,2026-07-25T11:11:33.802Z,1469.00,returned
MYN4341276685,S0004,myntra,KURTI-BLU-S,3,C00047,2026-08-22T21:29:59.818Z,2487.00,delivered
MSH949718427,S0001,meesho,TSHIRT-PNK-XL,4,C02047,2026-09-24T17:19:59.347Z,1328.40,delivered
OD548786802520,S0010,flipkart,HANDBAG-RED-FREE,2,C00214,2026-09-23T08:39:55.672Z,1114.20,delivered
OD391977289435,S0002,flipkart,HOODIE-BLK-L,1,C00576,2026-09-16T22:43:55.215Z,1019.00,pending
OD619703803454,S0015,flipkart,SAREE-PNK-FREE,2,C02373,2026-07-21T00:39:20.296Z,1598.00,pending
OD773311078170,S0033,flipkart,TSHIRT-RED-S,2,C01649,2026-08-17T09:11:00.345Z,558.00,shipped
MSH208487230,S0001,meesho,TSHIRT-WHT-XL,2,C02838,2026-07-27T18:32:18.207Z,862.20,delivered
004-2449952-8535572,S0009,amazon,HANDBAG-PNK-FREE,2,C00520,2026-08-03T09:52:21.222Z,2138.00,returned
631-7244510-9421948,S0031,amazon,HOODIE-BLU-L,2,C01583,2026-08-03T04:12:26.824Z,2978.00,delivered
OD141801639989,S0036,flipkart,HOODIE-BLU-L,1,C02436,2026-09-28T05:47:55.581Z,835.05,delivered
OD285167780757,S0002,flipkart,HOODIE-YEL-M,1,C01906,2026-09-04T03:04:19.595Z,1149.00,shipped
MSH481405512,S0026,meesho,HANDBAG-GRN-FREE,1,C01828,2026-09-03T23:33:58.915Z,509.00,returned
MSH282246484,S0029,meesho,SNEAKER-PNK-7,1,C02406,2026-08-14T13:03:32.870Z,2412.05,delivered
120-5351157-6500273,S0004,amazon,KURTI-MAR-S,1,C02120,2026-09-25T15:59:23.951Z,341.05,cancelled
MYN2315005674,S0006,myntra,SNEAKER-RED-10,2,C02526,2026-10-02T17:58:52.547Z,5938.00,cancelled
MYN9982180191,S0006,myntra,SNEAKER-YEL-9,1,C02037,2026-10-02T16:49:37.000Z,1449.00,delivered
MSH140343608,S0002,meesho,HOODIE-BLK-L,1,C00360,2026-08-07T23:53:04.652Z,1019.00,delivered
MYN5015278998,S0003,myntra,KURTI-YEL-L,1,C01331,2026-09-18T09:09:41.648Z,569.00,confirmed
430-9377444-7110625,S0004,amazon,KURTI-YEL-XL,4,C00208,2026-09-11T04:40:49.540Z,2314.20,delivered
328-9245524-4162546,S0021,amazon,SNEAKER-PNK-7,2,C02262,2026-07-29T11:04:19.222Z,4898.00,delivered
OD839254062217,S0003,flipkart,SAREE-MAR-FREE,1,C00944,2026-08-08T20:32:56.251Z,1509.55,delivered
297-6905197-0481999,S0001,amazon,TSHIRT-PNK-XL,2,C00576,2026-08-11T06:22:38.154Z,664.20,delivered
335-9775755-7784162,S0023,amazon,SAREE-BLK-FREE,5,C00552,2026-09-25T04:10:57.365Z,8212.75,delivered
274-3679480-4279647,S0001,amazon,TSHIRT-WHT-XL,2,C01721,2026-09-23T01:08:48.487Z,958.00,delivered
OD432252553632,S0015,flipkart,SAREE-PNK-FREE,1,C00884,2026-07-26T13:18:48.805Z,799.00,delivered
OD072418418898,S0002,flipkart,TSHIRT-BLU-XL,1,C02342,2026-08-06T11:35:30.615Z,679.00,delivered
300-0657613-6759903,S0001,amazon,TSHIRT-WHT-XL,1,C01654,2026-07-27T06:26:12.926Z,455.05,delivered
MSH531635737,S0026,meesho,WATCH-MAR-FREE,3,C02451,2026-08-18T10:27:37.332Z,8007.00,pending
OD592604347843,S0003,flipkart,KURTI-WHT-XL,2,C02911,2026-10-03T04:36:15.060Z,808.20,pending
039-8741196-5098262,S0004,amazon,KURTI-MAR-L,1,C00649,2026-08-28T17:52:52.462Z,309.00,confirmed
MYN5019982797,S0038,myntra,SNEAKER-BLK-8,1,C02081,2026-08-03T10:43:50.528Z,2199.00,pending
MYN6814242994,S0039,myntra,SAREE-YEL-FREE,4,C01371,2026-08-21T08:11:25.245Z,5316.00,shipped
MYN9680996437,S0008,myntra,JEANS-YEL-32,1,C02023,2026-08-29T21:44:53.855Z,1709.05,delivered
433-4912506-9289008,S0023,amazon,SAREE-BLU-FREE,1,C02255,2026-08-19T19:15:39.956Z,2231.10,delivered
980-5607058-1279787,S0023,amazon,SAREE-RED-FREE,2,C00393,2026-09-13T11:04:04.530Z,2145.10,delivered
MSH564615638,S0001,meesho,HOODIE-GRN-XL,2,C00973,2026-07-16T09:28:16.125Z,3678.00,pending
OD639860792317,S0031,flipkart,SNEAKER-RED-8,1,C02452,2026-08-08T17:52:52.251Z,1289.00,delivered
OD527160158768,S0009,flipkart,HANDBAG-RED-FREE,4,C00200,2026-09-06T01:27:23.496Z,3568.20,delivered
MSH314107551,S0007,meesho,JEANS-BLU-36,3,C00404,2026-07-05T20:29:49.631Z,3357.00,shipped
MYN4952656771,S0040,myntra,JEANS-MAR-30,4,C00696,2026-09-01T01:12:47.192Z,5916.00,shipped
MYN3338487671,S0003,myntra,KURTI-YEL-L,1,C02491,2026-07-23T17:56:35.524Z,512.10,delivered
243-3441027-5798761,S0027,amazon,SAREE-GRN-FREE,1,C02444,2026-08-12T20:49:53.272Z,2139.00,delivered
MYN9663274032,S0019,myntra,WATCH-BLK-FREE,2,C01598,2026-09-27T04:53:20.158Z,2938.00,delivered
MYN2576914958,S0046,myntra,HOODIE-YEL-XL,1,C01601,2026-08-25T12:33:16.983Z,1338.55,cancelled
OD120445828690,S0003,flipkart,KURTI-YEL-L,4,C00936,2026-07-06T06:07:41.150Z,2276.00,shipped
201-2843998-0408387,S0001,amazon,HOODIE-GRN-XL,2,C02466,2026-09-29T15:53:04.879Z,3310.20,delivered
MSH982546519,S0002,meesho,TSHIRT-PNK-XL,2,C01448,2026-07-30T06:06:59.581Z,518.00,cancelled
OD769026570940,S0010,flipkart,HANDBAG-PNK-FREE,1,C01835,2026-09-15T05:14:46.170Z,719.00,delivered
MSH482177208,S0002,meesho,HOODIE-YEL-M,4,C01488,2026-07-22T14:41:15.693Z,4596.00,shipped
MYN5803267176,S0039,myntra,HANDBAG-BLK-FREE,1,C01316,2026-07-19T05:03:19.791Z,809.00,delivered
MYN9866776159,S0039,myntra,HANDBAG-BLK-FREE,1,C02439,2026-09-15T07:18:00.929Z,809.00,delivered
MSH345181223,S0005,meesho,SNEAKER-RED-7,2,C00502,2026-09-10T03:57:58.762Z,3958.20,delivered
OD487009655472,S0009,flipkart,HANDBAG-PNK-FREE,2,C01992,2026-08-25T12:10:59.454Z,2138.00,shipped
988-8287576-1603647,S0001,amazon,TSHIRT-GRN-L,1,C02953,2026-08-21T08:29:22.424Z,489.00,delivered
MYN3160804597,S0006,myntra,SNEAKER-MAR-9,2,C00532,2026-09-07T01:33:30.445Z,3858.00,cancelled
803-6810892-7146445,S0013,amazon,SNEAKER-GRN-8,2,C02754,2026-08-27T23:00:48.812Z,4786.10,returned
OD867679917392,S0002,flipkart,TSHIRT-PNK-M,3,C01713,2026-07-26T18:32:36.760Z,1833.30,delivered
MSH238783269,S0001,meesho,HOODIE-GRN-XL,4,C00296,2026-09-11T10:00:22.304Z,7356.00,delivered
416-8683879-5739311,S0008,amazon,JEANS-YEL-32,2,C01605,2026-07-07T23:10:17.692Z,3598.00,cancelled
MYN1609263817,S0016,myntra,HANDBAG-BLK-FREE,2,C01699,2026-08-26T13:45:46.344Z,1942.20,delivered
506-6431675-9553417,S0001,amazon,HOODIE-GRN-XL,1,C01672,2026-07-29T02:57:56.916Z,1839.00,delivered
MYN1829441695,S0003,myntra,KURTI-MAR-XL,5,C00141,2026-07-08T17:39:04.481Z,2945.00,delivered
726-5234490-8506642,S0035,amazon,WATCH-YEL-FREE,2,C00602,2026-07-29T05:31:56.304Z,3114.10,delivered
MSH889619426,S0007,meesho,JEANS-YEL-30,1,C01536,2026-09-10T16:44:31.252Z,609.00,delivered
MSH542012819,S0002,meesho,HOODIE-YEL-M,1,C01125,2026-08-07T16:50:49.778Z,1149.00,confirmed
849-7975490-5423932,S0048,amazon,HOODIE-GRN-L,4,C02627,2026-10-02T07:24:06.631Z,4936.20,shipped
OD277377632591,S0003,flipkart,KURTI-PNK-XL,3,C01494,2026-08-25T00:19:05.037Z,2130.30,delivered
688-8437817-0402346,S0039,amazon,HANDBAG-BLK-FREE,2,C01409,2026-07-14T22:49:42.523Z,1537.10,delivered
MSH966279422,S0030,meesho,SAREE-PNK-FREE,1,C02289,2026-09-07T19:10:32.902Z,2089.00,delivered
MYN6209971845,S0003,myntra,SAREE-MAR-FREE,1,C02686,2026-07-18T18:18:44.142Z,1509.55,confirmed
862-1109752-7545612,S0001,amazon,TSHIRT-WHT-XL,1,C01182,2026-07-12T06:36:00.624Z,479.00,delivered
OD609344879106,S0018,flipkart,JEANS-RED-30,3,C00901,2026-07-22T18:43:42.263Z,3717.00,delivered
MYN9925481722,S0050,myntra,SAREE-YEL-FREE,1,C00469,2026-08-30T08:20:18.989Z,1989.00,delivered
OD985788809121,S0018,flipkart,JEANS-MAR-34,4,C01900,2026-08-10T16:36:58.057Z,3796.00,confirmed
MYN4925863684,S0004,myntra,KURTI-YEL-XL,2,C01604,2026-07-18T14:55:06.414Z,1218.00,delivered
MYN4056247094,S0044,myntra,HOODIE-YEL-XL,1,C00501,2026-07-21T12:02:05.792Z,1929.00,cancelled
MYN2143225184,S0041,myntra,TSHIRT-WHT-XL,3,C00466,2026-09-25T12:31:38.566Z,1131.30,delivered
MYN3786884865,S0019,myntra,WATCH-GRN-FREE,1,C00932,2026-09-23T02:49:20.188Z,2479.00,delivered
OD482131015918,S0003,flipkart,SAREE-RED-FREE,1,C01320,2026-07-05T18:47:26.946Z,1079.00,delivered
OD773032414629,S0015,ebay,SAREE-GRN-FREE,3,C00729,2026-07-25T08:39:40.243Z,6207.30,delivered
263-8751484-7520271,S0001,amazon,HOODIE-GRN-XL,1,C00735,2026-08-21T22:27:07.870Z,1839.00,delivered
129-6978288-0696667,S0009,amazon,HANDBAG-PNK-FREE,2,C01754,2026-08-16T19:23:52.818Z,2138.00,delivered
133-2640915-1533742,S0001,amazon,HOODIE-GRN-XL,3,C00120,2026-08-30T20:08:17.812Z,4965.30,delivered
OD806071648019,S0018,flipkart,JEANS-RED-30,4,C01052,2026-08-15T01:04:36.790Z,4708.20,confirmed
MYN3722095949,S0006,myntra,SNEAKER-BLU-7,1,C01382,2026-09-19T07:49:25.731Z,1399.00,delivered
MSH908157154,S0026,meesho,HANDBAG-BLK-FREE,1,C00734,2026-07-07T06:21:48.881Z,407.55,delivered
421-6508984-8543990,S0045,amazon,WATCH-RED-FREE,3,C02676,2026-08-24T18:04:03.485Z,5097.00,cancelled
645-0381288-3942130,S0032,amazon,WATCH-GRN-FREE,2,C00546,2026-09-12T17:01:12.364Z,1385.10,delivered
163-2753875-0306770,S0022,amazon,HOODIE-PNK-XL,2,C02366,2026-08-03T19:42:23.965Z,2098.00,returned
619-6126841-2965832,S0001,amazon,HOODIE-GRN-XL,1,C02840,2026-09-07T12:55:09.788Z,1747.05,delivered
127-4071485-9551084,S0001,amazon,HOODIE-GRN-XL,2,C01639,2026-07-09T17:18:10.694Z,3494.10,returned
OD981850591796,S0024,flipkart,JEANS-RED-36,1,C00402,2026-08-17T11:49:55.899Z,759.05,returned
MSH538701312,S0001,meesho,TSHIRT-WHT-XL,1,C01593,2026-08-02T03:29:34.994Z,431.10,cancelled
MYN2362174076,S0040,myntra,JEANS-BLU-34,1,C01959,2026-08-14T18:29:25.989Z,969.00,pending
MSH246338348,S0026,meesho,WATCH-YEL-FREE,1,C00349,2026-08-02T05:50:54.878Z,1119.00,delivered
MYN8763055638,S0048,myntra,HOODIE-GRN-L,1,C01391,2026-07-25T11:13:14.482Z,1169.10,delivered
OD465513325677,S0003,flipkart,SAREE-MAR-FREE,1,C00337,2026-07-12T02:32:54.194Z,1589.00,delivered
OD300884549117,S0036,flipkart,JEANS-PNK-36,2,C01593,2026-08-06T00:55:53.168Z,2978.00,delivered
MYN4980044158,S0049,myntra,SAREE-WHT-FREE,5,C02228,2026-08-17T04:54:01.759Z,8260.25,delivered
MSH202525887,S0002,meesho,TSHIRT-PNK-M,1,C01761,2026-08-19T12:40:36.413Z,679.00,delivered
763-5013235-1673526,S0001,amazon,HOODIE-GRN-XL,2,C01506,2026-09-30T01:16:01.489Z,3310.20,delivered
MYN9249945572,S0013,myntra,SNEAKER-MAR-7,4,C01479,2026-09-30T15:52:45.454Z,9932.40,delivered
MSH371987215,S0009,meesho,HANDBAG-GRN-FREE,1,C02240,2026-07-06T13:19:57.541Z,529.00,pending
OD981901402766,S0003,flipkart,SAREE-GRN-FREE,1,C01015,2026-07-28T00:17:46.532Z,1539.00,delivered
OD179276722801,S0042,flipkart,KURTI-YEL-L,4,C01187,2026-09-20T22:40:39.248Z,2316.00,delivered
897-9324361-7837224,S0001,amazon,TSHIRT-WHT-XL,1,C01379,2026-08-22T10:00:31.087Z,479.00,pending
MYN2001220296,S0041,myntra,TSHIRT-RED-L,2,C02077,2026-08-30T02:40:38.056Z,1058.00,shipped
OD788171200030,S0048,flipkart,HOODIE-BLU-XL,2,C01914,2026-07-29T09:29:28.344Z,1678.00,delivered
MSH631302718,S0001,meesho,TSHIRT-GRN-L,1,C00762,2026-07-07T00:21:44.262Z,489.00,delivered
OD196356781034,S0002,flipkart,HOODIE-BLU-M,1,C00722,2026-08-14T00:26:48.529Z,1929.00,delivered
MYN4244753341,S0041,myntra,TSHIRT-YEL-S,1,C00451,2026-09-17T12:19:23.045Z,559.00,delivered
532-0922655-6210834,S0016,amazon,HANDBAG-YEL-FREE,1,C01295,2026-08-29T14:58:22.256Z,839.00,pending
253-4830662-8649642,S0004,amazon,KURTI-PNK-M,3,C02525,2026-08-13T11:00:35.870Z,994.65,delivered
300-5019503-8683759,S0001,amazon,HOODIE-GRN-XL,2,C01260,2026-09-21T04:28:43.104Z,3678.00,cancelled
,S0002,meesho,HOODIE-YEL-M,3,C00802,2026-08-26T23:21:56.494Z,3447.00,delivered
MYN6010428510,S0040,myntra,JEANS-PNK-32,2,C01897,2026-07-05T21:37:55.315Z,1298.00,delivered
442-4222952-9465119,S0011,amazon,KURTI-YEL-XL,1,C02551,2026-07-19T17:18:06.256Z,287.10,delivered
108-2647717-4351781,S0001,amazon,HOODIE-GRN-XL,3,C00106,2026-09-27T21:30:49.566Z,5517.00,shipped
OD493279130207,S0028,flipkart,JEANS-GRN-36,1,C00492,2026-07-14T11:15:38.646Z,759.05,confirmed
MYN0900510384,S0004,myntra,KURTI-YEL-XL,1,C00833,2026-08-02T20:38:12.253Z,548.10,delivered
OD131002316618,S0010,flipkart,SAREE-WHT-FREE,4,C00990,2026-07-25T17:25:35.129Z,6872.40,delivered
OD598223166231,S0025,flipkart,SNEAKER-BLU-10,1,C02916,2026-09-12T20:45:52.105Z,1569.00,delivered
MSH520810182,S0002,meesho,TSHIRT-PNK-XL,1,C01387,2026-09-08T05:26:39.217Z,233.10,confirmed
OD034556296075,S0024,flipkart,JEANS-RED-36,2,C00905,2026-08-20T02:37:26.347Z,1518.10,shipped
999-7188570-2770915,S0009,amazon,HANDBAG-MAR-FREE,1,C02666,2026-09-21T09:00:23.431Z,665.10,delivered
MSH142650624,S0005,meesho,SNEAKER-MAR-7,5,C00836,2026-08-14T02:15:24.856Z,11995.00,delivered
437-2229365-8360008,S0045,amazon,WATCH-BLU-FREE,1,C00996,2026-09-22T22:53:46.233Z,818.10,shipped
MYN7705123738,S0029,myntra,SNEAKER-PNK-7,1,C00134,2026-09-07T23:31:07.331Z,2539.00,delivered
MSH597878285,S0002,meesho,TSHIRT-PNK-M,1,C00496,2026-07-26T03:25:14.357Z,611.10,delivered
236-3507411-7532758,S0013,amazon,SNEAKER-GRN-7,1,C02064,2026-08-19T04:56:32.128Z,1072.55,returned
098-4374963-4067535,S0001,amazon,HOODIE-GRN-XL,3,C02980,2026-08-15T15:24:48.932Z,5517.00,confirmed
MYN9045587184,S0050,myntra,WATCH-GRN-FREE,2,C00793,2026-10-02T19:36:36.849Z,1005.10,delivered
375-4829620-5522699,S0037,amazon,JEANS-PNK-36,1,C02291,2026-08-14T14:18:46.024Z,909.00,shipped
MYN2203066114,S0004,myntra,KURTI-YEL-XL,3,C01650,2026-09-07T06:12:23.684Z,1827.00,delivered
499-7315232-6453544,S0004,amazon,KURTI-YEL-XL,2,C02637,2026-08-12T23:12:02.861Z,1218.00,delivered
321-9493189-2154457,S0009,amazon,HANDBAG-RED-FREE,3,C02359,2026-09-14T15:34:51.434Z,2817.00,delivered
OD151809724800,S0002,flipkart,HOODIE-YEL-M,3,C00005,2026-07-26T03:35:27.453Z,3447.00,delivered
282-3891610-7510498,S0009,amazon,HANDBAG-PNK-FREE,2,C01328,2026-08-16T23:44:54.188Z,2138.00,shipped
OD281943976527,S0025,flipkart,SNEAKER-PNK-8,2,C02303,2026-08-03T14:52:22.470Z,2212.20,cancelled
149-6430937-4506556,S0013,amazon,SNEAKER-GRN-7,3,C02248,2026-07-11T23:57:05.495Z,3048.30,delivered
MSH317552028,S0002,meesho,HOODIE-YEL-M,2,C00530,2026-08-16T17:07:54.774Z,2298.00,cancelled
MSH380660283,S0021,meesho,SNEAKER-PNK-7,1,C00147,2026-09-11T08:52:35.831Z,2449.00,cancelled
122-1193171-0610827,S0001,amazon,HOODIE-GRN-XL,3,C00659,2026-08-16T23:46:08.846Z,4965.30,delivered
OD185702143349,S0008,flipkart,JEANS-BLU-34,2,C01045,2026-07-22T01:38:05.344Z,2698.20,returned
MSH588199069,S0002,meesho,TSHIRT-WHT-M,1,C00790,2026-09-24T18:51:32.703Z,439.00,cancelled
MSH387421796,S0009,meesho,HANDBAG-BLU-FREE,3,C00403,2026-08-04T11:32:43.964Z,4437.00,delivered
MYN0146034933,S0033,myntra,TSHIRT-BLK-S,2,C01820,2026-10-02T05:31:09.824Z,1271.10,shipped
401-0024445-4299481,S0001,amazon,HOODIE-GRN-XL,2,C00049,2026-07-26T04:45:01.008Z,3678.00,shipped
MSH894188659,S0005,meesho,SNEAKER-MAR-7,1,C02858,2026-07-28T23:32:25.726Z,2399.00,delivered
MYN1864815275,S0028,myntra,JEANS-RED-34,1,C00975,2026-07-20T11:17:37.447Z,1043.10,confirmed
MSH741797612,S0029,meesho,SNEAKER-PNK-7,1,C00574,2026-07-27T14:13:32.349Z,2539.00,delivered
MSH879456055,S0001,meesho,HOODIE-GRN-XL,1,C01612,2026-08-12T09:01:28.212Z,1747.05,pending
MSH234872402,S0001,meesho,TSHIRT-WHT-XL,3,C02907,2026-09-12T13:34:55.689Z,1293.30,confirmed
OD570184748450,S0024,flipkart,JEANS-GRN-30,5,C00914,2026-07-29T21:28:25.359Z,4945.00,confirmed
748-3001306-5892626,S0001,amazon,TSHIRT-GRN-L,5,C00550,2026-09-06T03:18:16.186Z,2200.50,delivered
749-7122820-5493111,S0044,amazon,HOODIE-YEL-XL,4,C01470,not-a-date,6944.40,delivered
697-3474515-4307301,S0011,amazon,KURTI-PNK-S,1,C02577,2026-08-07T14:08:54.035Z,369.00,shipped
MSH323374890,S0036,meesho,JEANS-WHT-30,4,C02723,2026-08-02T14:54:40.085Z,2916.00,cancelled
MSH151026561,S0002,meesho,TSHIRT-RED-S,1,C00928,2026-07-11T15:03:52.796Z,379.00,delivered
MSH297557870,S0007,meesho,JEANS-YEL-30,1,C00425,2026-07-05T15:36:32.948Z,609.00,returned
MYN7215175649,S0006,myntra,SNEAKER-RED-10,1,C01182,2026-07-10T15:52:40.988Z,2820.55,cancelled
MSH621294825,S0026,meesho,WATCH-MAR-FREE,3,C01370,2026-07-17T05:51:15.520Z,8007.00,delivered
MYN8420029436,S0039,myntra,HANDBAG-YEL-FREE,4,C02193,2026-09-23T07:12:58.818Z,2756.00,confirmed
OD435216798816,S0002,flipkart,TSHIRT-BLU-XL,1,C00133,2026-08-31T10:51:06.126Z,679.00,delivered
MSH416344315,S0002,meesho,TSHIRT-PNK-XL,2,C00617,2026-07-15T23:53:17.099Z,518.00,delivered
OD086911597609,S0028,flipkart,JEANS-GRN-34,1,C01737,2026-09-10T11:03:48.769Z,1205.55,delivered
688-3240060-0435986,S0009,amazon,HANDBAG-PNK-FREE,3,C01227,2026-07-14T07:48:29.728Z,2886.30,shipped
MYN0833836520,S0038,myntra,SNEAKER-PNK-8,1,C02471,2026-09-08T05:20:48.353Z,1187.10,delivered
MYN9511613425,S0008,myntra,JEANS-BLK-36,1,C01979,2026-08-20T12:56:40.065Z,719.10,delivered
OD219752740728,S0033,flipkart,TSHIRT-RED-S,1,C02648,2026-09-27T14:31:24.945Z,279.00,delivered
MYN7600989359,S0034,myntra,HANDBAG-YEL-FREE,1,C02141,2026-08-19T13:57:19.432Z,1249.00,pending
MYN4084610719,S0003,myntra,SAREE-MAR-FREE,1,C01666,2026-09-12T11:05:48.086Z,1589.00,delivered
236-9652748-4400148,S0034,amazon,HANDBAG-MAR-FREE,4,C02071,2026-09-06T05:52:11.258Z,2694.20,delivered
131-4202885-4940520,S0045,amazon,WATCH-BLU-FREE,2,C01938,2026-07-09T01:41:41.817Z,1818.00,cancelled
MYN4716897913,S0041,myntra,KURTI-YEL-M,1,C02006,2026-09-27T11:36:06.066Z,825.55,delivered
MYN6152675156,S0008,myntra,JEANS-BLU-34,1,C00922,2026-09-12T10:00:57.216Z,1349.10,delivered
OD921835507470,S0009,flipkart,HANDBAG-BLK-FREE,2,C00745,2026-09-26T02:01:27.144Z,2438.00,delivered
MSH278854178,S0002,meesho,HOODIE-BLU-M,1,C01278,2026-08-14T00:38:46.939Z,1832.55,delivered
MYN7669507656,S0014,myntra,WATCH-GRN-FREE,1,C01312,2026-08-02T15:43:27.242Z,892.05,delivered
OD305508679469,S0025,flipkart,SNEAKER-YEL-8,1,C00534,2026-08-01T04:51:52.417Z,1969.00,delivered
MSH314110467,S0001,meesho,HOODIE-GRN-XL,1,C00580,2026-08-20T01:16:06.922Z,1839.00,delivered
052-3171706-1701210,S0050,amazon,WATCH-MAR-FREE,2,C00994,2026-09-03T20:37:28.971Z,4298.00,delivered
OD703374302847,S0002,flipkart,TSHIRT-RED-L,4,C01665,2026-07-05T17:05:46.967Z,1820.20,shipped
MYN6472390398,S0006,myntra,SNEAKER-YEL-7,1,C01386,2026-08-05T22:57:06.098Z,1389.00,delivered
505-9986290-3952435,S0001,amazon,TSHIRT-GRN-L,1,,2026-07-16T21:41:09.542Z,464.55,delivered
MSH635185310,S0009,meesho,HANDBAG-BLK-FREE,2,C00984,2026-09-02T17:31:01.796Z,2438.00,delivered
MYN8693851939,S0006,myntra,SNEAKER-RED-10,1,C02236,2026-07-21T02:32:26.741Z,2969.00,returned
OD173321154195,S0002,flipkart,HOODIE-YEL-M,2,C01252,2026-09-27T02:45:27.168Z,2183.10,pending
MYN3531342246,S0003,myntra,KURTI-YEL-M,5,C00798,2026-07-06T07:44:33.705Z,1562.75,delivered
OD141272860599,S0015,flipkart,SAREE-PNK-FREE,2,C02086,2026-07-16T10:40:32.745Z,1598.00,delivered
MSH394188180,S0001,meesho,TSHIRT-WHT-XL,1,C00431,2026-09-21T06:17:57.773Z,479.00,cancelled
453-5242791-2965759,S0039,amazon,SAREE-YEL-FREE,1,C00359,2026-09-14T19:56:24.005Z,1196.10,delivered
OD631206407682,S0010,flipkart,SAREE-WHT-FREE,2,C02494,2026-08-29T03:28:14.974Z,3627.10,delivered
983-8138533-7145242,S0045,amazon,WATCH-BLU-FREE,3,C02140,2026-08-09T17:54:52.559Z,2590.65,delivered
MYN5575000200,S0019,myntra,WATCH-PNK-FREE,1,C01684,2026-07-20T03:49:12.689Z,3143.55,delivered
MSH863559942,S0007,meesho,JEANS-BLU-36,2,C00551,2026-08-17T00:25:17.140Z,2126.10,confirmed
MYN7690786693,S0047,myntra,KURTI-YEL-M,1,C01316,2026-08-25T12:38:12.327Z,889.00,delivered
OD411872039637,S0014,flipkart,WATCH-GRN-FREE,2,C02716,2026-07-09T15:35:13.858Z,1878.00,confirmed
OD666189922292,S0010,flipkart,HANDBAG-PNK-FREE,3,C00547,2026-07-11T10:54:22.631Z,2157.00,delivered
MSH221558458,S0002,meesho,HOODIE-YEL-M,4,C02330,2026-08-24T21:34:49.942Z,4596.00,cancelled
MSH839678157,S0005,meesho,SNEAKER-RED-10,2,C00804,2026-08-11T17:26:45.366Z,3838.00,delivered
MYN7209136949,S0041,myntra,TSHIRT-RED-L,1,C00438,2026-08-28T15:30:45.805Z,476.10,delivered
MSH958522090,S0030,meesho,JEANS-PNK-34,1,C00340,2026-09-11T02:35:24.938Z,917.10,delivered
MSH733913015,S0001,meesho,HOODIE-GRN-XL,4,C01427,2026-07-12T16:40:35.285Z,6620.40,confirmed
MSH969813018,S0002,meesho,HOODIE-BLU-M,1,C01788,2026-08-20T00:48:47.158Z,1832.55,delivered
MSH290319333,S0005,meesho,SNEAKER-BLU-8,1,C02047,2026-07-22T09:35:05.786Z,2483.10,delivered
MYN1740474899,S0047,myntra,KURTI-RED-M,2,C01975,2026-08-15T10:00:16.349Z,1078.00,delivered
MYN5324868655,S0014,myntra,KURTI-RED-M,3,C00015,2026-08-19T04:11:32.387Z,-2247.00,delivered
OD484261404758,S0003,flipkart,KURTI-GRN-L,5,C02384,2026-07-11T03:58:11.768Z,2445.00,returned
926-9869341-7860795,S0001,amazon,HOODIE-GRN-XL,5,C00414,2026-08-19T10:55:37.126Z,9195.00,delivered
MYN4099287203,S0006,myntra,SNEAKER-RED-10,1,C02487,2026-07-24T08:03:36.479Z,2969.00,delivered
MYN3837742536,S0008,myntra,JEANS-PNK-30,1,C00687,2026-09-12T19:51:22.317Z,1179.00,delivered
MSH426235810,S0007,meesho,JEANS-BLU-36,1,C02828,2026-07-06T14:10:45.342Z,1119.00,delivered
239-7776986-9097803,S0001,amazon,HOODIE-GRN-XL,2,C00451,2026-07-06T06:40:30.856Z,3678.00,delivered
OD470776084784,S0026,flipkart,HANDBAG-GRN-FREE,1,C02613,2026-07-15T11:48:13.215Z,483.55,delivered
MSH000958521,S0002,meesho,TSHIRT-PNK-XL,2,C01575,2026-09-26T11:44:55.544Z,492.10,shipped
960-9350851-4256533,S0001,amazon,HOODIE-PNK-M,2,C00934,2026-09-05T07:54:01.729Z,2878.20,delivered
MSH141777532,S0010,meesho,SAREE-YEL-FREE,1,C02406,2026-08-31T21:53:12.770Z,629.10,delivered
859-2274733-7416660,S0045,amazon,WATCH-BLK-FREE,1,,2026-08-06T05:45:48.024Z,3319.00,returned
167-0295014-1441194,S0009,amazon,HANDBAG-PNK-FREE,1,C02075,2026-08-20T04:57:27.024Z,962.10,delivered
MSH597846678,S0002,meesho,TSHIRT-BLU-XL,5,C02058,2026-08-11T11:05:53.464Z,3055.50,delivered
MSH768504231,S0007,meesho,JEANS-BLU-36,1,C02339,2026-07-25T14:35:23.487Z,1119.00,delivered
032-6138075-5679078,S0026,amazon,WATCH-MAR-FREE,1,C01246,2026-07-31T14:00:35.009Z,2669.00,returned
OD465405328237,S0010,flipkart,SAREE-WHT-FREE,4,C01063,2026-09-13T04:00:09.406Z,7636.00,cancelled
MYN1670242298,S0003,myntra,SAREE-MAR-FREE,1,C00257,2026-07-11T13:19:43.468Z,1589.00,delivered
743-1125895-7825782,S0001,amazon,TSHIRT-PNK-XL,1,C02070,2026-09-06T04:20:39.224Z,369.00,cancelled
OD479046204956,S0002,flipkart,HOODIE-YEL-M,4,C00014,2026-08-23T20:37:05.404Z,4366.20,delivered
MSH774218212,S0002,meesho,TSHIRT-PNK-M,1,C00318,2026-09-06T04:52:35.160Z,679.00,delivered
611-9122974-5974157,S0001,amazon,HOODIE-GRN-XL,4,C00589,2026-07-21T15:48:33.003Z,7356.00,cancelled
MYN0385306413,S0023,myntra,SAREE-BLU-FREE,1,C00433,2026-08-07T10:02:18.037Z,2479.00,cancelled
MYN4479589354,S0049,myntra,SNEAKER-YEL-10,1,C02942,2026-08-21T03:51:02.869Z,abc,confirmed
067-7576185-6876015,S0008,amazon,JEANS-YEL-32,1,C01214,2026-09-04T18:08:10.980Z,1799.00,delivered
OD636783315743,S0009,flipkart,HANDBAG-PNK-FREE,2,C02235,2026-07-13T10:35:54.767Z,1924.20,delivered
281-6257110-4959280,S0001,amazon,HOODIE-GRN-XL,3,C02262,2026-07-19T20:16:18.359Z,5517.00,cancelled
OD461436466225,S0003,flipkart,KURTI-MAR-XL,2,C00792,2026-08-19T17:30:09.697Z,1060.20,delivered
OD086008738085,S0002,flipkart,HOODIE-YEL-M,1,C02541,2026-07-29T10:03:09.288Z,1149.00,pending
OD225493705105,S0025,flipkart,SNEAKER-PNK-8,1,C01187,2026-09-23T19:14:25.985Z,1167.55,shipped
MYN8115598263,S0006,myntra,SNEAKER-GRN-7,1,C00546,2026-09-25T16:52:26.856Z,755.10,cancelled
MYN6906466799,S0033,myntra,TSHIRT-WHT-L,5,C00821,2026-09-24T07:55:43.864Z,2745.00,pending
OD362535662841,S0010,flipkart,SAREE-WHT-FREE,3,C02840,2026-08-01T03:23:46.237Z,5727.00,shipped
OD384914042652,S0002,flipkart,TSHIRT-BLU-XL,4,C01794,2026-09-04T10:43:47.380Z,2716.00,delivered
150-6487882-0460216,S0001,amazon,TSHIRT-GRN-L,1,C02271,2026-07-10T18:48:10.971Z,489.00,delivered
MSH690947583,S0001,meesho,TSHIRT-WHT-XL,1,C01535,2026-09-14T15:21:39.674Z,479.00,delivered
MYN7505040616,S0003,myntra,KURTI-BLK-L,3,C01254,2026-10-03T03:29:51.277Z,2191.65,delivered
761-3221546-4447250,S0028,amazon,JEANS-RED-34,1,C01987,2026-09-25T03:11:59.372Z,1101.05,delivered
MYN3694486986,S0008,myntra,JEANS-BLK-36,1,C00981,2026-09-24T23:58:51.369Z,799.00,delivered
504-5206031-8597986,S0001,amazon,HOODIE-GRN-XL,1,C02476,2026-07-19T13:39:56.804Z,1839.00,delivered
MYN6478594138,S0019,myntra,WATCH-WHT-FREE,3,C02029,2026-07-18T00:20:14.866Z,7065.15,delivered
MSH931118450,S0005,meesho,SNEAKER-MAR-7,4,C01751,2026-08-03T00:58:03.318Z,9596.00,delivered
705-3155271-2529738,S0001,amazon,TSHIRT-GRN-L,1,C01248,2026-09-21T08:08:46.028Z,440.10,delivered
MSH675073920,S0002,meesho,HOODIE-BLK-L,1,C01626,2026-10-03T03:51:35.589Z,917.10,delivered
344-3765872-4705345,S0016,amazon,HANDBAG-BLK-FREE,2,C02371,2026-07-17T06:42:48.605Z,2158.00,delivered
MSH829053854,S0026,meesho,WATCH-YEL-FREE,1,C00323,2026-07-12T14:58:30.229Z,1119.00,delivered
983-9896093-0069128,S0001,amazon,HOODIE-GRN-XL,1,C02465,2026-08-27T16:59:18.543Z,1747.05,returned
MYN5407790233,S0003,myntra,SAREE-MAR-FREE,1,C02079,2026-08-11T00:57:18.869Z,1589.00,delivered
OD554444980463,S0003,flipkart,KURTI-WHT-XL,1,C01976,2026-08-18T16:54:23.908Z,449.00,delivered
MSH886208703,S0011,meesho,KURTI-BLU-XL,1,C02243,2026-08-31T23:05:22.888Z,599.00,delivered
MYN5234982191,S0019,myntra,WATCH-WHT-FREE,1,C00920,2026-10-02T17:43:55.405Z,2479.00,delivered
MSH009061147,S0005,meesho,SNEAKER-MAR-7,4,C02956,2026-07-10T14:32:14.067Z,9116.20,delivered
MYN5718416114,S0049,myntra,SAREE-WHT-FREE,2,C00124,2026-08-11T02:07:34.094Z,3478.00,delivered
MSH794507143,S0001,meesho,HOODIE-GRN-XL,1,C00467,2026-07-24T01:42:14.633Z,1747.05,delivered
869-7742966-2250030,S0001,amazon,HOODIE-GRN-XL,4,C00944,2026-09-22T08:03:01.738Z,6988.20,confirmed
865-7828644-6160021,S0001,amazon,HOODIE-GRN-XL,3,C02546,2026-08-05T08:26:36.678Z,4965.30,delivered
552-8261342-3578923,S0045,amazon,WATCH-MAR-FREE,1,C01644,2026-07-16T00:15:03.999Z,1319.00,returned
MSH964954489,S0001,meesho,HOODIE-GRN-XL,1,C01747,2026-09-29T19:53:02.357Z,1655.10,delivered
MYN9615301961,S0003,myntra,SAREE-MAR-FREE,1,C00479,2026-07-27T18:54:24.824Z,1430.10,delivered
OD376690989951,S0002,flipkart,HOODIE-MAR-L,2,C00476,2026-09-02T19:27:03.748Z,2038.00,delivered
MYN8025568163,S0046,myntra,HOODIE-BLU-L,2,C02390,2026-08-29T16:47:52.045Z,2958.00,delivered
OD138062817435,S0015,flipkart,SAREE-PNK-FREE,1,C00474,2026-08-04T00:37:49.926Z,799.00,confirmed
OD369236440302,S0003,flipkart,KURTI-GRN-L,1,C01898,2026-08-04T21:03:35.948Z,489.00,delivered
OD745117184218,S0002,flipkart,HOODIE-YEL-M,1,C00973,2026-07-24T10:19:21.433Z,1149.00,delivered
131-6247312-2294070,S0008,amazon,JEANS-YEL-32,1,C00203,2026-09-21T17:31:59.902Z,1799.00,shipped
235-3265154-9129714,S0039,amazon,HANDBAG-YEL-FREE,2,C00734,2026-08-22T05:29:59.973Z,1378.00,delivered
MSH303264938,S0005,meesho,SNEAKER-MAR-7,1,C00926,2026-09-12T14:32:28.909Z,2279.05,delivered
OD089386418823,S0036,flipkart,HOODIE-GRN-XL,1,C01218,2026-09-26T12:55:55.735Z,1879.00,delivered
OD215004567208,S0026,flipkart,WATCH-MAR-FREE,2,C01221,2026-07-17T06:59:12.203Z,5071.10,confirmed
MSH537527743,S0002,meesho,HOODIE-BLK-L,2,C02417,2026-09-13T06:57:57.774Z,2038.00,confirmed
MYN9499782858,S0047,myntra,KURTI-BLK-L,1,C02243,2026-07-30T09:00:05.527Z,329.00,returned
MYN2693619706,S0008,myntra,JEANS-PNK-30,1,C00789,2026-08-24T14:29:36.123Z,1120.05,pending
MYN7439216479,S0003,myntra,KURTI-WHT-XL,3,C01449,2026-07-27T10:09:21.059Z,1347.00,delivered
355-9640295-9812964,S0009,amazon,HANDBAG-BLK-FREE,1,C02599,2026-08-18T01:27:10.055Z,1097.10,delivered
MSH989759770,S0021,meesho,SNEAKER-BLK-7,1,C01132,2026-08-18T18:20:03.825Z,1538.10,confirmed
MSH268970576,S0001,meesho,TSHIRT-PNK-XL,4,C02110,2026-07-08T14:35:56.362Z,1328.40,delivered
MYN3820207739,S0011,myntra,KURTI-BLU-M,2,C02621,2026-08-20T01:30:55.022Z,1330.20,delivered
MYN6911346567,S0003,myntra,SAREE-GRN-FREE,1,C00877,2026-08-30T17:27:08.731Z,1539.00,delivered
MSH243520118,S0002,meesho,HOODIE-YEL-M,1,C01363,2026-08-27T02:10:33.193Z,1149.00,delivered
784-0071073-7240017,S0050,amazon,SAREE-YEL-FREE,1,C00938,2026-09-12T15:15:25.600Z,1889.55,delivered
456-5265714-2593121,S0001,amazon,TSHIRT-WHT-XL,1,C02920,2026-08-30T02:58:56.399Z,431.10,pending
296-3215874-3793479,S0023,amazon,SAREE-BLU-FREE,1,,2026-08-10T22:12:41.797Z,2479.00,delivered
OD794307869767,S0010,flipkart,SAREE-GRN-FREE,1,C01084,2026-07-20T23:20:46.872Z,1395.55,pending
166-1557104-0997270,S0028,amazon,JEANS-YEL-36,1,C00129,2026-08-28T23:17:40.866Z,901.55,delivered
MYN2193287614,S0003,myntra,SAREE-MAR-FREE,1,C01424,2026-08-18T07:23:25.113Z,1589.00,delivered
MSH698674307,S0001,meesho,HOODIE-PNK-M,2,C01619,2026-09-18T21:04:14.988Z,2878.20,cancelled
OD939153479136,S0002,flipkart,HOODIE-BLK-L,3,C02598,2026-07-17T16:57:08.092Z,3057.00,delivered
764-4325952-2199280,S0020,amazon,JEANS-BLK-30,1,C02940,2026-09-22T14:01:00.465Z,1519.00,delivered
MSH960364078,S0005,meesho,SNEAKER-BLK-9,1,C00244,2026-09-12T03:22:06.040Z,1389.00,confirmed
162-5567509-7585433,S0031,amazon,HOODIE-MAR-M,4,C02228,2026-09-24T01:26:32.201Z,5116.00,cancelled
MYN2641700609,S0003,myntra,SAREE-MAR-FREE,2,C00800,2026-08-10T13:05:00.408Z,3178.00,delivered
OD591993136047,S0028,flipkart,JEANS-RED-34,1,C00080,2026-09-12T08:18:58.772Z,1101.05,delivered
OD137636607674,S0017,flipkart,KURTI-MAR-S,2,C00099,2026-08-04T18:03:00.977Z,1078.00,delivered
OD179525058231,S0015,flipkart,WATCH-RED-FREE,1,C01381,2026-07-10T00:51:01.268Z,1781.10,delivered
MYN5204162499,S0038,myntra,SNEAKER-BLU-8,1,C01182,2026-08-30T15:36:17.187Z,1459.00,delivered
MSH601046270,S0027,meesho,SAREE-WHT-FREE,1,C00584,2026-08-09T13:48:37.204Z,1829.00,confirmed
MSH971750432,S0001,meesho,HOODIE-PNK-M,1,C02524,2026-08-15T20:14:59.856Z,1599.00,delivered
440-8595067-1685256,S0045,amazon,WATCH-RED-FREE,3,C02729,2026-09-15T17:52:13.240Z,5097.00,delivered
MSH305428124,S0005,meesho,SNEAKER-MAR-7,1,C02985,2026-08-01T05:52:27.392Z,2399.00,delivered
OD844693331307,S0002,flipkart,HOODIE-BLK-L,1,C00982,2026-09-03T04:07:42.231Z,1019.00,pending
MYN6086221791,S0004,myntra,KURTI-YEL-M,1,C00720,2026-09-10T15:34:04.588Z,869.00,delivered
MYN8865874996,S0004,myntra,KURTI-PNK-M,2,C00938,2026-10-03T03:05:39.614Z,698.00,delivered
MSH183058756,S0007,meesho,JEANS-GRN-34,1,C01492,2026-09-12T19:43:13.779Z,719.00,delivered
OD652980253853,S0009,flipkart,HANDBAG-MAR-FREE,2,C01743,2026-07-19T12:05:42.091Z,1478.00,delivered
OD325031009861,S0014,flipkart,WATCH-GRN-FREE,1,C00129,2026-08-04T16:15:25.774Z,939.00,returned
MSH380971039,S0029,meesho,,1,C01856,2026-10-01T16:01:51.662Z,2539.00,delivered
OD849073099867,S0048,flipkart,HOODIE-GRN-L,3,C02992,2026-08-04T21:08:54.151Z,3897.00,delivered
525-2360043-3941146,S0001,amazon,HOODIE-GRN-XL,1,C02153,2026-08-20T06:08:47.784Z,1839.00,delivered
888-6566273-5252757,S0037,amazon,JEANS-RED-36,1,C01227,2026-07-08T14:58:31.278Z,1799.00,delivered
402-4664483-4541747,S0045,amazon,WATCH-GRN-FREE,1,C01476,2026-08-09T16:44:32.067Z,1739.00,delivered
MSH329330310,S0001,meesho,HOODIE-GRN-XL,2,C02998,2026-08-29T07:30:13.775Z,3678.00,delivered
607-8561380-7976603,S0001,amazon,HOODIE-GRN-XL,3,C02255,2026-08-09T12:24:12.363Z,5517.00,delivered
MSH881284542,S0005,meesho,SNEAKER-BLU-7,4,C01834,2026-09-29T20:17:58.344Z,9876.00,delivered
OD064122253202,S0002,flipkart,HOODIE-MAR-L,1,C01289,2026-10-02T07:39:10.950Z,917.10,delivered
OD763922094837,S0002,flipkart,HOODIE-YEL-M,3,C02676,2026-07-22T11:28:13.435Z,3274.65,delivered
MYN0688464551,S0028,myntra,JEANS-GRN-36,1,C02421,2026-07-21T17:16:50.214Z,799.00,delivered
MSH397906831,S0007,meesho,HOODIE-WHT-L,1,C00245,2026-09-02T18:31:13.977Z,1149.00,cancelled
076-8416673-8579884,S0025,amazon,SNEAKER-PNK-8,1,C01432,2026-08-25T10:42:15.277Z,1229.00,delivered
MSH589329557,S0026,meesho,HANDBAG-GRN-FREE,1,C00596,2026-08-17T07:57:42.225Z,483.55,delivered
MSH725954220,S0001,meesho,HOODIE-GRN-XL,1,C01745,2026-09-23T17:52:11.693Z,1839.00,delivered
MYN7349016798,S0003,myntra,SAREE-MAR-FREE,2,C01225,2026-08-16T01:48:47.867Z,3019.10,delivered
MSH659576659,S0005,meesho,SNEAKER-BLK-9,2,C00268,2026-08-30T05:21:28.632Z,2778.00,delivered
911-5846584-8361301,S0004,amazon,KURTI-BLU-S,1,C01472,2026-09-03T21:03:18.751Z,746.10,returned
MSH364111361,S0002,meesho,TSHIRT-BLU-XL,1,C02388,2026-09-04T22:00:51.503Z,679.00,delivered
995-7922462-9721732,S0001,amazon,TSHIRT-PNK-XL,2,C00956,2026-07-25T06:03:16.987Z,664.20,shipped
MYN6468139434,S0003,myntra,KURTI-PNK-XL,1,C02645,2026-09-09T11:41:47.210Z,789.00,delivered
147-7433742-4546158,S0001,amazon,HOODIE-GRN-XL,4,C02501,2026-08-26T09:34:22.480Z,6988.20,delivered
919-9722939-7420282,S0045,amazon,WATCH-MAR-FREE,2,C01010,2026-08-07T01:06:15.445Z,2374.20,delivered
OD724720689271,S0002,flipkart,TSHIRT-RED-S,4,C02893,2026-07-23T01:31:48.608Z,1364.40,cancelled
MSH510280439,S0002,meesho,HOODIE-BLU-M,2,C02575,2026-09-01T03:14:48.255Z,3472.20,shipped
MSH082004451,S0001,meesho,HOODIE-GRN-XL,1,C01197,2026-09-28T13:08:48.710Z,1747.05,cancelled
130-4705123-0006472,S0037,amazon,JEANS-RED-36,1,C00342,2026-08-22T15:30:35.967Z,1799.00,delivered
MYN3699768632,S0044,myntra,HOODIE-YEL-XL,1,C01670,2026-07-17T06:02:27.095Z,1832.55,delivered
307-0049239-0418635,S0040,amazon,SAREE-RED-FREE,1,C01516,2026-09-11T07:51:44.221Z,890.10,pending
745-1972206-9707194,S0001,amazon,TSHIRT-GRN-L,3,C00942,2026-08-19T14:05:22.669Z,1320.30,delivered
533-8229888-4357807,S0009,amazon,HANDBAG-PNK-FREE,4,C01450,2026-09-23T05:45:39.219Z,3848.40,delivered
OD069967538129,S0036,flipkart,HOODIE-GRN-L,1,C02271,2026-08-18T03:56:12.022Z,1069.00,delivered
550-8359279-1916395,S0001,amazon,HOODIE-GRN-XL,1,C02487,2026-07-07T09:02:40.091Z,1839.00,returned
866-4309883-4785928,S0001,amazon,HOODIE-PNK-M,1,C00919,2026-07-07T12:00:22.681Z,1519.05,delivered
MSH122385202,S0002,meesho,HOODIE-YEL-M,1,C02576,2026-09-07T22:22:36.462Z,1034.10,returned
MSH671517709,S0005,meesho,SNEAKER-MAR-7,1,C01861,2026-10-02T04:04:26.581Z,2279.05,delivered
795-8355646-6462214,S0001,amazon,HOODIE-GRN-XL,1,C00055,2026-08-13T02:37:09.837Z,1839.00,confirmed
MSH332676657,S0016,meesho,HANDBAG-PNK-FREE,1.5,C00607,2026-07-23T23:17:42.133Z,1043.10,shipped
MYN4130782931,S0003,myntra,KURTI-BLK-L,2,C00458,2026-07-15T03:39:08.587Z,1538.00,pending
MSH085571182,S0009,meesho,HANDBAG-PNK-FREE,2,C00115,2026-09-24T14:25:25.765Z,2138.00,returned
OD331079859162,S0002,flipkart,HOODIE-BLU-M,1,C01377,2026-08-29T09:49:19.840Z,1929.00,delivered
MSH360450506,S0002,meesho,TSHIRT-WHT-M,2,C02561,2026-08-01T10:56:44.466Z,878.00,delivered
MSH987788178,S0001,meesho,TSHIRT-WHT-XL,4,C01222,2026-07-05T19:59:42.686Z,1916.00,delivered
MYN0447184418,S0033,myntra,TSHIRT-MAR-M,2,C02679,2026-09-23T08:58:55.889Z,1278.00,cancelled
MSH564617867,S0007,meesho,HOODIE-BLU-L,1,C00830,2026-08-23T02:26:25.456Z,979.00,delivered
OD367674797705,S0002,flipkart,TSHIRT-BLU-XL,1,C01151,2026-07-26T04:11:09.023Z,679.00,delivered
463-0725205-8475649,S0009,amazon,HANDBAG-RED-FREE,1,C01869,2026-07-29T06:46:49.692Z,939.00,shipped
900-7125772-0176704,S0001,amazon,HOODIE-GRN-XL,1,C00143,2026-08-07T12:27:29.393Z,1839.00,delivered
MSH094014386,S0001,meesho,TSHIRT-WHT-XL,1,C02412,2026-10-01T15:20:11.808Z,455.05,delivered
MYN8712348226,S0006,myntra,SNEAKER-YEL-7,1,C02905,2026-08-12T23:20:30.881Z,1389.00,delivered
963-0308047-4959823,S0031,amazon,HOODIE-RED-XL,3,C00571,2026-08-05T09:20:50.018Z,4167.00,delivered
MYN0281249477,S0038,myntra,SNEAKER-PNK-8,1,C00998,2026-09-03T20:01:23.948Z,1319.00,cancelled
788-5170837-0773213,S0001,amazon,HOODIE-GRN-XL,4,C01430,2026-07-07T06:32:58.033Z,7356.00,delivered
OD150981358220,S0010,flipkart,SAREE-PNK-FREE,1,C01960,2026-08-25T00:10:08.442Z,1869.00,cancelled
739-4366976-8919616,S0001,amazon,HOODIE-GRN-XL,1,C02837,2026-08-02T05:50:16.709Z,1747.05,delivered
OD181286065370,S0002,flipkart,TSHIRT-PNK-XL,1,C02841,2026-09-10T10:31:23.749Z,246.05,delivered
MYN1872132172,S0004,myntra,KURTI-MAR-L,1,C01631,2026-08-15T06:35:13.086Z,293.55,cancelled
MYN2371473517,S0008,myntra,JEANS-YEL-32,5,C01628,2026-07-09T13:52:24.434Z,8095.50,delivered
127-8404901-3249326,S0022,amazon,SNEAKER-WHT-10,1,C02365,2026-08-19T18:59:55.386Z,1232.10,delivered
758-6104046-4067813,S0001,amazon,HOODIE-GRN-XL,2,C01302,2026-09-08T20:32:48.790Z,3678.00,delivered
MYN6995066558,S0003,myntra,KURTI-BLK-L,2,C00038,2026-07-30T02:49:15.772Z,1384.20,delivered
076-0694346-1415533,S0001,amazon,TSHIRT-GRN-L,1,C00849,2026-08-18T08:40:11.352Z,489.00,cancelled
671-5706279-5275775,S0008,amazon,JEANS-BLU-34,1,C02357,2026-09-30T14:59:45.562Z,1349.10,delivered
OD574986444887,S0002,flipkart,HOODIE-MAR-L,1,C02394,2026-09-30T00:16:07.746Z,968.05,confirmed
MSH273567515,S0001,meesho,TSHIRT-WHT-XL,1,C01878,2026-07-15T20:26:23.453Z,455.05,delivered
MSH177086837,S0007,meesho,JEANS-BLU-36,2,C02737,2026-07-15T08:05:41.332Z,2238.00,delivered
496-6981597-1294387,S0023,amazon,SAREE-RED-FREE,5,C00379,2026-09-05T17:40:10.039Z,5362.75,delivered
OD345796267732,S0003,flipkart,KURTI-PNK-XL,1,C01840,2026-07-30T02:35:11.862Z,710.10,delivered
MSH547012513,S0002,meesho,HOODIE-MAR-L,2,C02236,2026-09-24T23:38:56.693Z,2038.00,cancelled
MSH364046643,S0002,meesho,TSHIRT-PNK-M,2,C01179,2026-08-23T01:27:28.654Z,1358.00,returned
MYN5764457632,S0006,myntra,SNEAKER-RED-10,2,C00808,2026-08-10T15:00:42.511Z,5344.20,delivered
MYN2220842538,S0006,myntra,SNEAKER-RED-10,1,C02130,2026-09-03T21:02:20.133Z,2969.00,cancelled
738-5608769-2267682,S0001,amazon,HOODIE-PNK-M,1,C00353,2026-07-15T13:32:12.958Z,1519.05,delivered
MYN4686254415,S0050,myntra,SAREE-GRN-FREE,2,C00568,2026-09-06T12:38:48.069Z,3038.00,cancelled
OD300399134102,S0010,flipkart,HANDBAG-PNK-FREE,1,C00203,2026-08-27T07:17:34.016Z,647.10,delivered
MYN0141199808,S0006,myntra,SNEAKER-YEL-10,2,C00505,2026-09-03T17:41:49.479Z,4482.10,delivered
OD420912981792,S0003,flipkart,KURTI-BLK-L,1,C01004,2026-09-29T04:17:13.314Z,769.00,shipped
005-7370273-0421314,S0022,amazon,HOODIE-YEL-M,1,C01104,2026-07-16T21:31:15.457Z,1219.00,delivered
MSH824754776,S0002,meesho,HOODIE-BLK-L,1,C00396,2026-07-21T20:54:24.649Z,968.05,delivered
922-5564320-2791570,S0045,amazon,WATCH-RED-FREE,1,C02738,2026-07-19T22:10:12.262Z,1529.10,delivered
MSH620883385,S0001,meesho,TSHIRT-WHT-XL,1,C02894,2026-07-10T22:44:58.568Z,479.00,delivered
OD873172621885,S0010,flipkart,SAREE-WHT-FREE,4,C02315,2026-08-28T10:15:01.947Z,7254.20,delivered
MYN6254161692,S0003,myntra,KURTI-MAR-M,2,C00407,2026-07-25T22:32:19.086Z,1042.20,returned
MSH010717812,S0021,meesho,SNEAKER-BLK-7,1,C00341,2026-07-15T09:25:32.758Z,1709.00,confirmed
MYN5462250057,S0043,myntra,HANDBAG-BLK-FREE,1,C00198,2026-08-24T02:38:24.100Z,529.00,confirmed
MYN6424681285,S0038,myntra,TSHIRT-WHT-S,1,C00048,2026-07-20T04:50:52.108Z,649.00,shipped
MYN7731794166,S0008,myntra,JEANS-BLU-34,2,C02224,2026-08-14T23:02:08.773Z,2698.20,cancelled
MSH843199497,S0029,meesho,SNEAKER-MAR-8,1,C02550,2026-07-09T15:05:24.493Z,2699.00,delivered
942-2500850-8892685,S0008,amazon,JEANS-BLK-36,2,C00079,2026-09-09T19:50:52.899Z,1438.20,shipped
OD271275823242,S0002,flipkart,HOODIE-MAR-L,1,C00664,2026-08-19T19:24:24.812Z,1019.00,pending
MSH322711408,S0007,meesho,HOODIE-WHT-M,2,C01040,2026-09-14T17:59:45.186Z,2178.00,cancelled
MSH388347495,S0010,meesho,SAREE-WHT-FREE,2,C02191,2026-09-12T09:32:48.765Z,3818.00,delivered
MYN1035184499,S0038,myntra,SNEAKER-BLU-8,2,C00373,2026-07-25T03:57:34.467Z,2918.00,cancelled
MSH398975353,S0002,meesho,HOODIE-YEL-M,1,C01061,2026-10-01T20:18:58.281Z,1034.10,delivered
MSH222971975,S0005,meesho,SNEAKER-RED-10,2,C02524,2026-07-24T01:47:50.302Z,3838.00,shipped
MSH788560755,S0016,meesho,HANDBAG-BLK-FREE,2,C02810,2026-08-02T02:19:54.219Z,2158.00,delivered
767-3528914-7197521,S0008,amazon,JEANS-YEL-32,2,C02248,2026-09-29T05:52:20.880Z,3238.20,shipped
MSH883446135,S0027,meesho,SAREE-BLK-FREE,2,C01950,2026-09-08T03:49:17.442Z,4058.00,delivered
025-2093689-3921387,S0001,amazon,TSHIRT-WHT-XL,5,C02959,2026-09-15T03:59:14.998Z,2275.25,cancelled
OD213292636343,S0003,flipkart,SAREE-MAR-FREE,4,C00217,2026-07-30T20:18:51.716Z,6356.00,delivered
235-5949124-0954632,S0001,amazon,TSHIRT-WHT-XL,2,C02162,2026-07-12T11:45:49.979Z,862.20,delivered
381-7292220-9081520,S0050,amazon,WATCH-GRN-FREE,1,C00767,2026-07-22T15:10:48.066Z,502.55,delivered
MSH814032326,S0010,meesho,SAREE-GRN-FREE,1,C00233,2026-09-08T09:59:27.114Z,1395.55,shipped
MYN5523335097,S0006,myntra,SNEAKER-YEL-9,1,C00522,2026-09-03T22:19:10.080Z,1449.00,delivered
OD216644250725,S0002,flipkart,HOODIE-BLK-L,1,C01101,2026-08-08T09:53:18.986Z,1019.00,delivered
099-9193792-4943154,S0001,amazon,HOODIE-GRN-XL,2,C01180,2026-08-21T22:51:04.109Z,3494.10,delivered
MYN2763133217,S0003,myntra,KURTI-BLK-M,1,C00644,2026-08-30T14:59:38.753Z,779.00,delivered
MSH449577410,S0005,meesho,SNEAKER-RED-10,4,C00284,2026-07-29T10:21:32.438Z,6908.40,delivered
048-5674524-0542477,S0001,amazon,HOODIE-PNK-M,3,C01956,2026-07-30T07:34:35.098Z,4557.15,delivered
MYN6278902442,S0008,myntra,WATCH-PNK-FREE,1,C01789,2026-09-10T05:33:36.556Z,3077.10,delivered
MYN9343967960,S0040,myntra,JEANS-PNK-32,2,C02794,2026-07-17T22:32:10.806Z,1298.00,delivered
MYN9682988261,S0019,myntra,WATCH-PNK-FREE,3,C00963,2026-07-29T21:10:37.675Z,8934.30,delivered
MYN7950107629,S0033,myntra,TSHIRT-BLK-S,1,C01549,2026-08-04T20:57:23.354Z,635.55,delivered
OD639259549240,S0003,flipkart,KURTI-MAR-XL,3,C02754,2026-09-29T23:28:47.860Z,1678.65,pending
320-8482773-9606379,S0022,amazon,HOODIE-BLU-M,1,C02463,2026-08-10T05:37:29.661Z,1349.00,delivered
OD028143956092,S0015,flipkart,WATCH-BLU-FREE,1,C02960,2026-09-26T21:54:50.376Z,1489.00,returned
677-6739126-3312064,S0028,amazon,JEANS-YEL-34,2,C02596,2026-09-07T07:13:08.643Z,2678.00,cancelled
MYN7393590551,S0023,myntra,SAREE-YEL-FREE,4,C00024,2026-08-19T14:26:02.316Z,4356.00,pending
OD132485066577,S0024,flipkart,JEANS-RED-36,5,C02504,2026-08-03T07:14:00.151Z,3795.25,delivered
676-9301984-7994042,S0016,amazon,HANDBAG-PNK-FREE,1,C02725,2026-08-26T09:44:25.680Z,549.00,delivered
006-7749787-6900623,S0045,amazon,WATCH-BLK-FREE,2,C02023,2026-09-10T15:22:08.811Z,5974.20,confirmed
MYN2142192634,S0029,myntra,WATCH-BLK-FREE,1,C02392,2026-07-27T04:27:45.603Z,1279.00,shipped
MSH098649900,S0001,meesho,TSHIRT-WHT-XL,1,C01888,2026-07-23T08:32:34.136Z,455.05,confirmed
MSH889544111,S0002,meesho,HOODIE-BLK-L,2,C01520,2026-08-22T10:10:26.834Z,2038.00,delivered
OD389076782245,S0010,flipkart,SAREE-WHT-FREE,1,C02804,2026-08-17T20:45:27.202Z,1718.10,delivered
179-8250442-7079810,S0021,amazon,SNEAKER-WHT-9,1,C02184,2026-08-03T11:55:20.266Z,859.00,delivered
OD937105616940,S0036,flipkart,JEANS-WHT-30,1,C01249,2026-08-24T21:15:54.681Z,729.00,delivered
MYN4692041061,S0038,myntra,SNEAKER-RED-10,1,C01622,2026-08-24T23:30:16.590Z,2029.00,delivered
OD581597703571,S0002,flipkart,TSHIRT-RED-L,5,C01124,2026-09-08T11:07:58.260Z,2155.50,delivered
MSH649805711,S0007,meesho,JEANS-YEL-30,1,C00785,2026-07-23T18:42:03.298Z,578.55,delivered
MSH699210789,S0001,meesho,TSHIRT-WHT-XL,1,C02132,2026-09-17T08:29:39.698Z,479.00,delivered
MSH497741474,S0027,meesho,SAREE-YEL-FREE,1,C00070,2026-07-28T01:44:26.460Z,1259.10,pending
743-7375723-8984350,S0001,amazon,HOODIE-GRN-XL,2,C01715,2026-07-29T07:03:23.905Z,3494.10,delivered
MYN2526543365,S0049,myntra,SNEAKER-YEL-10,2,C01919,2026-09-07T19:31:03.906Z,5158.00,cancelled
858-8751477-8301093,S0001,amazon,HOODIE-GRN-XL,4,C00785,2026-07-26T07:46:55.503Z,6988.20,delivered
MSH505338316,S0001,meesho,HOODIE-GRN-XL,3,C00979,2026-07-27T04:57:53.992Z,4965.30,confirmed
MYN6071894929,S0037,myntra,JEANS-PNK-36,1,C00925,not-a-date,909.00,delivered
MYN4999318919,S0006,myntra,SNEAKER-RED-10,two,C01930,2026-07-10T07:19:38.939Z,5938.00,delivered
698-4950379-7647816,S0004,amazon,KURTI-YEL-M,2,C02243,2026-08-23T03:32:30.435Z,1651.10,delivered
MSH507785846,S0016,meesho,HANDBAG-MAR-FREE,1,C00603,2026-07-24T06:41:10.181Z,1053.55,delivered
OD334004518931,S0024,flipkart,KURTI-MAR-XL,1,C02817,2026-09-01T23:51:42.622Z,419.00,delivered
534-1549153-3738864,S0044,amazon,HOODIE-GRN-L,3,C02887,2026-08-26T00:45:55.000Z,3930.15,delivered
MYN6879962576,S0019,myntra,WATCH-PNK-FREE,1,C00472,2026-07-21T23:12:05.095Z,3309.00,shipped
OD026541694627,S0002,flipkart,TSHIRT-PNK-XL,1,C02413,2026-08-12T02:49:38.455Z,259.00,delivered
MYN2636431903,S0003,myntra,KURTI-BLK-L,1,C01758,2026-09-01T04:08:33.483Z,769.00,delivered
OD360466043168,S0002,flipkart,TSHIRT-WHT-M,5,C00721,2026-09-10T10:03:44.491Z,1975.50,cancelled
MSH675423342,S0012,meesho,KURTI-BLU-XL,1,C01512,2026-09-14T09:13:05.581Z,859.00,delivered
OD037159054150,S0015,flipkart,SAREE-MAR-FREE,1,C02715,2026-09-04T00:52:59.556Z,2015.10,cancelled
OD357247570708,S0017,flipkart,SAREE-MAR-FREE,4,C02389,2026-08-21T05:39:43.524Z,8716.00,cancelled
MSH774700323,S0002,meesho,HOODIE-BLK-L,2,C00197,2026-08-15T12:12:18.242Z,2038.007,pending
666-1184924-7101904,S0001,amazon,HOODIE-GRN-XL,2,C00556,2026-07-23T00:17:35.825Z,3310.20,delivered
OD453005129204,S0026,flipkart,WATCH-YEL-FREE,3,C02740,2026-07-15T07:59:29.328Z,3189.15,delivered
MYN2811433965,S0008,myntra,JEANS-PNK-30,5,C01569,2026-08-22T17:57:29.809Z,5895.00,delivered
OD869017875459,S0010,flipkart,SAREE-GRN-FREE,1,C00490,2026-09-04T19:49:10.663Z,1395.55,delivered
MYN5352108507,S0006,myntra,SNEAKER-RED-10,1,C01841,2026-10-01T07:53:59.868Z,2969.00,delivered
OD460009420257,S0002,flipkart,HOODIE-BLU-M,1,C02771,2026-07-25T18:31:06.737Z,1929.00,delivered
MYN4443852910,S0008,myntra,JEANS-YEL-32,2,C01454,2026-07-13T06:37:55.482Z,3238.20,delivered
038-9473034-2669929,S0001,amazon,HOODIE-GRN-XL,1,C02661,2026-08-18T15:53:40.306Z,1839.00,confirmed
128-9183257-4892156,S0012,amazon,KURTI-YEL-M,1,C02939,2026-08-04T23:53:33.097Z,674.10,pending
635-2495074-6806764,S0001,amazon,HOODIE-GRN-XL,5,C00929,2026-08-06T04:39:19.862Z,9195.00,shipped
OD397913654127,S0003,flipkart,SAREE-RED-FREE,2,C02867,2026-08-22T16:55:07.821Z,1942.20,returned
OD727670791296,S0048,flipkart,HOODIE-MAR-XL,2,C00201,2026-08-11T18:21:49.532Z,2418.00,confirmed
211-1511018-8690949,S0044,amazon,HOODIE-PNK-M,2,C02206,2026-09-26T01:04:27.976Z,2428.20,delivered
OD797533919977,S0021,flipkart,SNEAKER-BLK-10,1,C00930,2026-07-19T20:03:54.906Z,1338.55,delivered
MYN4247126504,S0008,myntra,JEANS-YEL-32,3,C00805,2026-09-06T01:24:50.839Z,4857.30,shipped
408-0512353-0041829,S0048,amazon,HOODIE-GRN-XL,5,C00405,2026-09-11T06:49:30.103Z,7870.50,pending
OD496085996653,S0008,flipkart,JEANS-YEL-32,1,C02130,2026-07-23T21:29:28.155Z,1709.05,confirmed
MSH670817073,S0030,meesho,JEANS-MAR-30,1,C02278,2026-08-01T13:09:43.209Z,659.00,returned
OD143455871644,S0002,flipkart,HOODIE-BLK-L,1,C02971,2026-08-25T17:56:30.127Z,968.05,shipped
MSH414022077,S0001,meesho,HOODIE-GRN-XL,2,C02154,2026-08-24T21:22:27.827Z,3678.00,delivered
101-3693889-0941874,S0001,amazon,HOODIE-GRN-XL,1,C00352,2026-08-26T01:28:47.214Z,1747.05,pending
OD253889154216,S0002,flipkart,HOODIE-YEL-M,2,C00297,2026-07-23T01:00:36.975Z,2068.20,cancelled
MYN3854987741,S0029,myntra,SNEAKER-MAR-8,2,C02999,2026-08-11T01:40:42.040Z,4858.20,delivered
OD499102236241,S0028,flipkart,JEANS-YEL-36,2,C01765,2026-08-24T06:52:27.573Z,1898.00,delivered
OD455687307808,S0003,flipkart,KURTI-YEL-L,1,C01918,2026-08-16T10:34:41.555Z,569.00,confirmed
MYN3151664439,S0006,myntra,SNEAKER-YEL-7,1,C00244,2026-09-19T01:37:47.526Z,1389.00,delivered
MSH689324569,S0007,meesho,JEANS-YEL-30,1,C01276,2026-08-13T09:52:23.839Z,578.55,cancelled
MSH609677281,S0007,meesho,JEANS-GRN-34,2,C00754,2026-08-25T21:35:41.458Z,1438.00,delivered
912-1454523-8470603,S0046,amazon,HOODIE-BLK-XL,1,C01979,2026-10-02T15:26:31.562Z,797.05,pending
683-3997138-7347773,S0012,amazon,KURTI-YEL-M,2,C01097,2026-08-19T09:00:28.207Z,1498.00,pending
OD156511798752,S0035,flipkart,TSHIRT-GRN-L,2,C01756,2026-09-14T07:06:06.864Z,862.20,delivered
MYN8084378117,S0006,myntra,SNEAKER-YEL-7,3,C02345,2026-08-14T16:01:16.791Z,4167.00,confirmed
964-7989992-8567414,S0001,amazon,HOODIE-GRN-XL,3,C01287,2026-09-23T07:50:13.690Z,4965.30,shipped
MSH864602668,S0002,meesho,HOODIE-BLK-L,1,C01871,2026-09-09T22:06:37.547Z,1019.00,delivered
OD104637400611,S0009,flipkart,HANDBAG-RED-FREE,2,C00162,2026-07-30T06:45:07.808Z,1784.10,delivered
OD047592935698,S0002,flipkart,HOODIE-YEL-M,3,C01028,2026-07-11T21:23:53.967Z,3447.00,confirmed
642-2644872-4805105,S0043,amazon,HANDBAG-GRN-FREE,2,C02625,2026-07-13T03:24:31.195Z,1158.00,shipped
MSH815089299,S0040,meesho,JEANS-PNK-32,1,C02505,2026-07-07T15:31:00.644Z,584.10,delivered
467-0672224-6378154,S0037,amazon,JEANS-PNK-36,1,C01671,2026-09-22T04:19:44.492Z,863.55,delivered
067-7135314-1092535,S0009,amazon,HANDBAG-YEL-FREE,1,C00448,2026-07-10T01:26:06.590Z,809.00,delivered
MYN7005088616,S0040,myntra,JEANS-PNK-32,3,C00361,2026-09-05T13:23:21.701Z,1752.30,returned
OD385791610524,S0008,flipkart,WATCH-YEL-FREE,4,C00003,2026-10-02T18:44:55.353Z,3236.00,returned
436-2012730-2115394,S0012,amazon,KURTI-BLU-XL,2,C02885,2026-07-19T21:32:07.513Z,1718.00,delivered
349-0693411-4262860,S0001,amazon,HOODIE-GRN-XL,2,C00820,2026-08-21T06:58:49.466Z,3494.10,confirmed
OD860134129596,S0003,flipkart,KURTI-WHT-XL,5,C00232,2026-10-03T05:25:24.525Z,2245.00,delivered
MSH521538995,S0012,meesho,KURTI-YEL-M,1,C01110,2026-07-09T12:08:56.829Z,749.00,delivered
178-6734275-0093436,S0001,amazon,TSHIRT-PNK-XL,1,C01138,2026-07-27T08:29:55.045Z,350.55,delivered
309-4439723-7560941,S0004,amazon,KURTI-YEL-XL,1,C01243,2026-09-08T18:56:02.098Z,548.10,confirmed
924-3912501-9196388,S0026,amazon,WATCH-GRN-FREE,1,C00903,2026-08-13T11:44:33.753Z,709.00,cancelled
OD412435952768,S0010,flipkart,SAREE-WHT-FREE,1,C01498,2026-08-15T22:01:57.662Z,1909.00,cancelled
OD956279566314,S0002,flipkart,TSHIRT-WHT-M,2,C01161,2026-09-18T09:07:49.624Z,790.20,delivered
711-7568241-1304150,S0039,amazon,SAREE-YEL-FREE,2,C00314,2026-09-14T08:40:56.220Z,2658.00,returned
OD910323396741,S0003,flipkart,KURTI-BLK-M,2,C02417,2026-08-10T06:05:37.636Z,1558.00,cancelled
OD432505414927,S0002,flipkart,HOODIE-YEL-M,1,C01769,2026-08-17T20:28:38.700Z,1149.00,delivered
OD653712757921,S0017,flipkart,KURTI-WHT-XL,2,C01073,2026-08-06T18:00:48.265Z,1138.00,delivered
543-8362112-6089682,S0004,amazon,KURTI-BLU-S,3,C02719,2026-09-16T20:55:15.720Z,2238.30,delivered
OD921177609505,S0003,flipkart,KURTI-YEL-L,1,C02107,2026-09-02T15:40:11.315Z,569.00,returned
OD325050454270,S0002,flipkart,HOODIE-BLK-L,1,C02987,2026-09-10T06:01:29.211Z,1019.00,pending
OD566204893974,S0048,flipkart,HOODIE-BLK-L,1,C00625,2026-07-21T17:13:51.310Z,1224.55,confirmed
559-5479410-5654704,S0001,amazon,TSHIRT-PNK-XL,3,C01774,2026-07-20T02:35:17.790Z,1107.00,delivered
432-4262828-0609027,S0001,amazon,TSHIRT-GRN-L,1,C02485,2026-09-23T13:02:07.873Z,489.00,delivered
MSH871534035,S0001,meesho,HOODIE-GRN-XL,1,C00008,2026-07-19T22:26:00.268Z,1839.00,cancelled
271-4722468-0620806,S0001,amazon,HOODIE-PNK-M,1,C02971,2026-08-30T21:43:15.268Z,1599.00,returned
MYN8410263489,S0029,myntra,SNEAKER-RED-7,4,C00885,2026-07-25T14:10:45.373Z,11476.00,cancelled
MYN7247488073,S0039,myntra,HANDBAG-YEL-FREE,1,C02224,2026-09-03T05:14:01.984Z,689.00,delivered
810-6235209-8521048,S0045,amazon,WATCH-BLK-FREE,2,C00262,2026-08-26T23:51:44.838Z,6306.10,shipped
MYN8037210400,S0003,myntra,SAREE-MAR-FREE,1,C00809,2026-07-26T14:32:13.773Z,1589.00,shipped
MSH771026098,S0001,meesho,HOODIE-GRN-XL,3,C00544,2026-07-06T21:21:47.572Z,5517.00,cancelled
749-0491782-2929750,S0045,amazon,WATCH-PNK-FREE,2,C02586,2026-09-03T12:41:22.700Z,1458.00,confirmed
MSH742507112,S0002,meesho,HOODIE-YEL-M,1,C00846,2026-08-12T08:37:29.878Z,1149.00,delivered
480-6285930-5613720,S0001,amazon,TSHIRT-WHT-XL,4,C00335,2026-08-27T11:30:44.800Z,1724.40,delivered
MSH954190895,S0001,meesho,HOODIE-GRN-XL,1,C00067,2026-08-07T01:59:14.313Z,1839.00,delivered
OD768944627795,S0037,flipkart,JEANS-PNK-36,2,C02420,2026-08-10T18:12:24.682Z,1818.00,delivered
597-8331076-9607305,S0001,amazon,HOODIE-PNK-M,1,C01138,2026-08-09T22:00:15.903Z,1519.05,delivered
MSH337630242,S0005,meesho,SNEAKER-MAR-7,3,C00896,2026-08-31T16:57:08.102Z,7197.00,delivered
OD874350293317,S0018,flipkart,JEANS-RED-30,4,C02849,2026-07-15T16:07:27.232Z,4708.20,cancelled
MYN5913736810,S0004,myntra,KURTI-MAR-S,2,C00583,2026-09-18T16:44:49.591Z,646.20,delivered
MSH720558327,S0001,meesho,TSHIRT-GRN-L,1,C02377,2026-08-19T02:12:13.457Z,489.00,delivered
OD815250935501,S0003,flipkart,KURTI-BLK-M,1,C02614,2026-07-25T20:48:31.922Z,779.00,delivered
738-1232065-5916447,S0004,amazon,KURTI-PNK-M,2,C01194,2026-08-07T18:52:20.068Z,698.00,cancelled
MYN5023782145,S0003,myntra,KURTI-BLK-M,5,C02719,2026-08-31T13:22:56.977Z,3895.00,cancelled
,S0007,meesho,HOODIE-BLU-L,1,C02000,2026-09-07T22:02:39.108Z,979.00,delivered
MSH679752935,S0002,meesho,HOODIE-BLK-L,1,C00652,2026-08-31T15:59:53.356Z,917.10,delivered
OD746322464070,S0010,flipkart,SAREE-WHT-FREE,4,C00616,2026-09-09T13:37:03.364Z,6872.40,delivered
628-9626890-1563498,S0001,amazon,TSHIRT-GRN-L,1,C01922,2026-07-19T15:48:17.955Z,489.00,delivered
OD926311843061,S0034,flipkart,HANDBAG-BLU-FREE,1,C02198,2026-08-27T03:49:12.783Z,1329.00,delivered
MYN8375952190,S0003,myntra,SAREE-MAR-FREE,4,C00053,2026-07-17T23:49:14.583Z,5720.40,delivered
OD325201668967,S0010,flipkart,SAREE-GRN-FREE,3,C00401,2026-09-20T08:40:45.288Z,3966.30,cancelled
862-6705619-6018763,S0008,amazon,JEANS-BLK-36,1,C01376,2026-08-29T19:12:18.494Z,759.05,delivered
OD637124995934,S0010,flipkart,SAREE-WHT-FREE,2,C02433,2026-08-15T14:46:51.582Z,3818.00,delivered
118-8422707-4212654,S0001,amazon,HOODIE-GRN-XL,1,C02274,2026-08-07T21:37:26.929Z,1655.10,delivered
614-3862288-9676439,S0009,amazon,HANDBAG-PNK-FREE,5,C01437,2026-07-15T13:46:12.736Z,5345.00,delivered
MSH996864072,S0002,meesho,TSHIRT-PNK-M,1,C02056,2026-07-16T13:39:17.003Z,679.00,confirmed
MYN0722617223,S0049,myntra,SNEAKER-YEL-10,1,C02415,2026-09-05T14:13:17.350Z,2450.05,pending
088-8692787-0589672,S0035,amazon,TSHIRT-GRN-L,1,C02398,2026-08-24T04:05:20.427Z,479.00,confirmed
OD467325959559,S0002,flipkart,TSHIRT-PNK-XL,1,C02340,2026-08-02T00:18:02.887Z,233.10,delivered
OD347357570694,S0002,flipkart,TSHIRT-PNK-XL,1,C02019,2026-10-02T09:56:34.634Z,259.00,cancelled
OD726363314671,S0017,flipkart,KURTI-BLK-XL,3,C00029,2026-08-27T03:27:09.639Z,957.00,delivered
654-0949240-8990216,S0008,amazon,JEANS-BLU-34,1,C01869,2026-08-04T16:08:39.645Z,1499.00,delivered
MYN0830317023,S0003,myntra,KURTI-PNK-XL,1,C01725,2026-08-13T17:37:30.081Z,789.00,delivered
MYN3584132936,S0004,myntra,KURTI-YEL-M,1,C02898,2026-09-15T06:56:56.395Z,869.00,returned
MSH295501462,S0002,meesho,HOODIE-YEL-M,4,C00692,2026-08-06T03:57:08.895Z,4596.00,delivered
MSH027575659,S0007,meesho,HOODIE-YEL-M,1,C02190,2026-08-11T23:20:23.355Z,719.00,delivered
MSH859405334,S0005,meesho,SNEAKER-BLK-9,3,C00143,2026-08-19T11:50:13.811Z,4167.00,cancelled
MYN4875453077,S0004,myntra,KURTI-BLU-S,1,C02175,2026-07-11T07:47:54.866Z,829.00,pending
OD709173329773,S0015,flipkart,SAREE-MAR-FREE,2,C01441,2026-08-10T10:55:03.597Z,4478.00,pending
MSH900613799,S0005,meesho,SNEAKER-PNK-9,1,C01664,2026-09-01T05:36:12.345Z,873.05,shipped
MSH939875218,S0010,meesho,SAREE-PNK-FREE,5,C00315,2026-07-06T20:14:30.790Z,9345.00,shipped
MSH859107443,S0005,meesho,SNEAKER-BLK-9,2,C02482,2026-07-27T02:16:26.242Z,2778.00,cancelled
622-1721366-6000189,S0001,amazon,HOODIE-GRN-XL,1,C02238,2026-09-10T16:37:19.030Z,1839.00,delivered
OD288519104454,S0002,flipkart,TSHIRT-PNK-XL,1,C02308,2026-09-28T12:32:39.026Z,259.00,delivered
MYN4178384119,S0028,myntra,JEANS-GRN-36,1,C01967,2026-08-27T17:51:18.739Z,799.00,delivered
962-9265096-6769120,S0018,amazon,JEANS-BLK-34,1,C02131,2026-09-25T15:19:24.600Z,819.00,confirmed
MSH818787214,S0001,meesho,HOODIE-PNK-M,1,C01105,2026-07-28T18:10:50.247Z,1519.05,delivered
657-9752321-8584415,S0004,amazon,KURTI-BLU-S,2,C00048,2026-09-05T13:13:22.676Z,1658.00,delivered
OD665370348312,S0017,flipkart,SAREE-MAR-FREE,1,C02899,2026-09-22T03:06:16.160Z,2179.00,delivered
OD632436961494,S0002,flipkart,HOODIE-YEL-M,4,C01222,2026-08-08T01:11:03.569Z,4136.40,shipped
MSH810110217,S0007,meesho,HOODIE-PNK-XL,1,C02279,2026-09-21T05:40:00.541Z,1589.00,delivered
OD232070811502,S0010,flipkart,SAREE-WHT-FREE,3,C02499,2026-08-20T06:05:39.357Z,5440.65,delivered
MYN5961101973,S0039,myntra,HANDBAG-BLK-FREE,3,C01324,2026-07-15T14:08:06.166Z,2305.65,delivered
OD406526186310,S0018,flipkart,JEANS-MAR-34,1,C01897,2026-09-20T11:38:54.560Z,949.00,delivered
MYN7116062976,S0014,myntra,KURTI-RED-M,3,C00179,2026-09-28T05:54:30.996Z,2247.00,pending
MYN8443353591,S0019,myntra,WATCH-PNK-FREE,2,C02873,2026-09-12T12:47:21.913Z,6618.00,delivered
734-1546582-8294975,S0008,amazon,JEANS-YEL-32,1,C01238,2026-09-02T15:27:56.796Z,1799.00,shipped
MSH646194837,S0002,meesho,HOODIE-BLK-L,3,C02288,2026-07-27T19:05:33.681Z,2904.15,delivered
MSH774625342,S0010,meesho,SAREE-GRN-FREE,2,C00405,2026-07-25T15:54:28.090Z,2938.00,delivered
MSH834438515,S0001,meesho,TSHIRT-PNK-XL,1,C00089,2026-07-21T00:04:18.515Z,369.00,delivered
MSH335640283,S0005,meesho,SNEAKER-BLU-8,4,C00190,2026-09-08T03:34:56.542Z,10484.20,confirmed
381-4430913-2041868,S0001,amazon,HOODIE-GRN-XL,4,C00186,2026-07-15T12:56:50.954Z,6620.40,delivered
MYN9403015505,S0004,myntra,KURTI-YEL-XL,2,C02055,2026-07-29T18:49:30.727Z,1157.10,delivered
MYN1860557156,S0041,myntra,TSHIRT-RED-L,3,C00035,2026-07-23T08:37:14.675Z,1587.00,delivered
MSH611453253,S0001,meesho,HOODIE-GRN-XL,1,C02224,2026-09-06T14:25:20.354Z,1839.00,delivered
032-7555167-5264789,S0041,amazon,TSHIRT-RED-L,1,C01552,2026-08-03T12:04:42.101Z,476.10,shipped
823-5560867-0837788,S0012,amazon,KURTI-WHT-L,3,C00033,2026-09-29T13:38:23.622Z,1374.30,confirmed
MYN7201911068,S0039,myntra,SAREE-YEL-FREE,1,C02622,2026-09-27T07:10:34.346Z,1262.55,delivered
OD185124585235,S0010,flipkart,SAREE-WHT-FREE,2,C02059,2026-07-15T23:02:54.865Z,3436.20,delivered
759-2079036-7186096,S0001,amazon,HOODIE-GRN-XL,1,C01973,2026-08-31T09:10:21.291Z,1747.05,delivered
OD936785735699,S0015,flipkart,SAREE-GRN-FREE,1,C01375,2026-09-10T10:50:52.354Z,2299.00,shipped
437-7209977-8008325,S0004,amazon,KURTI-YEL-XL,1,C00154,2026-08-08T10:23:05.880Z,609.00,delivered
MYN1720363133,S0033,myntra,TSHIRT-RED-S,2,C00156,2026-08-05T14:49:55.889Z,558.00,delivered
OD566424319985,S0002,flipkart,HOODIE-YEL-M,5,C01692,2026-08-11T19:16:18.870Z,5745.00,shipped
389-0102311-6872414,S0001,amazon,TSHIRT-WHT-XL,2,C00658,2026-08-09T02:55:23.583Z,910.10,delivered
508-6775726-6034179,S0001,amazon,HOODIE-GRN-XL,4,C02130,2026-08-12T01:45:38.416Z,7356.00,delivered
MYN7022836388,S0008,myntra,JEANS-YEL-32,2,C02284,2026-07-15T17:22:01.135Z,3598.00,delivered
355-3774388-0112281,S0048,amazon,HOODIE-BLK-L,1,C02721,2026-09-19T18:34:59.843Z,1289.00,delivered
MSH774963227,S0027,meesho,SAREE-WHT-FREE,2,C01413,2026-09-18T10:18:30.017Z,3475.10,pending
MYN9915282182,S0003,myntra,KURTI-BLK-L,2,C00114,2026-07-18T04:35:20.598Z,1538.00,pending
MSH923428544,S0002,meesho,HOODIE-MAR-L,1,C00225,2026-09-20T21:58:05.007Z,917.10,delivered
OD926389254338,S0002,flipkart,TSHIRT-BLU-XL,1,C00679,2026-09-01T05:05:39.959Z,645.05,delivered
MSH984385981,S0036,meesho,HOODIE-GRN-XL,2,C02883,2026-09-03T09:08:16.668Z,3382.20,cancelled
MYN7548290047,S0050,myntra,WATCH-WHT-FREE,2,C00393,2026-09-11T17:44:59.448Z,6477.10,delivered
MYN8291547867,S0050,myntra,SAREE-YEL-FREE,1,C00801,2026-07-30T12:47:08.773Z,1989.00,returned
236-4089587-2334919,S0009,amazon,HANDBAG-GRN-FREE,1,C01347,2026-07-19T05:53:36.547Z,502.55,delivered
OD390716305231,S0043,flipkart,HANDBAG-RED-FREE,1,C01511,2026-09-03T11:32:48.819Z,1115.10,returned
MYN2465776802,S0037,myntra,JEANS-PNK-36,3,C00631,2026-08-04T21:25:24.441Z,2727.00,cancelled
138-2511149-3121064,S0001,amazon,HOODIE-PNK-M,1,C00598,2026-07-17T19:51:42.430Z,1519.05,delivered
MSH446190144,S0002,meesho,TSHIRT-PNK-XL,3,C01961,2026-07-14T16:11:09.687Z,738.15,delivered
OD446428979219,S0002,flipkart,TSHIRT-BLU-XL,3,C01752,2026-09-01T10:23:29.733Z,2037.00,delivered
486-3078405-2370872,S0009,amazon,HANDBAG-BLK-FREE,1,C00209,2026-09-20T09:48:59.237Z,1219.00,delivered
MSH151336001,S0005,meesho,SNEAKER-MAR-7,1,C00965,2026-09-17T04:57:26.579Z,2399.00,delivered
MYN8758486084,S0003,myntra,KURTI-WHT-XL,1,C00189,2026-08-21T18:20:20.883Z,404.10,delivered
794-9953662-4837553,S0020,amazon,JEANS-PNK-34,3,C00052,2026-09-05T17:13:58.047Z,2961.15,pending
359-5842466-0142534,S0004,amazon,KURTI-YEL-XL,4,C01932,2026-07-15T05:44:44.682Z,2436.00,shipped
424-6801655-4516120,S0032,amazon,WATCH-YEL-FREE,2,C02665,2026-08-10T12:48:31.901Z,6038.00,delivered
MYN7099822464,S0047,myntra,WATCH-YEL-FREE,1,C01100,2026-09-09T21:38:58.223Z,2858.55,delivered
608-9206466-5944787,S0008,amazon,JEANS-YEL-32,2,C01908,2026-09-14T05:19:39.908Z,3598.00,confirmed
MYN7087831841,S0047,myntra,WATCH-MAR-FREE,1,C00735,2026-07-13T12:58:58.488Z,2019.00,cancelled
MYN1099032782,S0008,myntra,JEANS-YEL-32,3,C02960,2026-08-25T16:45:30.210Z,4857.30,delivered
249-2614291-4814984,S0001,amazon,HOODIE-GRN-XL,2,C02063,2026-08-31T05:09:45.619Z,3678.00,delivered
602-2290568-3606699,S0035,amazon,TSHIRT-YEL-S,3,C01474,2026-09-09T17:25:21.292Z,937.65,delivered
OD697480828672,S0002,flipkart,TSHIRT-WHT-M,1,C00604,2026-09-25T22:48:45.249Z,417.05,delivered
OD913099593993,S0028,flipkart,JEANS-GRN-36,1,C01739,2026-08-13T08:50:58.382Z,799.00,shipped
MSH146842986,S0007,meesho,JEANS-BLU-36,1,C02774,2026-08-14T23:26:31.179Z,1119.00,delivered
MYN8726204628,S0008,myntra,JEANS-YEL-32,1,C02113,2026-09-22T19:15:04.559Z,1619.10,delivered
OD670439173086,S0002,flipkart,HOODIE-YEL-M,4,C01970,2026-09-13T21:12:55.408Z,4596.00,cancelled
MSH913308166,S0005,meesho,SNEAKER-MAR-7,1,C02704,2026-08-19T04:44:02.431Z,2399.00,pending
272-3632716-0760923,S0001,amazon,TSHIRT-PNK-XL,1,C00818,2026-09-07T05:31:56.609Z,369.00,delivered
MYN0887430999,S0003,myntra,KURTI-BLK-L,3,C02574,2026-07-17T03:32:13.328Z,2307.00,delivered
OD474158480465,S0017,flipkart,SAREE-MAR-FREE,1,C02564,2026-09-06T03:15:52.800Z,2179.00,delivered
OD044671553592,S0002,flipkart,TSHIRT-BLU-XL,1,C02047,2026-08-03T09:31:31.122Z,645.05,delivered
OD199454004709,S0024,flipkart,JEANS-RED-36,1,C02541,2026-09-27T10:38:37.968Z,799.00,returned
MYN7822010726,S0008,myntra,JEANS-YEL-32,1,C01122,2026-09-12T07:53:08.043Z,1799.00,returned
OD083594019147,S0002,flipkart,HOODIE-MAR-L,4,C02845,2026-07-14T04:42:56.655Z,3872.20,delivered
MYN4021836220,S0006,myntra,SNEAKER-YEL-7,1,C00369,2026-09-25T13:13:21.253Z,1389.00,delivered
999-5905510-4962469,S0001,amazon,HOODIE-GRN-XL,1,C02877,2026-07-12T23:30:18.256Z,1839.00,cancelled
MYN4639017369,S0006,myntra,SNEAKER-BLU-7,1,C01795,2026-08-02T13:48:17.193Z,1399.00,pending
290-6707326-9292941,S0012,amazon,KURTI-BLU-XL,5,C01844,2026-07-27T17:37:54.643Z,4080.25,shipped
MSH240654021,S0007,meesho,HOODIE-WHT-M,3,C01577,2026-09-30T15:19:47.513Z,3267.00,delivered
116-4314188-9004647,S0001,amazon,HOODIE-GRN-XL,2,C02590,2026-09-19T11:56:40.978Z,3678.00,delivered
541-6074541-3817941,S0008,amazon,WATCH-PNK-FREE,1,C02175,2026-09-18T14:23:45.862Z,3077.10,delivered
MSH124161601,S0012,meesho,KURTI-BLU-S,1,C00314,2026-08-25T17:02:58.560Z,629.00,pending
MSH996362465,S0001,meesho,HOODIE-GRN-XL,1,C00256,2026-08-01T02:33:51.451Z,1839.00,delivered
OD375695324923,S0010,flipkart,HANDBAG-PNK-FREE,1,C00438,2026-08-13T12:29:39.134Z,719.00,delivered
MSH576971953,S0002,meesho,TSHIRT-PNK-XL,1,C00835,2026-08-26T00:56:48.778Z,233.10,shipped
MYN5660500280,S0004,myntra,KURTI-MAR-L,two,C02400,2026-08-01T20:36:49.348Z,927.00,delivered
MSH536258750,S0002,meesho,HOODIE-YEL-M,1,C00295,2026-09-05T16:59:28.286Z,1149.00,delivered
MYN0413821524,S0019,myntra,WATCH-MAR-FREE,1,C01539,2026-07-10T00:24:15.571Z,1395.55,delivered
845-3399108-9722128,S0004,amazon,KURTI-YEL-XL,1,C02243,2026-09-24T22:37:39.786Z,609.00,delivered
MYN5164827423,S0003,myntra,KURTI-YEL-L,1,C02074,2026-09-15T08:38:59.806Z,569.00,delivered
205-5939250-5438046,S0023,amazon,SAREE-BLK-FREE,3,C00180,2026-09-23T16:40:47.885Z,5187.00,confirmed
270-8827652-8798533,S0001,amazon,TSHIRT-WHT-XL,1,C01325,2026-08-04T20:10:12.568Z,455.05,returned
686-2950153-9329469,S0023,amazon,SAREE-PNK-FREE,1,C02764,2026-07-31T12:21:31.810Z,1984.55,delivered
OD758747354071,S0010,flipkart,SAREE-WHT-FREE,2,C02886,2026-07-08T21:19:40.000Z,3818.00,confirmed
873-0107802-5098535,S0001,amazon,TSHIRT-GRN-L,1,C02770,2026-07-06T20:59:51.251Z,489.00,returned
OD606012648381,S0003,flipkart,SAREE-MAR-FREE,1,C00687,2026-07-29T07:58:28.570Z,1430.10,delivered
OD014503579605,S0003,flipkart,SAREE-MAR-FREE,2,C00478,2026-07-13T11:52:54.595Z,2860.20,delivered
MYN7637099453,S0008,myntra,JEANS-BLU-34,1,C01582,2026-09-01T01:36:48.515Z,1499.00,delivered
OD820476985690,S0003,flipkart,KURTI-MAR-M,1,C01305,2026-07-07T09:40:39.754Z,579.00,delivered
OD685858732921,S0008,flipkart,JEANS-YEL-32,1,C02646,2026-09-21T08:51:17.331Z,1709.05,delivered
117-5078764-3374642,S0031,amazon,HOODIE-RED-XL,1,C00021,2026-08-03T11:30:48.905Z,1389.00,delivered
MYN0880757357,S0041,myntra,TSHIRT-RED-L,1,C01410,2026-09-16T03:15:11.482Z,529.00,delivered
MYN9266108714,S0003,myntra,SAREE-MAR-FREE,3,C01230,2026-07-17T12:10:07.395Z,4290.30,pending
590-4268699-8498498,S0050,amazon,WATCH-WHT-FREE,2,C02572,2026-08-25T06:35:14.880Z,6818.00,delivered
OD950275642518,S0042,flipkart,WATCH-BLU-FREE,2,C01174,2026-09-21T05:50:38.073Z,3578.00,delivered
MSH260355677,S0001,meesho,HOODIE-GRN-XL,1,C01465,2026-08-20T19:24:52.471Z,1655.10,delivered
MYN2099444512,S0023,myntra,SAREE-BLU-FREE,2,C00036,2026-09-09T01:41:59.440Z,4958.00,delivered
438-7446141-0484103,S0031,amazon,HOODIE-RED-XL,3,C00957,2026-09-25T01:32:09.644Z,4167.00,delivered
MSH634650302,S0002,meesho,HOODIE-YEL-M,4,C02869,2026-07-08T01:39:15.795Z,4596.00,shipped
930-0393018-3709464,S0031,amazon,SNEAKER-RED-8,1,C01133,2026-07-19T05:56:34.294Z,1160.10,delivered
MYN0275960433,S0003,myntra,KURTI-BLK-L,1,C00724,2026-07-07T13:24:53.456Z,769.00,returned
MYN9742108947,S0003,myntra,SAREE-MAR-FREE,2,C01575,2026-08-04T06:53:38.394Z,3019.10,returned
MYN1089014121,S0006,myntra,SNEAKER-RED-10,1,C01614,2026-07-21T08:49:23.636Z,2672.10,confirmed
182-2775994-9394278,S0008,amazon,JEANS-YEL-32,2,C01300,2026-09-29T00:35:46.638Z,3418.10,delivered
MSH805042878,S0012,meesho,KURTI-YEL-M,1,C02733,2026-09-23T07:34:47.952Z,749.00,delivered
MYN8475324635,S0003,myntra,KURTI-YEL-L,1,C01304,2026-08-21T20:35:41.694Z,569.00,shipped
MSH135040375,S0010,meesho,SAREE-MAR-FREE,1,C00267,2026-07-17T21:12:07.984Z,1061.10,returned
MSH418363044,S0002,meesho,TSHIRT-PNK-XL,2,C01488,2026-08-30T09:37:41.405Z,518.00,delivered
234-7253021-6048331,S0045,amazon,WATCH-BLU-FREE,1,C00032,2026-09-15T15:38:15.725Z,818.10,pending
MYN5410049281,S0049,myntra,SNEAKER-YEL-10,1,C00935,2026-08-04T07:11:05.082Z,2579.00,confirmed
430-7116142-8339169,S0001,amazon,HOODIE-GRN-XL,1,C02011,2026-09-12T17:12:35.498Z,1839.00,delivered
OD995896789381,S0003,flipkart,KURTI-BLK-L,2,C02066,2026-08-15T07:58:30.444Z,1461.10,shipped
OD414484972393,S0003,flipkart,KURTI-PNK-XL,4,C02379,2026-07-28T00:06:29.399Z,3156.00,delivered
751-0546652-3857703,S0001,amazon,TSHIRT-GRN-L,1,C02949,2026-08-27T00:29:49.397Z,464.55,shipped
577-0114222-6459981,S0032,amazon,WATCH-YEL-FREE,1,C00049,2026-08-27T07:32:37.697Z,3019.00,delivered
374-7424363-0085636,S0022,amazon,HOODIE-YEL-M,1,C00861,2026-09-20T07:30:28.332Z,1158.05,cancelled
288-9396082-2291233,S0028,amazon,JEANS-GRN-36,1,C02100,2026-09-24T15:05:38.320Z,799.00,cancelled
MSH216728804,S0002,meesho,TSHIRT-GRN-M,1,C02847,2026-08-21T13:02:54.891Z,440.10,delivered
OD297918281607,S0002,flipkart,HOODIE-YEL-M,1,C00822,2026-08-31T06:43:18.226Z,1091.55,delivered
453-6454141-4498308,S0026,amazon,WATCH-MAR-FREE,2,C02364,2026-08-14T04:30:53.941Z,5338.00,delivered
562-9787396-7534749,S0001,amazon,TSHIRT-PNK-XL,1,C02947,2026-09-03T06:45:01.172Z,332.10,delivered
MYN6010615999,S0019,myntra,WATCH-BLK-FREE,3,C00903,2026-09-22T17:43:06.836Z,4407.00,returned
MYN2924166351,S0016,myntra,HANDBAG-WHT-FREE,1,C00114,2026-09-12T02:24:31.694Z,778.05,delivered
MSH187833866,S0027,meesho,SAREE-WHT-FREE,1,C00567,2026-09-11T02:53:15.516Z,1829.00,delivered
MYN8556655756,S0004,myntra,KURTI-YEL-XL,2,C02263,2026-07-14T11:04:43.909Z,1218.00,delivered
MSH177148811,S0029,meesho,WATCH-BLK-FREE,2,C02263,2026-10-03T02:28:05.857Z,2430.10,cancelled
MSH582737024,S0005,meesho,SNEAKER-PNK-9,2,C01264,2026-09-07T19:34:02.172Z,1746.10,shipped
MSH058573325,S0001,meesho,TSHIRT-PNK-XL,4,C01181,2026-09-04T11:22:45.023Z,1328.40,cancelled
799-1541497-7246901,S0001,amazon,TSHIRT-WHT-XL,2,C01232,2026-08-05T16:07:23.096Z,958.00,delivered
MSH078932768,S0001,meesho,TSHIRT-PNK-XL,1,C02144,2026-08-24T21:58:09.001Z,332.10,delivered
MYN8189680940,S0003,myntra,KURTI-GRN-L,3,C01570,2026-08-02T18:25:15.337Z,1467.00,delivered
MSH084804650,S0002,meesho,HOODIE-BLK-L,3,C00702,2026-08-21T01:48:26.599Z,3057.00,cancelled
OD506233559160,S0003,flipkart,KURTI-PNK-XL,1,C00432,2026-08-19T02:26:33.252Z,749.55,delivered
MSH859664346,S0001,meesho,TSHIRT-PNK-XL,2,C00692,2026-07-30T10:20:18.902Z,701.10,delivered
786-7138520-7877888,S0027,amazon,SAREE-GRN-FREE,4,C02066,2026-08-15T04:41:51.627Z,8128.20,delivered
070-4074452-1906730,S0020,amazon,JEANS-RED-32,1,C00331,2026-09-10T10:08:58.728Z,1199.00,delivered
OD284526245084,S0003,flipkart,SAREE-MAR-FREE,2,C01857,2026-08-28T05:34:19.649Z,3178.00,delivered
OD233831669273,S0009,flipkart,HANDBAG-BLK-FREE,4,C00732,2026-09-21T01:42:49.569Z,4876.00,delivered
OD143148117201,S0003,flipkart,KURTI-BLK-L,1,C00099,2026-08-17T16:57:48.021Z,692.10,delivered
MYN4822022481,S0040,myntra,SAREE-RED-FREE,3,C00864,2026-09-26T16:13:38.119Z,2818.65,confirmed
OD691016934148,S0010,flipkart,SAREE-WHT-FREE,1,C01755,2026-07-31T21:21:49.471Z,1909.00,cancelled
MYN5200943820,S0029,myntra,SNEAKER-PNK-7,1,C00207,2026-09-07T21:02:54.269Z,2539.00,pending
378-8810898-6591335,S0001,amazon,HOODIE-PNK-M,1,C02922,2026-08-20T12:03:09.322Z,1519.05,delivered
MYN9303820155,S0039,myntra,SAREE-PNK-FREE,1,C02314,2026-07-12T22:09:40.788Z,1462.05,delivered
693-9298884-2399604,S0008,amazon,JEANS-BLU-34,1,C02306,2026-09-27T00:07:26.624Z,1499.00,shipped
OD090962663290,S0025,flipkart,SNEAKER-PNK-8,3,C01391,2026-09-20T09:54:20.808Z,3318.30,delivered
MSH160983349,S0002,meesho,TSHIRT-RED-S,1,C00466,2026-07-16T10:33:42.358Z,379.00,delivered
OD308600992378,S0048,flipkart,HOODIE-GRN-L,two,C00702,2026-08-25T16:40:51.968Z,1299.00,returned
OD064937188689,S0002,flipkart,HOODIE-YEL-M,3,C01235,2026-07-15T23:29:35.632Z,3102.30,delivered
217-8592277-6867459,S0001,amazon,TSHIRT-WHT-XL,3,C01761,2026-08-25T16:43:51.314Z,1437.00,shipped
OD185442468653,S0010,flipkart,SAREE-WHT-FREE,1,C01355,2026-08-23T02:26:49.439Z,1718.10,pending
OD465936682347,S0002,flipkart,HOODIE-MAR-XL,5,C01184,2026-08-12T17:33:27.248Z,4695.00,confirmed
OD341316526618,S0002,flipkart,HOODIE-YEL-M,1,C01419,2026-07-16T15:22:39.414Z,1034.10,delivered
MYN3096839224,S0003,myntra,SAREE-MAR-FREE,3,C01519,2026-07-24T13:02:46.399Z,4767.00,delivered
OD626525584328,S0003,flipkart,SAREE-MAR-FREE,1,C00366,2026-07-21T01:53:57.896Z,1430.10,returned
441-5807855-2679746,S0008,amazon,,1,C00820,2026-09-28T15:48:31.614Z,1799.00,delivered
MYN4551496260,S0049,myntra,SNEAKER-YEL-10,5,C00827,2026-09-19T04:48:28.363Z,11605.50,delivered
126-7813288-9184931,S0048,amazon,HOODIE-MAR-XL,1,C00422,2026-08-17T17:05:55.342Z,1088.10,delivered
MSH554441791,S0002,meesho,HOODIE-BLK-L,1,C02749,2026-08-18T04:28:14.133Z,1019.00,delivered
OD372732154291,S0010,flipkart,SAREE-WHT-FREE,1,C00449,2026-08-06T19:52:13.806Z,1909.00,delivered
142-6982385-8580572,S0001,amazon,TSHIRT-WHT-XL,4,C02113,2026-07-06T01:31:59.048Z,1820.20,delivered
OD724839423046,S0002,flipkart,TSHIRT-PNK-M,2,C02496,2026-07-06T01:22:46.675Z,1222.20,cancelled
OD196943624114,S0003,flipkart,KURTI-WHT-XL,1,C00097,2026-09-27T00:02:51.965Z,404.10,delivered
MSH529613650,S0002,meesho,TSHIRT-BLU-XL,1,C02674,2026-09-17T20:43:29.898Z,679.00,confirmed
054-0156779-8353279,S0025,amazon,SNEAKER-PNK-7,1,C02652,2026-07-18T21:52:28.214Z,2839.55,delivered
OD640271150842,S0024,flipkart,KURTI-MAR-XL,1,C00256,2026-08-21T23:37:51.473Z,419.00,confirmed
628-3903783-3984305,S0004,amazon,KURTI-PNK-M,1,C01486,2026-09-27T11:54:06.642Z,331.55,delivered
MYN8485824953,S0050,myntra,SAREE-GRN-FREE,1,C00360,2026-07-12T10:16:42.985Z,1367.10,delivered
OD009555026101,S0024,flipkart,JEANS-MAR-36,2,C00937,2026-10-01T03:51:00.340Z,1594.10,delivered
MSH948280983,S0007,meesho,JEANS-BLU-36,3,C02662,2026-08-12T17:23:57.199Z,3357.00,delivered
MYN9914433409,S0035,myntra,TSHIRT-YEL-S,1,C00555,2026-08-10T08:40:34.694Z,329.00,delivered
325-5813301-6721169,S0045,amazon,WATCH-BLK-FREE,2,C02348,2026-09-09T14:06:16.439Z,5974.20,delivered
OD906217610946,S0003,flipkart,SAREE-MAR-FREE,1,C02365,2026-09-15T17:47:29.283Z,1589.00,shipped
MSH407246400,S0001,meesho,HOODIE-GRN-XL,4,C01196,2026-09-28T05:48:28.101Z,6988.20,returned
MSH871150342,S0001,meesho,HOODIE-PNK-M,2,C00593,2026-07-26T17:42:46.910Z,2878.20,cancelled
143-3073437-2379252,S0039,amazon,HANDBAG-BLK-FREE,1,C02660,2026-07-24T05:21:01.057Z,809.00,delivered
MYN3638969848,S0049,myntra,SNEAKER-YEL-10,2,C01248,2026-07-28T11:37:32.462Z,5158.00,delivered
OD040819731745,S0035,flipkart,TSHIRT-GRN-L,1,C00731,2026-09-01T19:25:46.825Z,479.00,delivered
552-8952590-3423719,S0004,amazon,KURTI-YEL-M,3,C02833,2026-08-25T16:54:29.642Z,2607.00,delivered
OD326490692008,S0002,flipkart,HOODIE-YEL-M,4,C01284,2026-08-28T13:10:47.839Z,4366.20,delivered
806-9021030-9666632,S0012,amazon,KURTI-YEL-M,2,C02200,2026-07-23T15:41:53.615Z,1498.00,delivered
MSH224162001,S0002,meesho,HOODIE-YEL-M,1,C00171,2026-08-19T07:59:05.054Z,1091.55,delivered
MYN1529007005,S0003,myntra,KURTI-BLK-L,1,C02590,2026-08-05T05:11:58.860Z,730.55,shipped
MSH011842026,S0016,meesho,HANDBAG-WHT-FREE,1,C01416,2026-07-09T03:15:30.897Z,819.00,delivered
139-3168343-1196438,S0011,amazon,KURTI-BLU-XL,4,C02123,2026-07-28T20:36:04.240Z,2396.00,delivered
OD295187790524,S0015,flipkart,SAREE-MAR-FREE,1,C01875,2026-08-22T03:04:48.295Z,2015.10,delivered
627-7639767-7947566,S0001,amazon,TSHIRT-GRN-L,2,C00971,2026-09-13T21:48:54.670Z,929.10,cancelled
MSH042697062,S0016,meesho,HANDBAG-PNK-FREE,3,C01892,2026-07-24T03:14:35.773Z,1482.30,shipped
387-6704599-9389873,S0021,amazon,SNEAKER-GRN-9,1,C01471,2026-07-11T21:13:16.462Z,2668.55,delivered
MYN5033517969,S0008,myntra,JEANS-BLU-34,2,C00397,2026-09-27T13:58:12.190Z,2848.10,pending
MYN2733946495,S0041,myntra,TSHIRT-RED-L,4,C02335,2026-09-08T13:06:27.363Z,2116.00,pending
OD171765869898,S0017,flipkart,KURTI-MAR-S,3,C02665,2026-08-24T06:13:02.796Z,1455.30,delivered
448-3974793-1641904,S0001,amazon,HOODIE-GRN-XL,1,C02887,2026-08-02T04:20:48.475Z,1655.10,delivered
MYN9572670153,S0006,myntra,SNEAKER-YEL-7,1,C02997,2026-10-02T18:07:05.801Z,1389.00,cancelled
573-8857661-5573428,S0001,amazon,HOODIE-GRN-XL,1,C00051,2026-09-17T07:07:45.164Z,1839.00,cancelled
095-8370264-5727778,S0001,amazon,TSHIRT-WHT-XL,2,C00386,2026-07-26T21:50:35.601Z,862.20,pending
MSH577207978,S0001,meesho,HOODIE-GRN-XL,1,C00680,2026-08-15T19:33:50.868Z,1747.05,delivered
588-6736240-3283381,S0011,amazon,KURTI-PNK-S,2,C02878,2026-09-09T03:41:34.023Z,738.00,delivered
OD049139607395,S0002,flipkart,HOODIE-YEL-M,0,C01723,2026-08-19T09:03:35.909Z,2183.10,delivered
610-3940529-9962005,S0022,amazon,SNEAKER-WHT-10,2,C00295,2026-08-16T00:29:09.058Z,2738.00,delivered
MSH103406200,S0002,meesho,TSHIRT-BLU-XL,1,C00632,2026-08-18T17:30:47.310Z,679.00,shipped
MYN6761613327,S0003,myntra,SAREE-MAR-FREE,1,C00061,2026-07-24T01:13:54.652Z,1589.00,delivered
MSH204690324,S0007,meesho,HOODIE-BLK-XL,2,C00067,2026-08-21T16:17:34.733Z,2662.20,delivered
914-4309912-9132225,S0004,amazon,KURTI-MAR-S,1,C02008,2026-08-30T01:20:49.039Z,359.00,cancelled
MYN4022629566,S0008,myntra,JEANS-YEL-32,1,C01739,2026-07-16T09:59:30.122Z,1619.10,delivered
OD714008788929,S0002,flipkart,TSHIRT-WHT-M,1,C00407,2026-08-05T08:40:59.353Z,395.10,shipped
MSH151027754,S0002,meesho,TSHIRT-WHT-M,1,C00249,2026-07-29T14:38:51.229Z,439.00,cancelled
MYN9547078804,S0003,myntra,KURTI-MAR-XL,1,C00474,2026-09-14T09:10:18.992Z,589.00,shipped
OD885274559830,S0002,flipkart,HOODIE-YEL-M,2,C01701,2026-09-20T18:02:52.762Z,2068.20,delivered
OD046777523184,S0015,flipkart,WATCH-WHT-FREE,1,C02023,2026-07-08T17:35:34.022Z,939.00,returned
MSH041577699,S0001,meesho,HOODIE-GRN-XL,3,C01137,2026-07-07T22:27:59.827Z,4965.30,confirmed
OD344380508740,S0014,flipkart,WATCH-GRN-FREE,2,C02620,2026-09-15T02:52:44.129Z,1784.10,pending
MSH076957178,S0002,meesho,HOODIE-MAR-L,3,C01261,2026-09-07T13:41:30.253Z,3057.00,delivered
418-5998049-5582502,S0032,amazon,WATCH-WHT-FREE,1,C01988,2026-08-10T03:02:45.388Z,1448.10,delivered
MYN9253968249,S0043,myntra,HANDBAG-RED-FREE,1,C00532,2026-08-10T15:29:23.526Z,1177.05,delivered
MYN1624523354,S0006,myntra,SNEAKER-BLU-7,2,C02897,2026-08-23T17:31:37.284Z,2518.20,delivered
722-7192568-5309820,S0045,amazon,WATCH-RED-FREE,2,C00421,2026-09-23T12:15:03.116Z,3398.00,delivered
OD489918603736,S0002,flipkart,TSHIRT-GRN-M,4,C00390,2026-09-13T14:50:28.574Z,1956.00,pending
MYN4211892398,S0008,myntra,WATCH-PNK-FREE,2,C02005,2026-08-15T03:46:35.642Z,6496.10,confirmed
OD783050570582,S0003,flipkart,KURTI-YEL-M,2,C02869,2026-09-04T22:20:10.143Z,625.10,delivered
OD031708225034,S0002,flipkart,HOODIE-YEL-M,5,C01517,2026-07-10T19:36:31.792Z,5745.00,delivered
MSH737160214,S0007,meesho,HOODIE-YEL-M,1,C02859,2026-09-30T09:47:34.607Z,719.00,confirmed
MSH811117287,S0001,meesho,TSHIRT-PNK-XL,1,C02552,2026-08-31T01:23:10.625Z,369.00,shipped
MSH275247448,S0002,meesho,HOODIE-YEL-M,1,C02444,2026-07-22T12:12:37.024Z,1091.55,delivered
390-9392286-8930300,S0001,amazon,HOODIE-PNK-M,1,C00671,2026-08-20T13:33:34.261Z,1519.05,delivered
MYN8375674048,S0044,myntra,HOODIE-YEL-XL,4,C01687,2026-08-21T23:31:41.378Z,7716.00,delivered
258-7526394-2246476,S0001,amazon,TSHIRT-GRN-L,2,C02235,2026-09-14T23:53:23.846Z,978.00,delivered
MYN4651248329,S0016,myntra,HANDBAG-RED-FREE,3,C00692,2026-08-08T19:57:39.115Z,1336.65,delivered
460-9939987-7548972,S0041,amazon,KURTI-YEL-M,1,C01021,2026-08-20T07:10:49.022Z,825.55,delivered
172-4280183-9010473,S0037,amazon,JEANS-BLK-36,2,C00280,2026-09-10T05:56:37.552Z,2238.00,returned
MSH835488241,S0002,meesho,HOODIE-YEL-M,2,C00065,2026-08-19T13:04:10.741Z,2298.00,delivered
OD426793050587,S0003,flipkart,KURTI-BLK-M,1,C00988,2026-07-30T10:08:45.871Z,740.05,shipped
MYN4391740894,S0006,myntra,SNEAKER-RED-10,5,C02896,2026-09-14T20:08:28.071Z,13360.50,shipped
MYN3263113732,S0013,myntra,SNEAKER-RED-9,2,C00500,2026-08-21T17:17:45.461Z,4598.00,shipped
755-1337101-3222522,S0001,amazon,HOODIE-GRN-XL,2,C01073,2026-09-19T15:06:47.260Z,3678.00,cancelled
OD542639328626,S0010,flipkart,SAREE-PNK-FREE,1,C00466,2026-07-28T18:00:08.171Z,1869.00,cancelled
OD212409945741,S0033,flipkart,TSHIRT-BLK-S,2,C00370,2026-07-14T22:46:34.887Z,1338.00,delivered
MYN9193652744,S0003,myntra,KURTI-MAR-XL,1,C01523,2026-07-11T05:38:00.693Z,559.55,delivered
MYN8746259217,S0008,myntra,JEANS-BLU-34,1,C01084,2026-09-13T05:36:40.458Z,1349.10,delivered
OD096805778282,S0010,flipkart,SAREE-PNK-FREE,2,C01561,2026-07-30T03:51:31.649Z,3364.20,delivered
OD874634472144,S0014,flipkart,KURTI-RED-M,2,C01261,2026-09-12T12:17:17.509Z,1498.00,delivered
MYN2572887942,S0029,myntra,SNEAKER-PNK-7,4,C01181,2026-07-25T04:48:37.405Z,10156.00,cancelled
141-3240258-6402694,S0001,amazon,TSHIRT-GRN-L,3,C00990,2026-09-08T13:50:27.407Z,1393.65,delivered
MYN8126827777,S0019,myntra,WATCH-RED-FREE,2,C00789,2026-07-31T14:48:33.190Z,6678.00,shipped
920-4229207-7576564,S0048,amazon,HOODIE-RED-XL,3,C02152,2026-08-30T03:25:58.418Z,2647.65,delivered
MSH816239940,S0036,meesho,HOODIE-BLU-L,1,C01355,2026-09-27T23:38:34.774Z,835.05,pending
347-2546316-9780457,S0022,amazon,HOODIE-PNK-XL,2,C00995,2026-09-09T05:01:14.547Z,1888.20,delivered
MSH416105281,S0001,meesho,TSHIRT-PNK-XL,1,C02174,2026-07-11T00:00:02.277Z,350.55,delivered
MSH832767512,S0001,meesho,TSHIRT-WHT-XL,2,C00101,2026-08-02T03:36:03.645Z,958.00,cancelled
MSH127535096,S0002,meesho,HOODIE-YEL-M,4,C01153,2026-07-22T16:19:23.807Z,4596.00,cancelled
OD494936294504,S0002,flipkart,HOODIE-YEL-M,1,C00490,2026-09-01T13:54:16.312Z,1149.00,delivered
OD244628072525,S0003,flipkart,KURTI-PNK-XL,1,C02264,2026-07-20T15:44:55.976Z,789.00,delivered
MSH528511822,S0002,meesho,TSHIRT-RED-S,2,C01263,2026-08-30T12:01:33.821Z,682.20,delivered
MSH426073354,S0002,meesho,TSHIRT-RED-L,1,C00262,2026-07-17T19:56:32.353Z,431.10,returned
OD386164413212,S0010,flipkart,SAREE-PNK-FREE,3,C02868,2026-09-15T12:02:29.987Z,5326.65,delivered
MSH266930670,S0005,meesho,SNEAKER-MAR-7,1,C00302,2026-10-03T03:04:11.601Z,2399.00,delivered
MYN7130442939,S0003,myntra,SAREE-MAR-FREE,1,C01909,2026-09-14T22:40:50.678Z,1589.00,returned
OD883342608171,S0024,flipkart,JEANS-RED-36,1,C02583,2026-07-11T20:47:58.501Z,719.10,delivered
OD250468228463,S0042,flipkart,KURTI-PNK-M,1,C00145,2026-08-14T14:39:26.509Z,629.00,shipped
OD647814959868,S0003,flipkart,KURTI-BLK-L,5,C01953,2026-07-09T16:46:11.215Z,3845.00,cancelled
794-5691111-7915238,S0046,amazon,HOODIE-PNK-L,2,C01201,2026-09-08T01:51:46.870Z,3238.20,delivered
MYN6319142294,S0050,myntra,WATCH-WHT-FREE,2,C02871,2026-07-25T01:11:22.195Z,6818.00,delivered
MSH268206197,S0001,meesho,TSHIRT-PNK-XL,2,C00955,2026-08-17T11:01:47.508Z,738.00,delivered
MSH517973052,S0005,meesho,SNEAKER-MAR-7,2,C01256,2026-09-14T19:20:29.533Z,4798.00,delivered
146-3384127-2889358,S0001,amazon,HOODIE-GRN-XL,2,C00977,2026-07-06T19:02:52.064Z,3678.00,delivered
MSH698089280,S0010,meesho,SAREE-MAR-FREE,4,C01030,2026-08-10T07:55:45.153Z,4716.00,delivered
MSH913225833,S0011,meesho,KURTI-BLU-M,2,C01493,2026-08-21T15:31:19.853Z,1330.20,delivered
OD702098447870,S0017,flipkart,KURTI-PNK-M,2,C02798,2026-08-13T08:24:55.229Z,1499.10,delivered
MSH850461764,S0002,meesho,HOODIE-YEL-M,1,C02411,2026-09-08T03:46:58.028Z,1034.10,confirmed
MSH147673040,S0005,meesho,SNEAKER-MAR-7,1,C00946,2026-08-01T20:02:42.291Z,2399.00,returned
600-5971500-2134209,S0045,amazon,WATCH-PNK-FREE,3,C00732,2026-09-23T18:17:09.860Z,2187.00,cancelled
MSH814709803,S0001,meesho,TSHIRT-WHT-XL,2,C02897,2026-09-26T08:38:25.560Z,958.00,cancelled
384-1213117-1227388,S0004,amazon,KURTI-YEL-XL,2,C01301,2026-08-30T18:33:29.028Z,1218.00,delivered
MYN4745615740,S0019,myntra,WATCH-BLK-FREE,2,C01993,2026-09-02T01:25:42.430Z,2938.00,delivered
453-8160953-3919473,S0001,amazon,HOODIE-GRN-XL,1,C00830,2026-07-20T16:40:25.250Z,1747.05,delivered
OD980930369370,S0002,flipkart,HOODIE-MAR-XL,5,C02317,2026-07-25T01:53:48.491Z,4695.00,delivered
478-6941215-4603153,S0001,amazon,TSHIRT-WHT-XL,2,C01311,2026-10-03T06:15:02.256Z,958.00,delivered
OD517409083318,S0024,flipkart,JEANS-MAR-36,2,C02226,2026-08-25T12:58:13.229Z,1678.00,pending
MSH632762370,S0002,meesho,TSHIRT-WHT-M,1,C01141,2026-09-26T03:00:44.252Z,439.00,cancelled
169-5318499-6833800,S0001,amazon,HOODIE-GRN-XL,3,C00652,2026-07-09T21:24:06.970Z,4965.30,delivered
MYN7782934778,S0039,myntra,SAREE-YEL-FREE,2,C01943,2026-08-29T06:40:55.613Z,2658.00,shipped
MYN1599245096,S0014,myntra,KURTI-RED-M,1,C01477,2026-07-13T02:59:52.913Z,749.00,delivered
MSH672850449,S0029,meesho,SNEAKER-RED-7,5,C02206,2026-07-28T23:42:35.402Z,14345.00,shipped
OD432448656721,S0003,flipkart,KURTI-BLK-L,1,C01006,2026-07-27T21:17:21.922Z,692.10,delivered
MYN2075098667,S0004,myntra,KURTI-YEL-M,2,C02680,2026-07-20T08:35:06.531Z,1738.00,cancelled
MSH852234263,S0021,meesho,SNEAKER-PNK-7,2,C01957,2026-08-24T14:30:16.637Z,4898.00,delivered
MYN6221462472,S0041,myntra,TSHIRT-YEL-S,1,C00658,2026-09-03T13:37:24.589Z,559.00,delivered
MYN5682190112,S0006,myntra,SNEAKER-GRN-7,3,C02004,2026-07-22T14:21:51.803Z,2391.15,confirmed
OD815148403527,S0002,flipkart,HOODIE-YEL-M,1,C00328,2026-08-19T11:49:54.150Z,1149.00,pending
MYN4220570541,S0040,myntra,JEANS-PNK-32,1,C01183,2026-09-27T09:38:25.202Z,649.00,delivered
MSH562579914,S0001,meesho,TSHIRT-PNK-XL,1,C00960,2026-09-30T23:53:08.078Z,350.55,shipped
MSH591209307,S0001,meesho,HOODIE-GRN-XL,1,C01990,2026-08-16T20:17:03.633Z,abc,pending
MSH766192563,S0001,meesho,HOODIE-GRN-XL,1,C00265,2026-08-12T05:09:56.589Z,1839.00,delivered
OD917068397306,S0002,flipkart,TSHIRT-WHT-M,3,C01467,2026-08-30T14:25:00.648Z,1185.30,confirmed
OD540483880600,S0024,flipkart,KURTI-BLK-L,1,C02439,2026-07-30T19:48:29.446Z,404.10,delivered
MSH797049085,S0001,meesho,HOODIE-PNK-M,2,C02406,2026-08-13T04:01:38.973Z,3198.00,delivered
MSH583783577,S0009,meesho,HANDBAG-GRN-FREE,1,C01490,2026-07-10T06:14:14.550Z,529.00,delivered
705-8501510-9628414,S0001,amazon,TSHIRT-PNK-XL,1,C00951,2026-09-20T19:55:05.748Z,369.00,returned
OD644957232428,S0010,flipkart,SAREE-WHT-FREE,4,C01319,2026-09-14T19:50:59.514Z,7636.00,delivered
MSH211963039,S0001,meesho,HOODIE-GRN-XL,4,C01148,2026-09-19T06:38:18.255Z,6988.20,delivered
OD945661630618,S0003,flipkart,KURTI-YEL-M,3,C02810,2026-08-22T04:37:04.916Z,888.30,delivered
MSH607560968,S0007,meesho,JEANS-BLU-36,3,C02706,2026-09-20T03:33:59.890Z,3021.30,returned
OD549345182623,S0003,flipkart,KURTI-BLK-L,2,C02254,2026-07-25T17:22:08.579Z,1538.00,delivered
739-9478243-2437446,S0001,amazon,TSHIRT-PNK-XL,1,C00626,2026-10-03T08:42:49.814Z,350.55,shipped
017-3208777-0174738,S0008,amazon,JEANS-BLK-36,2,C01653,2026-09-21T13:16:05.337Z,1598.00,confirmed
933-4928358-8537015,S0043,amazon,HANDBAG-RED-FREE,1,C02503,2026-09-02T13:35:06.120Z,1239.00,delivered
MYN5618333622,S0050,myntra,WATCH-WHT-FREE,1,C01049,2026-07-26T05:32:53.553Z,3409.00,delivered
MYN9008689428,S0008,myntra,WATCH-PNK-FREE,2,C00919,2026-08-19T15:41:49.867Z,6838.00,delivered
MYN0080492445,S0019,myntra,WATCH-BLK-FREE,4,C00857,2026-09-13T18:21:40.493Z,5876.00,delivered
MSH097683326,S0001,meesho,HOODIE-PNK-M,2,C02033,2026-08-31T08:44:23.217Z,3038.10,delivered
318-3955665-7681570,S0001,amazon,HOODIE-PNK-M,1,C02486,2026-09-21T17:02:08.933Z,1599.00,delivered
011-9014768-0739696,S0001,amazon,HOODIE-GRN-XL,1,C02062,2026-09-26T22:51:21.520Z,1839.00,delivered
510-7161004-2203457,S0001,amazon,TSHIRT-GRN-L,1,C00746,2026-08-18T06:21:55.484Z,464.55,delivered
MYN5648016621,S0035,myntra,TSHIRT-GRN-L,1,C01061,2026-07-24T12:39:14.685Z,479.00,pending
MSH970208171,S0026,meesho,WATCH-MAR-FREE,1,C00968,2026-08-15T12:53:05.593Z,2669.00,delivered
MSH484046499,S0002,meesho,HOODIE-YEL-M,2,C00223,2026-08-05T20:24:56.209Z,2298.00,delivered
MYN1871156655,S0038,myntra,SNEAKER-BLK-8,1,C00405,2026-08-30T08:48:44.812Z,2199.00,delivered
MYN8071665182,S0003,myntra,SAREE-MAR-FREE,1,C02227,2026-07-24T21:50:40.544Z,1589.00,delivered
MSH721156001,S0001,meesho,TSHIRT-PNK-XL,3,C00375,2026-09-09T04:06:08.552Z,996.30,delivered
MYN2691733709,S0023,myntra,SAREE-BLU-FREE,1,C01088,2026-08-05T19:51:31.062Z,2479.00,delivered
MYN7808908920,S0006,myntra,SNEAKER-YEL-7,1,C00342,2026-08-11T13:10:24.799Z,1389.00,delivered
831-7577141-7842350,S0012,amazon,KURTI-BLU-XL,1,C02004,2026-08-22T09:55:41.730Z,816.05,delivered
250-0378193-8674841,S0001,amazon,HOODIE-GRN-XL,1,C00613,2026-07-21T22:50:26.051Z,1839.00,delivered
701-9289236-3237914,S0009,amazon,HANDBAG-MAR-FREE,1,C01252,2026-08-08T21:50:26.613Z,665.10,delivered
OD836123621180,S0036,flipkart,JEANS-PNK-36,1,C01460,2026-07-16T16:20:45.288Z,1489.00,delivered
428-5070442-1737823,S0028,amazon,JEANS-BLU-36,two,C02199,2026-09-17T11:56:10.855Z,1329.00,delivered
974-4521143-3160610,S0045,amazon,WATCH-BLU-FREE,1,C02724,2026-09-04T06:30:34.830Z,909.00,delivered
MSH661758018,S0030,meesho,SAREE-MAR-FREE,1,C00331,2026-08-26T18:24:11.693Z,2249.00,cancelled
115-1269009-2390697,S0022,amazon,HOODIE-BLK-XL,2,C00154,2026-08-15T03:15:34.189Z,2678.00,cancelled
MSH378120011,S0001,meesho,TSHIRT-GRN-L,2,C00226,2026-07-21T09:24:07.776Z,978.00,delivered
MYN4377040589,S0004,myntra,KURTI-PNK-M,3,C02278,2026-07-09T06:27:10.189Z,1047.00,delivered
MYN4009112567,S0004,myntra,KURTI-YEL-S,1,C01442,2026-08-15T12:37:57.190Z,293.55,delivered
055-1537375-0213575,S0001,amazon,HOODIE-GRN-XL,1,C00970,2026-07-23T02:02:47.602Z,1839.00,delivered
777-0769828-2592966,S0033,amazon,TSHIRT-RED-S,1,C02742,2026-10-01T01:44:12.211Z,279.00,delivered
OD621639103859,S0003,flipkart,KURTI-MAR-XL,1,C00914,2026-08-27T15:33:02.647Z,589.00,confirmed
OD333466690502,S0036,flipkart,HOODIE-GRN-L,1,C01456,2026-09-15T11:09:46.580Z,1015.55,delivered
OD348113309953,S0034,flipkart,HANDBAG-YEL-FREE,2,C01661,2026-08-04T12:57:55.042Z,2373.10,delivered
MSH807587872,S0027,meesho,SAREE-WHT-FREE,2,C01517,2026-08-02T11:09:17.205Z,3658.00,cancelled
MSH930746908,S0029,meesho,SNEAKER-RED-7,1,C01653,2026-08-03T23:07:45.021Z,2869.00,delivered
MSH428573683,S0001,meesho,HOODIE-PNK-M,1,C02467,2026-08-18T00:50:42.041Z,1599.00,delivered
OD879044891488,S0018,flipkart,JEANS-BLK-32,1,C00750,2026-08-08T17:10:49.786Z,969.00,delivered
MSH221603124,S0027,meesho,SAREE-BLK-FREE,4,C02867,2026-08-03T10:13:33.673Z,8116.00,delivered
182-0878105-0665138,S0045,amazon,WATCH-BLU-FREE,1,C00542,2026-09-22T06:44:42.869Z,909.00,delivered
OD966642414540,S0031,flipkart,HOODIE-BLK-M,1,C02741,2026-09-01T06:44:59.750Z,1039.00,delivered
MSH727739584,S0007,meesho,JEANS-BLK-34,5,C02539,2026-09-01T10:27:20.944Z,3937.75,cancelled
OD310928294746,S0010,flipkart,SAREE-WHT-FREE,3,C00639,2026-09-21T22:27:53.179Z,5440.65,returned
188-9732879-2153752,S0048,amazon,HOODIE-BLK-L,2,C02516,2026-08-27T02:31:09.762Z,2578.00,delivered
646-9736646-4293403,S0001,amazon,TSHIRT-WHT-XL,5,C00873,2026-09-19T11:41:00.399Z,2395.00,confirmed
MYN0539163501,S0019,myntra,WATCH-BLK-FREE,1,C00765,2026-07-28T06:09:01.262Z,1469.00,delivered
198-5798975-3067653,S0026,amazon,WATCH-MAR-FREE,4,C01157,2026-07-07T00:30:53.545Z,10676.00,returned
MSH119189823,S0009,meesho,HANDBAG-YEL-FREE,1,C01000,2026-09-06T09:24:27.436Z,809.00,confirmed
MYN5452143270,S0008,myntra,JEANS-BLK-36,1,C02638,2026-07-15T19:16:28.732Z,799.00,pending
OD471010209284,S0003,flipkart,KURTI-WHT-XL,4,C00561,2026-09-09T02:48:51.372Z,1796.00,delivered
OD596747750764,S0002,flipkart,HOODIE-BLU-M,4,C00195,2026-08-27T08:29:42.120Z,6944.40,shipped
MSH545989874,S0002,meesho,TSHIRT-RED-S,4,C01316,2026-09-02T00:21:12.799Z,1516.00,delivered
MYN8046498257,S0004,myntra,KURTI-YEL-M,1,C01225,2026-09-02T14:42:46.722Z,869.00,confirmed
OD559129710467,S0010,flipkart,SAREE-WHT-FREE,2,C02303,2026-07-22T21:03:11.021Z,3818.00,delivered
MYN1943958289,S0003,myntra,KURTI-WHT-XL,3,C02397,2026-09-04T08:39:32.659Z,1347.00,returned
OD418523398636,S0003,flipkart,KURTI-YEL-M,1,C02419,2026-09-11T09:46:35.527Z,296.10,delivered
MYN1398853281,S0029,myntra,SNEAKER-MAR-8,1,C02327,2026-08-15T02:37:02.587Z,2564.05,returned
130-4026571-2977082,S0031,amazon,HOODIE-RED-XL,1,C00695,2026-08-19T00:12:47.508Z,1319.55,returned
017-8410373-5948726,S0020,amazon,JEANS-BLK-36,2,C00415,2026-08-26T14:58:18.001Z,2358.00,delivered
MSH782085713,S0001,meesho,HOODIE-GRN-XL,1,C00141,2026-08-15T09:41:14.085Z,1655.10,delivered
MSH604487067,S0001,meesho,HOODIE-GRN-XL,1,C01136,2026-09-28T10:48:17.827Z,1839.00,delivered
MSH098314051,S0007,meesho,HOODIE-PNK-XL,3,C00283,2026-09-09T01:34:55.675Z,4767.00,delivered
MSH715790311,S0001,meesho,HOODIE-PNK-M,2,C02456,2026-07-23T10:42:48.661Z,3038.10,delivered
MSH251216215,S0001,meesho,HOODIE-GRN-XL,2,C00373,2026-07-31T03:36:57.267Z,3678.00,delivered
626-7821593-9118550,S0009,amazon,HANDBAG-GRN-FREE,2,C02242,2026-08-02T17:55:48.870Z,952.20,delivered
891-7747222-6008329,S0009,amazon,HANDBAG-PNK-FREE,1,C01720,2026-08-03T23:47:27.600Z,1069.00,pending
726-3799693-6843040,S0044,amazon,HOODIE-YEL-XL,4,C01781,2026-08-29T02:25:37.666Z,7716.00,delivered
640-9948800-4725197,S0012,amazon,KURTI-BLU-XL,1,C02461,2026-07-11T01:47:58.932Z,773.10,delivered
MYN9142830082,S0003,myntra,KURTI-YEL-L,4,C02690,2026-07-26T18:42:57.612Z,2276.00,confirmed
MSH441150530,S0001,meesho,HOODIE-GRN-XL,5,C00870,2026-07-17T09:11:59.235Z,9195.00,delivered
MSH547423420,S0030,meesho,JEANS-GRN-36,1,C01595,2026-08-20T21:15:34.663Z,1739.00,pending
686-9540256-1740955,S0031,amazon,SNEAKER-MAR-8,1,C01035,2026-08-21T04:12:45.052Z,1129.00,shipped
OD212415678499,S0002,flipkart,HOODIE-YEL-M,1,C00844,2026-07-29T16:07:50.159Z,1149.00,delivered
OD557530552939,S0002,flipkart,TSHIRT-BLU-XL,3,C02758,2026-10-01T07:35:24.365Z,2037.00,delivered
OD763009748864,S0003,flipkart,SAREE-MAR-FREE,1,C02067,2026-10-02T11:56:07.683Z,1589.00,delivered
088-3816356-0469781,S0001,amazon,TSHIRT-GRN-L,1,C02664,2026-08-16T21:15:42.644Z,489.00,cancelled
OD601829563361,S0003,flipkart,SAREE-MAR-FREE,1,C02828,2026-07-15T00:54:26.865Z,1430.10,delivered
MSH445219392,S0016,meesho,HANDBAG-BLK-FREE,1,C00551,2026-09-04T11:03:10.184Z,1025.05,delivered
MSH147229863,S0005,meesho,SNEAKER-RED-7,2,C01220,2026-08-01T01:29:18.610Z,4398.00,delivered
OD557201166419,S0002,flipkart,TSHIRT-BLU-XL,3,C02567,2026-08-04T11:41:59.120Z,2037.00,pending
856-4959588-4276745,S0004,amazon,KURTI-MAR-S,2,C00714,2026-09-23T14:53:25.205Z,718.00,delivered
247-0820412-9561454,S0008,amazon,JEANS-YEL-32,1,C02831,2026-09-15T10:04:04.056Z,1799.00,pending
MYN2639087345,S0003,myntra,KURTI-GRN-L,1,C00989,2026-09-02T14:56:33.630Z,464.55,cancelled
MSH312427076,S0005,meesho,SNEAKER-PNK-9,2,C01507,2026-07-10T16:49:55.313Z,1838.00,delivered
529-2656050-9808783,S0001,amazon,TSHIRT-PNK-XL,3,C00239,2026-09-23T05:51:56.962Z,996.30,returned
MSH183567763,S0007,meesho,JEANS-BLU-36,1,C01009,2026-07-10T03:37:37.246Z,1119.00,delivered
175-7704223-4873477,S0041,amazon,TSHIRT-RED-L,1,C01539,2026-09-29T21:37:44.176Z,529.00,shipped
MSH273391690,S0002,meesho,HOODIE-YEL-M,1,C02511,2026-07-24T04:23:37.777Z,1149.00,pending
OD680058173120,S0003,flipkart,KURTI-BLK-L,2,C01264,2026-09-20T15:41:39.298Z,1538.00,delivered
OD117704823680,S0025,flipkart,SNEAKER-BLK-7,1,C02736,2026-07-18T00:27:46.265Z,2049.00,delivered
OD519749079438,S0015,flipkart,WATCH-PNK-FREE,2,C01074,2026-07-12T16:19:55.978Z,3665.10,returned
368-6298717-4938584,S0016,amazon,HANDBAG-PNK-FREE,3,C02997,2026-07-07T20:45:32.571Z,1564.65,delivered
OD056394710987,S0002,flipkart,HOODIE-MAR-XL,1,C02909,2026-09-13T21:32:38.598Z,939.00,cancelled
MYN7672856338,S0003,myntra,KURTI-MAR-M,2,C01171,2026-08-16T01:20:05.076Z,1158.00,delivered
OD810711197099,S0003,flipkart,KURTI-MAR-M,2,C02676,2026-09-10T01:45:13.472Z,1158.00,confirmed
970-7253933-0431376,S0001,amazon,TSHIRT-GRN-L,1,C00071,2026-07-17T16:33:24.518Z,440.10,delivered
395-3245512-9238249,S0009,amazon,HANDBAG-YEL-FREE,2,C00968,2026-07-24T07:15:00.042Z,1456.20,cancelled
MYN4344975082,S0038,myntra,SNEAKER-BLK-8,2,C02690,2026-07-16T15:12:42.129Z,4398.00,delivered
MYN8532100631,S0023,myntra,SAREE-YEL-FREE,1,C00341,2026-07-06T02:04:31.275Z,1089.00,returned
MYN0026622589,S0006,myntra,SNEAKER-RED-10,1,C00412,2026-09-25T13:13:11.797Z,2672.10,cancelled
MSH163690428,S0001,meesho,HOODIE-GRN-XL,1,C02461,2026-08-22T14:24:09.380Z,1747.05,delivered
MSH077530004,S0001,meesho,TSHIRT-WHT-XL,3,C02966,2026-08-13T16:30:42.459Z,1437.00,pending
OD975629187610,S0003,flipkart,KURTI-MAR-XL,1,C02598,2026-09-26T16:26:42.296Z,559.55,shipped
OD022159817225,S0002,flipkart,TSHIRT-WHT-M,1,C00003,2026-07-25T04:06:07.315Z,395.10,cancelled
MSH197908928,S0005,meesho,SNEAKER-MAR-7,1,C00393,2026-08-14T15:03:56.396Z,2279.05,returned
MYN9366577299,S0047,myntra,WATCH-WHT-FREE,1,C00077,2026-09-24T04:49:34.672Z,1395.55,delivered
OD694832629760,S0028,flipkart,JEANS-GRN-30,2,C02591,2026-09-02T15:54:30.183Z,1366.20,delivered
MYN4687039936,S0008,myntra,JEANS-BLU-34,2,C01071,2026-07-29T12:24:44.878Z,2998.00,delivered
MSH923824725,S0007,meesho,JEANS-YEL-30,2,C02466,2026-08-30T03:10:55.845Z,1218.00,pending
MSH561268063,S0002,meesho,HOODIE-MAR-L,1,C01983,2026-08-16T13:23:59.447Z,-1019.00,delivered
284-0643120-2864548,S0032,amazon,WATCH-BLU-FREE,1,C02389,2026-07-15T06:36:54.389Z,2003.55,delivered
MSH651554807,S0005,meesho,SNEAKER-MAR-7,3,C01211,2026-08-07T00:18:20.476Z,7197.00,delivered
OD364170978882,S0026,flipkart,WATCH-MAR-FREE,5,C02904,2026-08-24T22:59:01.667Z,13345.00,delivered
OD243196312927,S0010,flipkart,SAREE-YEL-FREE,0,C00489,2026-08-28T01:53:19.269Z,1398.00,pending
OD400091121788,S0015,flipkart,SAREE-PNK-FREE,1,C00470,2026-08-01T03:07:27.105Z,799.00,delivered
OD489439572000,S0002,flipkart,HOODIE-MAR-L,4,C02652,2026-09-11T23:41:09.753Z,4076.00,delivered
MSH843664224,S0002,meesho,HOODIE-YEL-M,1,C01187,2026-08-16T00:36:44.138Z,1149.00,confirmed
MYN8031305807,S0003,myntra,SAREE-MAR-FREE,4,C02761,2026-08-26T07:21:01.469Z,5720.40,delivered
848-9361303-1674708,S0020,amazon,JEANS-PNK-34,2,C02564,2026-09-01T19:33:00.389Z,2078.00,delivered
OD281979487097,S0003,flipkart,KURTI-YEL-L,4,C00498,2026-08-12T08:49:31.107Z,2276.00,delivered
501-1887680-4354567,S0045,amazon,WATCH-BLK-FREE,1,C01837,2026-09-11T05:07:38.620Z,3319.00,delivered
MSH816500146,S0002,meesho,HOODIE-MAR-XL,2,C02507,2026-09-04T14:04:42.263Z,1878.00,delivered
188-6558775-1907880,S0046,amazon,SAREE-PNK-FREE,1,C01500,2026-07-21T16:38:24.267Z,1359.00,delivered
182-3331045-4567770,S0001,amazon,HOODIE-PNK-M,3,C01382,2026-09-20T14:16:21.626Z,4797.00,delivered
MYN6390921932,S0004,myntra,KURTI-YEL-M,1,C00176,2026-08-19T08:44:35.608Z,782.10,delivered
MYN6806076936,S0013,myntra,SNEAKER-RED-9,4,C02682,2026-07-17T07:56:33.595Z,9196.00,delivered
719-2210754-3767898,S0001,amazon,HOODIE-GRN-XL,2,C01481,2026-07-24T08:02:34.193Z,3310.20,delivered
OD515394445284,S0003,flipkart,KURTI-WHT-XL,4,C02475,2026-07-15T12:51:18.334Z,1796.00,delivered
MSH293309427,S0026,meesho,HANDBAG-WHT-FREE,1,C00975,2026-09-16T12:32:57.450Z,1219.00,delivered
MSH890044752,S0001,meesho,HOODIE-GRN-XL,1,C02328,2026-08-19T22:16:18.070Z,1747.05,delivered
353-9243038-7546965,S0045,amazon,WATCH-PNK-FREE,2,C02106,2026-08-16T12:10:05.660Z,1312.20,shipped
MSH029893452,S0005,meesho,SNEAKER-BLK-9,1,C00449,2026-09-29T02:03:06.699Z,1389.00,delivered
OD268983062881,S0002,flipkart,HOODIE-MAR-L,3,C02248,2026-09-23T13:19:33.799Z,2904.15,delivered
MYN0553715921,S0008,myntra,JEANS-YEL-32,2,C01397,2026-09-14T23:22:46.263Z,3598.00,delivered
OD343880542202,S0003,flipkart,KURTI-BLK-L,1,C02844,2026-08-21T07:58:09.404Z,692.10,delivered
OD756563529005,S0003,flipkart,KURTI-BLK-L,1,C02206,2026-07-06T23:47:26.026Z,769.00,delivered
253-6884983-9789577,S0001,amazon,HOODIE-GRN-XL,1,C01662,2026-09-29T22:34:33.075Z,1839.00,delivered
OD098337800821,S0010,flipkart,SAREE-WHT-FREE,1,C00971,2026-10-02T13:10:16.681Z,1718.10,delivered
888-6243050-5100722,S0001,amazon,HOODIE-GRN-XL,1,C01407,2026-09-18T14:48:15.410Z,1747.05,delivered
MSH907647123,S0002,meesho,HOODIE-YEL-M,1.5,C01988,2026-07-26T09:15:11.756Z,1149.00,delivered
MSH504588014,S0002,meesho,HOODIE-YEL-M,2,C01922,2026-08-07T20:30:55.882Z,2298.00,delivered
141-5069720-9906106,S0001,amazon,HOODIE-GRN-XL,1,C01435,2026-09-08T09:37:38.622Z,1839.00,cancelled
MYN0158161552,S0008,myntra,JEANS-YEL-32,3,C02416,2026-07-19T06:29:20.156Z,5397.00,delivered
MYN7689423160,S0044,myntra,HOODIE-WHT-M,2,C01789,2026-09-09T20:36:54.479Z,2500.20,confirmed
MSH200800037,S0001,meesho,HOODIE-GRN-XL,1,C00658,2026-10-03T05:41:47.083Z,1655.10,delivered
030-1161268-4618516,S0001,amazon,HOODIE-GRN-XL,4,C01452,2026-08-05T10:23:30.245Z,6988.20,shipped
MSH972117863,S0007,meesho,JEANS-BLU-36,2,C02983,2026-09-25T12:46:53.219Z,2014.20,confirmed
719-4780438-9407547,S0001,amazon,HOODIE-GRN-XL,1,C00728,2026-08-15T02:40:00.372Z,1655.10,cancelled
MSH026643406,S0007,meesho,JEANS-BLU-36,2,C00090,2026-09-04T10:04:56.177Z,2238.00,delivered
OD260756909651,S0002,flipkart,TSHIRT-WHT-M,1,C01129,2026-07-23T14:31:54.642Z,439.00,confirmed
MYN6616000989,S0035,myntra,TSHIRT-GRN-M,1,C02366,2026-08-14T19:23:24.326Z,289.00,delivered
223-2290252-5062800,S0008,amazon,JEANS-BLU-34,2,C01349,2026-09-05T01:08:42.320Z,2998.00,delivered
MSH646354149,S0001,meesho,TSHIRT-GRN-L,4,C01868,2026-08-27T16:42:01.093Z,1956.00,delivered
MSH496213260,S0001,meesho,HOODIE-GRN-XL,1,C01784,2026-08-05T22:42:44.614Z,1839.00,delivered
MYN1251600982,S0004,myntra,KURTI-YEL-M,1,C02378,2026-09-16T08:37:43.584Z,782.10,delivered
MYN6364928822,S0034,myntra,HANDBAG-BLK-FREE,2,C00760,2026-08-10T08:09:06.404Z,1347.10,delivered
MYN6469768942,S0019,myntra,WATCH-YEL-FREE,2,C01486,2026-08-16T15:57:29.750Z,5678.00,delivered
MYN6066472137,S0006,myntra,SNEAKER-MAR-9,1,C01757,2026-09-04T03:54:49.347Z,1929.00,delivered
660-7426364-5838747,S0011,amazon,KURTI-PNK-S,1,C02799,2026-07-14T09:42:01.960Z,369.00,cancelled
711-6890516-4930459,S0001,amazon,TSHIRT-WHT-XL,4,C02591,2026-09-11T23:27:53.649Z,1724.40,delivered
877-2294574-7887708,S0032,amazon,WATCH-GRN-FREE,1,C02710,2026-08-19T17:04:19.178Z,692.55,delivered
MYN0547522376,S0008,myntra,WATCH-YEL-FREE,3,C02641,2026-07-19T04:44:03.021Z,2305.65,delivered
276-3161508-5190059,S0001,amazon,HOODIE-GRN-XL,2,C02820,2026-08-08T07:12:48.180Z,3678.00,delivered
OD479021331371,S0050,flipkart,WATCH-WHT-FREE,5,C00435,2026-08-20T13:06:35.898Z,16192.75,delivered
977-7694726-7149381,S0039,amazon,SAREE-PNK-FREE,1,C01580,2026-08-25T07:07:36.559Z,1385.10,pending
348-3964807-5856154,S0001,amazon,TSHIRT-WHT-XL,1,C02114,2026-10-03T07:53:44.918Z,479.00,delivered
OD299574038051,S0010,flipkart,SAREE-WHT-FREE,1,C00381,2026-09-16T18:23:34.680Z,1909.00,cancelled
418-1617946-7002551,S0009,amazon,HANDBAG-YEL-FREE,4,C00349,2026-08-31T13:42:41.132Z,3236.00,delivered
MYN7927102408,S0006,myntra,SNEAKER-GRN-7,3,C01392,2026-09-24T20:15:04.401Z,2265.30,shipped
MSH546037107,S0001,meesho,TSHIRT-PNK-XL,1,C01321,2026-07-27T15:08:57.930Z,369.00,delivered
571-2353563-0387257,S0050,amazon,WATCH-RED-FREE,5,C00229,2026-09-03T03:10:54.655Z,11545.00,delivered
OD654131260318,S0002,flipkart,HOODIE-YEL-M,2,C02590,2026-07-30T13:34:33.431Z,2298.00,delivered
OD855898693482,S0033,flipkart,SAREE-BLU-FREE,1,C00801,2026-13-45T10:00:00.000Z,1511.10,delivered
MSH183851640,S0001,meesho,TSHIRT-GRN-L,2,C02293,2026-08-16T04:09:24.758Z,929.10,delivered
OD001757165500,S0002,flipkart,HOODIE-YEL-M,5,C00610,2026-09-08T23:50:59.237Z,5745.00,delivered
MSH070570470,S0016,meesho,HANDBAG-RED-FREE,1,C00025,2026-08-20T16:58:25.381Z,445.55,returned
MSH401198664,S0001,meesho,HOODIE-GRN-XL,3,C01488,2026-09-30T03:39:29.116Z,5517.00,delivered
MSH123470382,S0002,meesho,TSHIRT-WHT-M,4,C02907,2026-09-02T09:02:46.451Z,1756.00,delivered
OD945287386474,S0002,flipkart,TSHIRT-GRN-M,4,C02428,2026-07-13T09:57:11.237Z,1956.00,delivered
047-7568235-7241210,S0001,amazon,HOODIE-GRN-XL,1,C00623,2026-08-06T17:11:53.171Z,1839.00,pending
MYN5852806109,S0049,myntra,SAREE-WHT-FREE,1,C01018,2026-08-14T16:52:27.635Z,1739.00,shipped
OD318018154474,S0002,flipkart,HOODIE-BLK-L,3,C01560,2026-08-16T13:19:04.509Z,2751.30,returned
MSH131288729,S0036,meesho,JEANS-PNK-36,3,C02217,2026-08-05T10:02:43.269Z,4467.00,delivered
MYN3941611336,S0003,myntra,SAREE-MAR-FREE,1,C02601,2026-09-24T02:07:22.900Z,1589.00,delivered
313-9964765-8233784,S0034,amazon,HANDBAG-YEL-FREE,4,C00351,2026-09-29T15:00:35.593Z,4746.20,delivered
MYN5254860754,S0003,myntra,SAREE-YEL-FREE,1,C01317,2026-09-27T11:30:38.136Z,1160.10,delivered
OD030417372321,S0036,flipkart,JEANS-PNK-36,2,C00798,2026-07-24T15:33:03.766Z,2680.20,delivered
MSH713357424,S0001,meesho,HOODIE-GRN-XL,4,C01475,2026-09-13T10:21:32.495Z,7356.00,delivered
209-1351139-3530786,S0023,amazon,SAREE-BLU-FREE,1,C00180,2026-08-21T14:14:27.881Z,2231.10,delivered
MYN4590494419,S0048,myntra,HOODIE-BLU-XL,2,C00018,2026-09-15T17:00:05.543Z,1678.00,cancelled
043-9100719-6947039,S0009,amazon,HANDBAG-PNK-FREE,1,C02802,2026-09-26T10:27:08.612Z,1069.00,cancelled
OD072136956067,S0015,flipkart,WATCH-RED-FREE,1,C02410,2026-08-15T00:17:52.812Z,1979.00,delivered
985-5969809-9661215,S0001,amazon,TSHIRT-WHT-XL,2,C00719,2026-08-16T07:30:19.147Z,958.00,confirmed
MYN1500039221,S0004,myntra,KURTI-BLU-S,1,C00974,2026-08-04T11:12:29.820Z,787.55,delivered
MSH311774070,S0002,meesho,HOODIE-YEL-M,1,C02371,2026-09-16T14:20:15.935Z,1034.10,cancelled
MYN6142046710,S0033,myntra,TSHIRT-WHT-L,1,C00089,2026-08-12T10:49:30.702Z,549.00,shipped
MYN6735372176,S0008,myntra,JEANS-YEL-32,4,C01107,2026-07-31T03:24:02.305Z,7196.00,delivered
722-7101381-2375623,S0022,amazon,SNEAKER-WHT-10,1,C01461,2026-07-19T04:57:34.388Z,1369.00,confirmed
407-6589854-0563283,S0001,amazon,TSHIRT-GRN-L,1,C01171,2026-09-05T11:11:17.031Z,489.00,delivered
001-2610114-6363680,S0001,amazon,HOODIE-GRN-XL,1,C02556,2026-09-23T23:39:23.931Z,1839.00,pending
MYN4249795733,S0008,myntra,JEANS-PNK-30,1,C02128,2026-10-03T02:40:21.614Z,1179.00,delivered
OD026030165927,S0003,flipkart,KURTI-YEL-L,4,C00163,2026-09-21T08:06:22.507Z,2276.00,delivered
MSH085614642,S0007,meesho,JEANS-BLU-36,1,C02299,2026-07-25T03:55:27.702Z,1119.00,delivered
OD168890937274,S0010,flipkart,SAREE-WHT-FREE,1,C00167,2026-07-26T14:45:39.152Z,1718.10,delivered
MYN1303712068,S0006,myntra,SNEAKER-YEL-9,1,C00436,2026-09-04T07:08:07.552Z,1304.10,pending
170-1632014-1816472,S0033,amazon,TSHIRT-RED-XL,2,C01897,2026-09-10T05:31:51.720Z,698.00,delivered
MYN1077110150,S0008,myntra,WATCH-YEL-FREE,1,C00378,2026-07-30T03:42:14.219Z,809.00,confirmed
MSH732192696,S0002,meesho,TSHIRT-BLU-XL,2,C01533,2026-07-16T11:13:49.878Z,1222.20,delivered
298-8419372-8386221,S0032,amazon,WATCH-WHT-FREE,3,C02843,2026-09-07T11:15:08.039Z,4827.00,cancelled
418-5972542-0813594,S0043,amazon,HANDBAG-WHT-FREE,4,C02179,2026-07-30T22:17:41.682Z,2236.00,delivered
MYN9458180632,S0041,myntra,TSHIRT-RED-L,3,,2026-08-18T15:03:08.841Z,1428.30,pending
OD726981347880,S0014,flipkart,KURTI-YEL-M,2,C00595,2026-07-08T03:41:53.349Z,1598.00,delivered
MYN5839879222,S0006,myntra,SNEAKER-RED-10,1,C02863,2026-07-10T12:06:08.384Z,2820.55,pending
MSH611436303,S0001,meesho,HOODIE-PNK-M,2,C02426,2026-08-17T06:48:29.549Z,3198.00,delivered
MYN1780375504,S0034,myntra,HANDBAG-BLU-FREE,2,C02647,2026-07-28T12:24:11.577Z,2658.00,delivered
MYN8447648445,S0003,myntra,KURTI-BLK-M,2,C02785,2026-09-07T05:30:56.244Z,1480.10,returned
MYN0481775807,S0015,myntra,SAREE-PNK-FREE,1,C00514,2026-09-13T03:12:21.058Z,799.00,delivered
MYN6500589453,S0006,myntra,SNEAKER-WHT-8,1,C00686,2026-07-21T23:55:24.991Z,1304.10,confirmed
MYN4003509306,S0043,myntra,HANDBAG-GRN-FREE,1,C00530,2026-07-31T11:51:52.537Z,521.10,shipped
OD537777442094,S0002,flipkart,TSHIRT-GRN-M,1,C02258,2026-09-26T11:49:17.481Z,489.00,returned
465-5368309-5143263,S0001,amazon,HOODIE-PNK-M,4,C01439,2026-09-25T12:47:57.296Z,5756.40,delivered
035-5814121-6776179,S0004,amazon,KURTI-MAR-S,2,C02849,2026-07-26T19:43:55.827Z,718.00,delivered
OD856239144684,S0002,flipkart,HOODIE-BLK-L,2,C00111,2026-07-25T13:15:26.009Z,1936.10,delivered
MSH277460615,S0002,meesho,HOODIE-BLK-L,5,C02262,2026-09-27T01:26:00.812Z,5095.00,delivered
124-5264255-8499756,S0001,amazon,HOODIE-GRN-XL,2,C01965,2026-07-12T10:41:13.989Z,3678.00,delivered
MYN0359353581,S0008,myntra,JEANS-YEL-32,2,C01257,2026-09-17T10:05:53.246Z,3598.00,shipped
MSH055345670,S0005,meesho,SNEAKER-RED-10,1,C00502,2026-08-27T23:22:08.191Z,1823.05,confirmed
852-4472951-6309836,S0045,amazon,WATCH-BLK-FREE,2,C00305,2026-07-11T12:34:29.948Z,6638.00,confirmed
MYN0919310866,S0019,myntra,WATCH-WHT-FREE,1,C01226,2026-08-14T21:54:56.816Z,2231.10,delivered
346-4946607-1018258,S0001,amazon,HOODIE-GRN-XL,1,C02663,2026-08-17T10:09:06.150Z,1839.00,delivered
MYN5938692491,S0006,myntra,SNEAKER-RED-10,3,C01479,2026-08-19T20:34:53.605Z,8907.00,delivered
OD900393908847,S0010,flipkart,SAREE-GRN-FREE,1,C00597,2026-09-22T20:26:23.501Z,1469.00,delivered
OD618670199851,S0015,flipkart,SAREE-PNK-FREE,1,C00939,2026-09-28T17:26:11.976Z,799.00,shipped
MYN6216828823,S0049,myntra,SNEAKER-YEL-10,two,C01633,2026-08-27T19:49:09.489Z,2321.10,shipped
MSH533142413,S0002,meesho,TSHIRT-RED-L,1,C00144,2026-08-17T02:39:35.386Z,479.00,delivered
MSH670758278,S0002,meesho,TSHIRT-RED-S,1,C02523,2026-08-10T13:24:55.037Z,379.00,cancelled
MYN6985243156,S0037,myntra,JEANS-BLU-30,1,C02604,2026-09-23T17:25:35.841Z,669.00,delivered
OD122269089301,S0018,flipkart,SAREE-BLK-FREE,4,C00494,2026-10-03T08:20:38.623Z,6276.00,delivered
149-2949832-6402377,S0008,amazon,WATCH-PNK-FREE,1,C00937,2026-08-28T09:42:32.552Z,3419.00,delivered
787-2003856-9700652,S0031,amazon,HOODIE-RED-XL,5,C00208,2026-07-28T06:17:14.164Z,6945.00,returned
OD239019974180,S0025,flipkart,SNEAKER-BLU-9,2,C01165,2026-07-14T10:36:53.641Z,3658.00,delivered
896-4713501-0521527,S0001,amazon,HOODIE-GRN-XL,2,C02489,2026-08-31T02:30:40.973Z,3494.10,confirmed
MYN5920171650,S0035,myntra,TSHIRT-BLK-M,1,C01912,2026-09-22T09:54:48.943Z,620.10,delivered
281-2839939-2251941,S0001,amazon,HOODIE-GRN-XL,3,C02505,2026-08-04T13:18:52.372Z,5517.00,shipped
OD757179630490,S0002,flipkart,TSHIRT-GRN-M,5,C00163,2026-07-07T01:25:06.869Z,2200.50,delivered
MYN5331034085,S0037,myntra,JEANS-RED-36,2,C02306,2026-09-18T09:17:27.639Z,3598.00,delivered
OD220820304659,S0003,flipkart,SAREE-MAR-FREE,2,C01220,2026-10-02T02:42:59.186Z,3178.00,delivered
MSH629728213,S0009,meesho,HANDBAG-BLK-FREE,1,C02522,2026-08-12T10:38:51.959Z,1097.10,cancelled
798-0631894-6967511,S0001,amazon,HOODIE-GRN-XL,2,C00657,2026-07-12T08:19:24.527Z,3678.00,delivered
OD668735847252,S0036,flipkart,JEANS-WHT-30,3,C00265,2026-07-20T13:01:50.150Z,1968.30,delivered
218-9869909-2713167,S0001,amazon,TSHIRT-GRN-L,1,C01001,2026-08-10T01:31:30.979Z,489.00,delivered
MYN3490663034,S0041,myntra,KURTI-RED-XL,2,C01469,2026-07-23T03:54:35.928Z,1038.00,confirmed
OD733494217017,S0002,flipkart,TSHIRT-PNK-XL,1,C00389,2026-09-24T11:37:44.020Z,259.00,delivered
MYN5185219026,S0006,myntra,SNEAKER-YEL-7,2,C00356,2026-09-03T08:43:28.207Z,2778.00,delivered
MYN3886171251,S0038,myntra,TSHIRT-RED-M,1,C00223,2026-07-26T05:56:02.319Z,566.10,delivered
262-6621972-3125551,S0041,amazon,TSHIRT-RED-L,4,C02287,2026-08-01T00:38:08.019Z,1904.40,delivered
MSH673347340,S0002,meesho,HOODIE-YEL-M,3,C01633,2026-08-15T04:39:17.303Z,3447.00,delivered
461-2079492-8616683,S0018,amazon,JEANS-BLK-32,1,C01099,2026-07-14T02:06:50.477Z,969.00,delivered
637-8007092-4655421,S0001,amazon,HOODIE-PNK-M,1,C02766,2026-09-29T22:04:39.090Z,1599.00,delivered
MYN4196809529,S0040,myntra,JEANS-BLU-30,1,C01968,2026-09-17T04:22:12.695Z,1348.05,shipped
OD941341882153,S0002,flipkart,HOODIE-YEL-M,4,C02135,2026-07-23T17:04:52.822Z,4596.00,shipped
842-9136976-6099415,S0001,amazon,HOODIE-GRN-XL,2,C02124,2026-09-11T18:36:08.760Z,3678.00,confirmed
MSH436837554,S0002,meesho,HOODIE-YEL-M,1,C00061,2026-08-18T11:11:06.733Z,1034.10,returned
MYN9220577526,S0006,myntra,SNEAKER-RED-10,2,C02275,2026-09-05T16:58:17.613Z,5938.00,delivered
636-9928671-8105422,S0001,amazon,TSHIRT-WHT-XL,1,C00889,2026-08-23T00:00:56.897Z,479.00,delivered
157-9876534-8663975,S0022,amazon,HOODIE-BLK-XL,1,C02887,2026-09-01T19:50:31.013Z,1339.00,delivered
OD832661053712,S0003,flipkart,SAREE-MAR-FREE,1,C02614,2026-07-23T18:31:15.258Z,1509.55,shipped
OD418005440562,S0025,flipkart,SNEAKER-PNK-7,1,C02373,2026-07-25T23:12:03.314Z,2839.55,delivered
095-6055039-1468566,S0001,amazon,TSHIRT-WHT-XL,2,C00437,2026-08-15T07:17:20.340Z,910.10,delivered
MSH942925062,S0001,meesho,TSHIRT-PNK-XL,3,C01053,2026-07-11T12:59:11.268Z,1107.00,delivered
698-7978834-0377434,S0001,amazon,TSHIRT-WHT-XL,4,C01636,2026-07-09T15:08:21.598Z,1916.00,cancelled
OD654562685421,S0048,flipkart,HOODIE-BLU-XL,2,C02726,2026-09-25T21:38:47.145Z,1594.10,delivered
MSH817705200,S0007,meesho,HOODIE-PNK-XL,1,C00720,2026-08-30T16:02:21.506Z,1589.00,shipped
MYN3188867534,S0050,myntra,WATCH-GRN-FREE,1,C01472,2026-09-20T18:57:27.772Z,529.00,delivered
MYN1067627632,S0004,myntra,KURTI-MAR-S,1,C02780,2026-09-09T20:09:29.983Z,323.10,pending
OD263265993294,S0002,flipkart,HOODIE-MAR-L,1,C00511,2026-07-17T05:09:18.539Z,917.10,delivered
MYN3461642368,S0003,myntra,KURTI-BLK-L,1,C02906,2026-08-27T23:30:32.552Z,692.10,returned
OD576765540785,S0031,flipkart,HOODIE-BLU-L,1,C00075,2026-07-05T18:51:19.951Z,1489.00,delivered
196-5787281-3838470,S0001,amazon,HOODIE-GRN-XL,2,C00176,2026-08-14T18:48:37.718Z,3678.00,shipped
MYN7136742683,S0003,myntra,KURTI-BLK-L,5,C02590,2026-07-16T15:46:51.906Z,3845.00,delivered
MYN3251824415,S0003,myntra,KURTI-BLK-L,5,C02092,2026-07-26T01:08:45.847Z,3845.00,confirmed
MYN0826895176,S0003,myntra,KURTI-WHT-XL,1,C00831,2026-09-15T20:50:57.757Z,449.00,delivered
OD111608070253,S0002,flipkart,HOODIE-MAR-XL,4,C00505,2026-07-27T00:42:39.017Z,3756.00,delivered
140-6919967-8613987,S0021,amazon,SNEAKER-GRN-10,4,C00831,2026-08-03T21:17:23.548Z,8156.00,returned
MYN0396084910,S0047,myntra,WATCH-WHT-FREE,1,C01720,2026-07-13T11:23:18.507Z,1322.10,cancelled
MYN8451331894,S0028,myntra,JEANS-PNK-36,4,C00636,2026-09-19T01:20:44.138Z,4236.00,returned
OD080714474824,S0017,flipkart,KURTI-BLK-XL,3,C02630,2026-10-02T17:09:46.867Z,909.15,delivered
MSH591955503,S0001,meesho,HOODIE-PNK-M,1,C00616,2026-07-10T20:50:43.756Z,1439.10,cancelled
MSH723419272,S0009,meesho,HANDBAG-RED-FREE,1,C00425,2026-07-23T03:16:53.338Z,845.10,delivered
MYN3450454538,S0004,myntra,KURTI-PNK-M,2,C01751,2026-09-18T06:15:26.777Z,628.20,delivered
MSH709342111,S0005,meesho,SNEAKER-MAR-7,2,C00465,2026-08-03T10:15:27.941Z,4798.00,delivered
170-9650481-7020184,S0001,amazon,TSHIRT-WHT-XL,1,C00083,2026-07-13T09:25:08.497Z,479.00,confirmed
OD306284709652,S0024,flipkart,KURTI-RED-XL,1,C01555,2026-08-28T12:08:46.983Z,609.00,cancelled
MSH163834012,S0005,meesho,SNEAKER-PNK-9,2,C01177,2026-08-23T04:43:44.890Z,1838.00,delivered
MYN1331547594,S0006,myntra,SNEAKER-YEL-7,4,C00031,2026-08-18T16:39:17.935Z,5556.00,delivered
MYN9968715198,S0016,myntra,HANDBAG-MAR-FREE,1,C00920,2026-07-17T14:41:34.590Z,1109.00,returned
922-1090269-8636923,S0004,amazon,KURTI-YEL-M,2,C02061,2026-07-28T01:46:30.370Z,1738.00,delivered
MSH032028558,S0002,meesho,TSHIRT-RED-L,2,C01657,2026-09-07T11:19:00.894Z,958.00,shipped
MSH526443894,S0007,meesho,JEANS-GRN-34,3,C01122,2026-08-14T22:59:21.002Z,2157.00,delivered
MYN2861718347,S0040,myntra,JEANS-MAR-30,3,C01163,2026-08-03T23:17:55.761Z,4437.00,delivered
277-1252467-0748489,S0001,amazon,TSHIRT-GRN-L,1,C02165,2026-09-22T12:56:40.427Z,464.55,delivered
OD443643374284,S0002,flipkart,TSHIRT-BLU-XL,1,C02182,2026-09-24T09:49:40.442Z,611.10,delivered
OD766540946237,S0024,flipkart,KURTI-BLK-L,2,C00378,2026-09-20T17:16:04.656Z,808.20,delivered
OD744073325808,S0002,flipkart,HOODIE-BLU-M,1,C01734,2026-07-27T13:22:26.339Z,1929.00,delivered
357-3044802-1311375,S0001,amazon,HOODIE-GRN-XL,4,C02188,2026-09-11T20:13:52.888Z,6620.40,confirmed
MYN1657071713,S0043,myntra,HANDBAG-BLU-FREE,2,C01816,2026-09-10T01:03:57.101Z,2259.10,delivered
OD355433846418,S0048,flipkart,HOODIE-RED-XL,4,C01951,2026-07-27T21:49:39.476Z,3530.20,delivered
983-4215351-2785517,S0027,amazon,SAREE-YEL-FREE,1,C00950,2026-09-12T08:07:47.201Z,1259.10,shipped
OD663182905825,S0003,flipkart,SAREE-MAR-FREE,1,C02267,2026-07-14T18:57:18.432Z,1589.00,returned
206-4833742-3472902,S0032,amazon,WATCH-RED-FREE,1,C02275,2026-09-20T13:20:35.426Z,1839.00,delivered
393-8523511-1832622,S0001,amazon,HOODIE-GRN-XL,1,C00741,2026-08-07T19:15:14.559Z,1839.00,shipped
MYN5847399725,S0006,myntra,SNEAKER-YEL-7,2,C01325,2026-08-07T06:09:06.184Z,2778.00,delivered
MSH542282013,S0002,meesho,TSHIRT-PNK-M,2,C02538,2026-08-29T09:10:00.079Z,1222.20,shipped
OD736784032412,S0003,flipkart,KURTI-YEL-M,5,C02050,2026-08-05T06:25:25.219Z,1645.00,delivered
MSH731865745,S0002,meesho,HOODIE-YEL-M,2,C02706,2026-09-09T20:01:54.284Z,2298.00,delivered
070-6376803-9468946,S0001,amazon,HOODIE-PNK-M,2,C00892,2026-09-07T22:20:07.361Z,3198.00,delivered
319-9298060-1894834,S0001,amazon,HOODIE-GRN-XL,1,C01475,2026-07-10T08:35:58.312Z,1655.10,delivered
OD248878675116,S0002,flipkart,HOODIE-BLK-L,1,C02451,2026-09-18T08:17:57.606Z,917.10,delivered
OD895263641768,S0021,flipkart,SNEAKER-PNK-7,1,C01569,2026-08-13T16:23:22.180Z,2449.00,delivered
OD776421021352,S0017,flipkart,KURTI-WHT-XL,1,C01238,2026-09-15T13:18:13.369Z,540.55,delivered
MSH469861197,S0010,meesho,SAREE-PNK-FREE,3,C01969,2026-08-05T12:43:17.224Z,5607.00,delivered
945-9292279-5378849,S0040,amazon,JEANS-PNK-32,1,C02627,2026-07-13T04:18:01.545Z,616.55,shipped
175-9306155-5862626,S0004,amazon,KURTI-YEL-XL,2,C01989,2026-07-16T12:02:44.317Z,1218.00,delivered
OD184831799347,S0017,flipkart,KURTI-WHT-M,2,C01133,2026-09-23T06:14:23.565Z,1271.10,delivered
MSH892943951,S0007,meesho,HOODIE-YEL-M,1,C01469,2026-08-16T20:00:53.193Z,647.10,shipped
MSH396221408,S0007,meesho,JEANS-YEL-30,2,C02811,2026-09-02T16:05:05.217Z,1218.00,delivered
OD093958691280,S0002,flipkart,TSHIRT-WHT-M,2,C02331,2026-08-11T23:31:06.820Z,878.00,delivered
395-9119845-9562474,S0001,amazon,HOODIE-GRN-XL,2,C02600,2026-09-07T05:24:46.905Z,3678.00,returned
MSH372317342,S0002,meesho,HOODIE-YEL-M,1,C01497,2026-09-13T01:30:37.416Z,1034.10,delivered
OD723634695160,S0003,flipkart,KURTI-BLK-L,1,C00842,2026-09-03T01:22:43.049Z,692.10,confirmed
856-3158695-3974213,S0048,amazon,HOODIE-MAR-XL,1,C00008,2026-10-02T05:41:37.809Z,1209.00,pending
MYN2827239941,S0003,myntra,KURTI-GRN-L,0,C02300,2026-08-18T14:54:47.311Z,1320.30,delivered
697-8770596-0768176,S0044,amazon,HOODIE-PNK-M,2,C01058,2026-07-07T14:21:14.703Z,2698.00,delivered
OD181555726146,S0042,flipkart,KURTI-PNK-M,1,C01489,2026-08-16T01:53:42.032Z,566.10,returned
MYN6253268270,S0004,myntra,KURTI-MAR-S,1,C01675,2026-08-02T16:56:33.381Z,341.05,cancelled
MYN6891394164,S0006,myntra,SNEAKER-RED-10,1,C01981,2026-08-19T20:53:19.496Z,2969.00,delivered
455-9442057-0601448,S0004,amazon,KURTI-YEL-XL,3,C01918,2026-07-16T00:04:25.174Z,1644.30,delivered
MSH145314503,S0009,meesho,HANDBAG-PNK-FREE,2,C01740,2026-09-29T09:14:21.321Z,2138.00,returned
OD251806978575,S0002,flipkart,HOODIE-YEL-M,1,C00897,2026-08-16T08:35:00.027Z,1091.55,delivered
331-7183867-7877427,S0012,amazon,KURTI-PNK-XL,1,C02998,2026-07-24T03:55:58.719Z,589.00,delivered
MYN6208408725,S0014,myntra,KURTI-YEL-S,1,C00605,2026-07-24T17:15:40.337Z,314.10,delivered
MSH958045968,S0001,meesho,HOODIE-GRN-XL,1,C01867,2026-08-10T19:25:28.066Z,1839.00,delivered
MYN8390636383,S0041,myntra,TSHIRT-RED-L,2,C02390,2026-07-15T07:40:49.713Z,1058.00,delivered
MSH765413428,S0002,meesho,HOODIE-BLK-L,1,C01374,2026-08-09T22:07:25.026Z,917.10,confirmed
OD842593441837,S0010,flipkart,SAREE-GRN-FREE,4,C02056,2026-08-12T11:12:50.382Z,5876.00,delivered
MYN3853711689,S0035,myntra,WATCH-WHT-FREE,1,C02289,2026-09-27T21:09:01.808Z,1690.05,confirmed
370-0460476-0705496,S0041,amazon,TSHIRT-RED-L,1,C01719,2026-07-22T19:55:19.223Z,529.00,delivered
273-9450294-9475343,S0041,amazon,KURTI-RED-XL,1,C02600,2026-07-14T18:16:51.483Z,519.00,delivered
OD123432634765,S0009,flipkart,HANDBAG-RED-FREE,5,C00635,2026-07-27T03:45:55.449Z,4695.00,delivered
110-6269688-0151042,S0008,amazon,JEANS-BLU-34,1,C02532,2026-07-20T00:26:57.992Z,1349.10,returned
991-3892918-7684100,S0012,amazon,KURTI-YEL-M,4,C01216,2026-09-01T08:23:02.517Z,2846.20,delivered
OD922773913788,S0028,flipkart,JEANS-BLU-30,3,C00640,2026-09-24T10:37:04.651Z,3867.00,pending
194-3481176-1183257,S0012,amazon,KURTI-YEL-M,1,C00789,2026-09-16T16:40:02.142Z,749.00,delivered
310-3865370-2238663,S0016,amazon,HANDBAG-PNK-FREE,4,C00427,2026-09-21T14:37:10.318Z,2086.20,delivered
850-3357914-7551926,S0020,amazon,JEANS-RED-32,3,C00442,not-a-date,3597.00,delivered
587-7719651-2434825,S0011,amazon,KURTI-YEL-XL,1,C00068,2026-09-28T16:29:53.218Z,319.00,confirmed
OD127312929329,S0010,flipkart,SAREE-PNK-FREE,4,C00895,2026-07-21T23:59:03.484Z,7476.00,delivered
MSH587200559,S0027,meesho,SAREE-MAR-FREE,1,C00346,2026-07-25T23:11:54.037Z,1975.05,pending
MYN7164941256,S0016,myntra,HANDBAG-MAR-FREE,3,C01144,2026-08-23T20:58:57.893Z,2994.30,delivered
MYN7576673800,S0003,myntra,KURTI-BLK-M,1,C01788,2026-08-09T13:25:38.997Z,701.10,delivered
OD064368257384,S0003,flipkart,KURTI-BLK-L,1,C01782,2026-08-11T08:40:42.641Z,769.00,delivered
OD043047330950,S0042,flipkart,KURTI-WHT-S,1,C00260,2026-08-02T23:54:03.841Z,609.00,delivered
MYN4352843843,S0003,myntra,KURTI-PNK-XL,1,C02044,2026-09-07T11:44:11.960Z,789.00,delivered
MYN4568635106,S0049,myntra,SNEAKER-RED-9,1,C01397,2026-07-28T07:08:34.641Z,839.00,delivered
MYN3300651368,S0006,myntra,SNEAKER-RED-10,2,C02568,2026-08-26T10:19:37.880Z,5938.00,delivered
086-8628605-3445464,S0012,amazon,KURTI-BLU-XL,4,C00760,2026-08-13T14:31:50.254Z,3436.00,delivered
OD468026091091,S0002,flipkart,HOODIE-MAR-L,1,C02596,2026-09-22T10:51:31.778Z,917.10,delivered
MSH306465247,S0005,meesho,SNEAKER-WHT-10,4,C00742,2026-10-01T08:02:26.603Z,10760.40,confirmed
068-1637501-5420149,S0001,amazon,TSHIRT-PNK-XL,2,C01472,2026-09-14T09:47:12.480Z,701.10,confirmed
MYN6397325689,S0004,myntra,KURTI-BLU-S,3,C02172,2026-07-22T15:12:00.187Z,2487.00,delivered
OD624858740576,S0050,flipkart,WATCH-WHT-FREE,2,C00869,2026-08-02T12:42:46.383Z,6818.00,shipped
MYN2631102799,S0008,myntra,JEANS-BLK-36,1,C01003,2026-07-06T10:10:36.534Z,799.00,delivered
MSH196929780,S0001,meesho,HOODIE-GRN-XL,1,C01162,2026-07-07T07:07:40.219Z,1839.00,shipped
MSH017761190,S0029,meesho,SNEAKER-BLK-10,1,C02646,2026-07-16T02:30:36.859Z,1559.00,delivered
MSH079551483,S0002,meesho,HOODIE-BLK-L,1,C02236,2026-09-11T18:44:43.570Z,1019.00,confirmed
MSH600201891,S0002,meesho,HOODIE-BLK-L,2,C02239,2026-08-17T10:37:50.585Z,2038.00,delivered
MSH161830668,S0039,meesho,HANDBAG-YEL-FREE,3,C00856,2026-08-30T12:08:56.039Z,1963.65,pending
OD076312466382,S0009,flipkart,HANDBAG-MAR-FREE,3,C00002,2026-07-11T18:59:31.673Z,2106.15,delivered
MYN1117187262,S0003,myntra,KURTI-WHT-XL,1,C01379,2026-08-26T13:11:18.439Z,426.55,delivered
526-3145706-7712214,S0001,amazon,TSHIRT-WHT-XL,1,C01811,2026-07-14T21:44:11.025Z,479.00,delivered
OD389494196242,S0026,flipkart,WATCH-GRN-FREE,2,C01896,2026-07-20T18:31:41.624Z,1276.20,delivered
MSH969604482,S0009,meesho,HANDBAG-YEL-FREE,1,C01735,2026-08-10T14:57:26.689Z,809.00,returned
MYN4753647623,S0006,myntra,SNEAKER-RED-10,1,C00455,2026-07-16T06:28:47.480Z,2820.55,shipped
689-8331916-8842275,S0004,amazon,KURTI-YEL-XL,1,C02623,2026-08-28T07:28:35.398Z,609.00,delivered
MSH209999383,S0001,meesho,HOODIE-PNK-M,1,C02266,2026-08-03T13:40:24.459Z,1439.10,delivered
OD394117369606,S0002,flipkart,HOODIE-BLK-L,4,C00157,2026-07-29T03:17:16.055Z,4076.00,confirmed
MYN1300704341,S0029,myntra,SNEAKER-RED-7,1,C01377,2026-08-24T03:38:49.087Z,2725.55,confirmed
OD629263618331,S0017,flipkart,KURTI-WHT-XL,2,C00430,2026-07-14T22:45:26.494Z,1024.20,cancelled
OD480076978206,S0042,flipkart,KURTI-WHT-S,1,C00076,2026-09-02T12:16:47.782Z,609.00,returned
828-1644387-2727322,S0050,amazon,SAREE-GRN-FREE,1,C02932,2026-08-16T17:20:39.725Z,1519.00,delivered
MSH387472448,S0009,meesho,HANDBAG-BLU-FREE,2,C02649,2026-08-10T06:07:21.996Z,2958.00,confirmed
OD174354993261,S0037,flipkart,JEANS-PNK-36,2,C02275,2026-07-31T03:16:09.202Z,1818.00,delivered
MSH397638854,S0001,meesho,HOODIE-GRN-XL,1,C01294,2026-08-24T02:54:11.845Z,1839.00,delivered
203-2573949-6055293,S0004,amazon,KURTI-YEL-XL,2,C00304,2026-09-28T02:47:11.274Z,1157.10,delivered
MYN8940454126,S0008,myntra,JEANS-BLU-34,2,C02618,2026-09-26T20:10:41.013Z,2998.00,delivered
MSH414763149,S0011,meesho,KURTI-RED-L,1,C00377,2026-08-15T20:25:00.165Z,557.10,cancelled
OD320770451393,S0003,flipkart,KURTI-BLK-M,1,C01626,2026-08-11T03:17:27.916Z,740.05,delivered
MSH560927288,S0001,meesho,TSHIRT-WHT-XL,1,C00026,2026-09-25T09:47:25.338Z,431.10,pending
219-2939606-1357308,S0001,amazon,HOODIE-GRN-XL,1,C02131,2026-08-13T04:17:47.231Z,1839.00,delivered
MSH440747053,S0027,meesho,SAREE-RED-FREE,1,C02587,2026-09-18T14:49:03.412Z,2069.00,confirmed
289-5056998-6021179,S0001,amazon,TSHIRT-WHT-XL,5,C02363,2026-08-24T18:34:24.295Z,2395.00,delivered
MSH007862868,S0029,meesho,SNEAKER-RED-7,1,C01740,2026-07-19T12:08:25.747Z,2869.00,delivered
MYN3963187993,S0040,myntra,JEANS-MAR-36,2,C01788,2026-07-17T23:01:54.545Z,2438.00,delivered
MSH204755052,S0001,meesho,TSHIRT-WHT-XL,2,C01679,2026-08-04T18:44:14.669Z,958.00,delivered
OD484938630358,S0002,flipkart,HOODIE-BLK-L,1,C00964,2026-07-15T15:06:31.422Z,1019.00,delivered
OD695770876833,S0003,flipkart,KURTI-BLK-L,1,C02308,2026-09-15T06:42:40.849Z,692.10,delivered
MYN0394233725,S0006,myntra,SNEAKER-RED-10,2,C02104,2026-07-28T22:34:56.556Z,5641.10,confirmed
OD638488061990,S0024,flipkart,JEANS-RED-36,2,C01764,2026-08-27T08:43:42.195Z,1438.207,returned
601-5460106-3987582,S0001,amazon,HOODIE-GRN-XL,5,C01618,2026-09-14T08:19:54.610Z,9195.00,cancelled
884-1543004-4412479,S0001,amazon,HOODIE-GRN-XL,3,C02119,2026-08-12T08:14:55.719Z,5517.00,cancelled
MYN1124692733,S0003,myntra,KURTI-MAR-XL,1,C02970,2026-09-05T05:18:43.736Z,559.55,delivered
MYN1894452672,S0019,myntra,WATCH-GRN-FREE,1,C01816,2026-10-02T21:31:58.549Z,2479.00,delivered
495-1247178-1238863,S0001,amazon,TSHIRT-WHT-XL,1,C02594,2026-09-17T13:37:27.736Z,479.00,confirmed
209-6327560-7555488,S0001,amazon,HOODIE-GRN-XL,1,C00018,2026-08-30T13:05:13.865Z,1747.05,confirmed
MSH039847054,S0002,meesho,HOODIE-YEL-M,1,C02569,2026-09-29T02:54:07.061Z,1149.00,pending
MSH205067587,S0029,meesho,SNEAKER-RED-7,4,C01175,2026-09-19T11:07:30.336Z,10328.40,returned
510-2105793-1357657,S0040,amazon,JEANS-BLU-34,4,C02070,2026-09-16T19:32:03.636Z,3876.00,delivered
057-8356338-4003117,S0001,amazon,HOODIE-GRN-XL,3,C01985,2026-08-12T02:34:13.341Z,5241.15,delivered
OD094837339770,S0026,flipkart,WATCH-MAR-FREE,5,C00779,2026-09-06T20:42:02.177Z,13345.00,delivered
OD473952716088,S0024,flipkart,JEANS-YEL-30,1,C02193,2026-07-17T02:45:54.749Z,635.55,delivered
MSH447583631,S0002,meesho,HOODIE-MAR-L,3,C02433,2026-09-23T08:15:52.354Z,3057.00,delivered
OD759795121539,S0050,flipkart,SAREE-GRN-FREE,2,C01023,2026-07-09T08:33:27.454Z,3038.00,delivered
OD842905291691,S0003,flipkart,KURTI-MAR-M,1,C00442,2026-08-31T22:58:13.012Z,521.10,delivered
MSH356459827,S0005,meesho,SNEAKER-BLU-8,2,C00733,2026-09-29T23:57:26.210Z,5518.00,delivered
OD040781503310,S0024,flipkart,JEANS-MAR-36,1,C01705,2026-08-27T22:33:12.923Z,797.05,delivered
824-7143693-9951069,S0004,amazon,KURTI-BLU-S,1,C00130,2026-07-26T03:49:32.630Z,829.00,delivered
125-5219107-9508834,S0004,amazon,KURTI-YEL-XL,2,C01937,2026-08-04T11:43:26.502Z,1096.20,shipped
MSH544378044,S0001,meesho,TSHIRT-WHT-XL,3,C00138,2026-07-23T13:05:21.397Z,1365.15,pending
013-1962236-7187537,S0001,amazon,HOODIE-GRN-XL,2,C01019,2026-07-29T04:17:46.043Z,3494.10,delivered
OD354024535919,S0003,flipkart,KURTI-YEL-L,1,C00971,2026-08-15T15:39:52.735Z,569.00,delivered
OD807780816958,S0010,flipkart,SAREE-WHT-FREE,1,C01198,2026-07-11T11:58:00.818Z,1909.00,cancelled
MYN0430616553,S0047,myntra,KURTI-BLU-L,1,C00102,2026-07-09T19:32:42.075Z,379.00,delivered
694-9167364-3699465,S0032,amazon,WATCH-BLU-FREE,3,C01962,2026-07-15T08:55:19.128Z,6327.00,returned
OD246360279367,S0010,flipkart,SAREE-WHT-FREE,1,C01473,2026-08-20T19:02:42.225Z,1909.00,delivered
OD282236186210,S0010,flipkart,SAREE-WHT-FREE,4,C01001,2026-09-16T00:29:58.728Z,7254.20,delivered
MYN7092075736,S0035,myntra,WATCH-YEL-FREE,1,C01315,2026-07-09T01:28:09.296Z,1475.10,cancelled
OD088468758055,S0025,flipkart,SNEAKER-PNK-7,2,C02922,2026-07-20T20:26:38.284Z,5380.20,confirmed
OD055382473831,S0026,flipkart,HANDBAG-GRN-FREE,1,C00987,2026-08-23T08:17:59.551Z,509.00,cancelled
MSH435157789,S0002,meesho,HOODIE-BLK-L,3,C00591,2026-07-25T18:39:04.681Z,3057.00,delivered
MYN4153196171,S0008,myntra,JEANS-PNK-30,3,C01235,2026-08-18T05:21:44.581Z,3537.00,delivered
125-4181414-5642090,S0001,amazon,HOODIE-GRN-XL,3,C02273,2026-07-16T14:35:47.256Z,5517.00,confirmed
OD322241345951,S0002,flipkart,TSHIRT-BLU-XL,1,C02970,2026-07-18T19:20:26.249Z,679.00,delivered
MSH463037643,S0002,meesho,HOODIE-YEL-M,2,C02489,2026-07-12T06:10:23.381Z,2068.20,delivered
XXXXXXXXXXXXXXXXXXXXXXXXXXXXXXXXXXXXXXXXXXXXXXXXXXXXXXXXXXXXXXXXXXXXXX,S0003,myntra,KURTI-BLK-L,1,C02167,2026-07-31T05:34:59.251Z,692.10,delivered
935-2196060-4192875,S0001,amazon,HOODIE-PNK-M,3,C00972,2026-08-27T04:07:33.053Z,4797.00,confirmed
MSH291774252,S0001,meesho,HOODIE-GRN-XL,3,C00004,2026-09-17T19:56:14.461Z,5517.00,returned
194-8427604-4864801,S0012,amazon,KURTI-BLU-XL,2,C01939,2026-07-11T20:17:52.450Z,1718.00,delivered
MSH254711392,S0007,meesho,JEANS-BLU-36,1,C00648,2026-09-18T14:36:25.021Z,1063.05,delivered
OD910574074709,S0002,flipkart,HOODIE-BLK-L,1,C02804,2026-07-10T16:32:43.360Z,968.05,delivered
OD727557153788,S0026,flipkart,WATCH-YEL-FREE,1,C02081,2026-07-16T04:55:02.405Z,1119.00,confirmed
MSH730704680,S0001,meesho,HOODIE-GRN-XL,3,C02202,2026-07-08T16:08:30.047Z,5517.00,delivered
MYN2662777669,S0019,myntra,WATCH-BLK-FREE,1,C02269,2026-08-03T12:04:15.100Z,1469.00,delivered
370-0278420-8630407,S0001,amazon,HOODIE-GRN-XL,1,C02313,2026-08-09T05:46:11.080Z,1655.10,delivered
833-2583034-1993232,S0001,amazon,HOODIE-PNK-M,1,C00255,2026-07-07T04:49:59.757Z,1519.05,delivered
064-8740737-5825675,S0008,amazon,JEANS-BLK-36,2,C02949,2026-09-25T17:10:21.187Z,1598.00,delivered
OD444938380047,S0002,flipkart,HOODIE-MAR-L,1,C01919,2026-08-13T06:13:31.502Z,1019.00,delivered
MYN0613956591,S0047,myntra,KURTI-BLK-L,1,C00223,2026-09-21T22:49:46.201Z,329.00,pending
OD090997990557,S0003,flipkart,SAREE-MAR-FREE,1,C00749,2026-09-11T00:57:47.909Z,1509.55,delivered
MYN6579909677,S0049,myntra,SAREE-WHT-FREE,3,C01799,2026-08-17T19:48:13.749Z,5217.00,cancelled
OD626740502762,S0026,flipkart,WATCH-MAR-FREE,1,C00808,2026-08-06T06:02:03.589Z,2669.00,delivered
MSH055746470,S0005,meesho,SNEAKER-BLU-7,2,C01778,2026-07-21T06:20:11.035Z,4691.10,delivered
OD086071291714,S0002,flipkart,HOODIE-BLU-M,1,C02200,2026-07-24T12:55:55.239Z,1929.00,delivered
206-8974349-5043665,S0037,amazon,JEANS-BLK-36,2,C00004,2026-09-24T00:41:36.327Z,2238.00,shipped
MYN2673130174,S0041,myntra,TSHIRT-YEL-S,5,C00299,2026-07-26T15:15:04.294Z,2795.00,delivered
MSH455188135,S0007,meesho,HOODIE-YEL-M,2,C00105,2026-07-07T21:13:53.174Z,1366.10,confirmed
MSH338021283,S0026,meesho,WATCH-YEL-FREE,1,C01590,2026-08-14T01:54:51.547Z,1119.00,cancelled
MYN8988358895,S0003,myntra,SAREE-MAR-FREE,3,C00701,2026-07-26T04:01:34.549Z,4767.00,cancelled
537-6262993-0129508,S0004,amazon,KURTI-YEL-S,2,C01277,2026-09-29T20:30:31.857Z,556.20,delivered
194-1457278-0006087,S0009,amazon,HANDBAG-BLU-FREE,2,C02655,2026-09-15T06:52:50.574Z,2958.00,delivered
OD898127180360,S0026,flipkart,WATCH-MAR-FREE,2,C00734,2026-07-05T16:55:38.703Z,5071.10,delivered
852-3607379-5606465,S0050,amazon,WATCH-WHT-FREE,1,C02452,2026-08-16T01:15:11.174Z,3238.55,confirmed
OD321126933439,S0010,flipkart,HANDBAG-WHT-FREE,1,C00002,2026-07-07T08:53:49.662Z,656.10,returned
155-3596320-2934815,S0001,amazon,HOODIE-GRN-XL,1,C00007,2026-09-27T01:59:59.233Z,1839.00,cancelled
761-0751225-4743202,S0048,amazon,HOODIE-BLU-XL,2,C02405,2026-07-15T22:36:13.172Z,1678.00,shipped
062-6336389-6932692,S0001,amazon,HOODIE-GRN-XL,1,C02268,2026-07-19T14:53:44.414Z,1839.00,delivered
531-3311161-6386114,S0018,amazon,JEANS-MAR-34,1,C02999,2026-09-18T05:40:18.801Z,901.55,delivered
OD328845722443,S0024,flipkart,JEANS-YEL-30,2,C02591,2026-08-28T04:56:26.230Z,1338.00,delivered
731-5801214-2110848,S0004,amazon,KURTI-PNK-M,4,C00992,2026-09-12T06:21:32.343Z,1396.00,confirmed
MYN7835544263,S0050,myntra,WATCH-GRN-FREE,2,C00217,2026-08-16T19:32:22.925Z,1058.00,delivered
MSH204583848,S0007,meesho,HOODIE-YEL-M,1,C00102,2026-08-14T11:26:17.711Z,683.05,delivered
035-1134816-1992774,S0001,amazon,HOODIE-GRN-XL,1,C00576,2026-09-06T00:43:50.333Z,1655.10,delivered
MSH852650172,S0005,meesho,SNEAKER-RED-10,2,C01633,2026-07-21T04:22:00.259Z,3646.10,delivered
OD002639081185,S0002,flipkart,HOODIE-MAR-L,3,C00450,2026-07-27T22:09:09.330Z,3057.00,delivered
MYN1078645783,S0004,myntra,KURTI-MAR-L,1,C01641,2026-07-06T17:39:57.703Z,309.00,delivered
MSH279518177,S0002,meesho,HOODIE-BLK-L,1,C00183,2026-09-10T18:58:50.369Z,1019.00,delivered
MSH384818894,S0002,meesho,HOODIE-BLK-L,2,C02442,2026-07-24T03:02:13.908Z,2038.00,delivered
663-4230230-5288083,S0012,amazon,KURTI-PNK-XL,1,C01331,2026-09-12T13:31:15.363Z,530.10,confirmed
280-0621104-5697501,S0022,amazon,SNEAKER-WHT-10,1,C00135,2026-10-02T01:19:23.235Z,1369.00,confirmed
333-8198199-2940422,S0048,amazon,HOODIE-YEL-L,4,C02830,2026-08-11T05:36:58.139Z,7916.00,delivered
543-3845954-1664434,S0001,amazon,TSHIRT-GRN-L,1,C01969,2026-07-15T17:21:31.570Z,464.55,delivered
MYN8960240012,S0004,myntra,KURTI-YEL-S,4,C00052,2026-07-13T13:25:52.483Z,1236.00,confirmed
OD215387611920,S0024,flipkart,JEANS-RED-36,1,C00854,2026-09-20T09:40:58.871Z,719.10,delivered
OD800463558336,S0018,flipkart,JEANS-RED-30,1,C01692,2026-09-10T06:29:10.892Z,1115.10,pending
MSH215351475,S0002,meesho,HOODIE-BLK-L,1,C02632,2026-09-05T21:31:52.554Z,917.10,delivered
MSH016976251,S0007,meesho,HOODIE-BLU-L,1,C02213,2026-07-28T03:58:33.479Z,930.05,delivered
MYN9988744111,S0006,myntra,SNEAKER-MAR-9,1,C02185,2026-07-26T00:33:29.122Z,1832.55,cancelled
OD330580485123,S0010,flipkart,SAREE-GRN-FREE,1,C02369,2026-09-27T03:52:50.189Z,1395.55,delivered
MYN2510677609,S0039,myntra,HANDBAG-BLK-FREE,2,C01481,2026-10-03T08:05:07.763Z,1618.00,delivered
315-7712897-0332943,S0001,amazon,HOODIE-GRN-XL,2,C02381,2026-10-01T16:51:55.214Z,3494.10,cancelled
OD197683701513,S0031,flipkart,SNEAKER-RED-8,2,C00234,2026-07-31T05:38:58.260Z,2578.00,delivered
MSH949353241,S0001,meesho,TSHIRT-PNK-XL,1,C01886,2026-08-03T00:33:28.072Z,369.00,confirmed
925-5354424-3769272,S0026,amazon,WATCH-MAR-FREE,4,C00118,2026-09-20T21:16:06.786Z,9608.40,shipped
834-1299060-5536092,S0011,amazon,KURTI-BLU-M,3,C01426,2026-09-12T21:05:01.009Z,1995.30,delivered
234-5850065-3062217,S0001,amazon,TSHIRT-PNK-XL,1,C01928,2026-09-23T19:26:47.655Z,369.00,delivered
OD153410298203,S0003,flipkart,KURTI-YEL-M,1,C00396,2026-08-06T07:12:20.947Z,329.00,delivered
MYN3942994125,S0023,myntra,SAREE-PNK-FREE,4,C01510,2026-09-19T03:37:46.534Z,7520.40,delivered
OD357699277592,S0003,flipkart,KURTI-BLK-L,2,C02927,2026-09-23T02:53:31.247Z,1538.00,pending
OD943909778950,S0031,flipkart,SNEAKER-WHT-7,1,C02134,2026-08-12T15:57:45.562Z,1039.00,delivered
OD318883806976,S0003,flipkart,KURTI-BLK-L,1,C00259,2026-08-23T17:59:30.973Z,769.00,delivered
080-9902067-7426290,S0050,amazon,WATCH-WHT-FREE,3,C00833,2026-09-10T06:45:25.952Z,10227.00,delivered
249-1961443-5554619,S0025,amazon,SNEAKER-YEL-10,1,C02539,2026-09-24T11:33:52.069Z,1679.00,cancelled
OD669815805939,S0026,flipkart,WATCH-YEL-FREE,3,C01883,2026-07-22T06:33:03.447Z,3357.00,delivered
OD039688015234,S0028,flipkart,JEANS-GRN-36,1,C01709,2026-07-29T11:27:22.589Z,719.10,delivered
877-0738130-8776668,S0045,amazon,WATCH-BLU-FREE,5,C00491,2026-09-30T08:24:37.189Z,4090.50,delivered
MYN8204972261,S0019,myntra,WATCH-RED-FREE,3,C02046,2026-07-18T18:42:16.637Z,9015.30,delivered
MYN0979802912,S0041,myntra,TSHIRT-WHT-XL,2,C00532,2026-07-28T15:14:56.170Z,838.00,cancelled
OD351028612568,S0034,flipkart,HANDBAG-BLU-FREE,2,C01311,2026-09-20T17:13:35.775Z,2525.10,delivered
318-0572200-7173508,S0009,amazon,HANDBAG-WHT-FREE,2,C01428,2026-08-27T15:15:52.833Z,2958.00,delivered
MYN9539406312,S0004,myntra,KURTI-YEL-XL,5,C02603,2026-09-20T12:53:55.650Z,3045.00,delivered
OD090231017146,S0010,flipkart,SAREE-MAR-FREE,2,C00306,2026-08-06T03:53:53.396Z,2122.20,delivered
303-5390656-0098671,S0001,amazon,HOODIE-GRN-XL,3,C02551,2026-08-24T03:23:22.300Z,5517.00,delivered
MYN9459160320,S0019,myntra,WATCH-BLK-FREE,1,C01486,2026-08-11T10:10:51.615Z,1322.10,delivered
MYN8054390977,S0014,myntra,KURTI-WHT-XL,2,C01260,2026-07-21T19:45:05.381Z,998.00,delivered
641-1742200-1845988,S0022,amazon,SNEAKER-WHT-10,2,C01451,2026-09-30T02:10:35.522Z,2738.00,shipped
MYN4292117741,S0004,myntra,KURTI-MAR-L,3,C02738,2026-10-02T12:20:43.268Z,927.00,delivered
MYN2773028543,S0003,myntra,SAREE-MAR-FREE,1,C01786,2026-09-18T22:32:35.028Z,1430.10,delivered
OD120481101538,S0003,flipkart,KURTI-WHT-XL,5,C01959,2026-08-24T15:49:38.435Z,2245.00,confirmed
MYN6143753597,S0029,myntra,SNEAKER-BLK-10,1,C02326,2026-07-16T06:10:08.118Z,1481.05,delivered
MYN4833300739,S0003,myntra,SAREE-MAR-FREE,2,C00576,2026-07-18T14:36:01.212Z,3178.00,delivered
OD188250713348,S0038,flipkart,SNEAKER-BLU-8,5,C00570,2026-09-19T06:31:41.826Z,7295.00,delivered
240-2563234-5695400,S0046,amazon,SAREE-RED-FREE,1,C02718,2026-07-11T04:58:58.294Z,1549.00,delivered
570-1266616-9846036,S0025,amazon,SNEAKER-PNK-8,2,C01132,2026-08-06T16:58:49.248Z,2335.10,delivered
OD980828259860,S0002,flipkart,TSHIRT-WHT-M,2,C01002,2026-09-25T13:05:04.645Z,790.20,delivered
534-1754619-9258706,S0044,amazon,HOODIE-WHT-M,5,C02884,2026-09-28T21:38:05.597Z,6945.00,delivered
MYN5918119292,S0048,myntra,HOODIE-YEL-M,4,C00168,2026-09-22T23:35:48.030Z,3276.00,delivered
OD495029256536,S0003,flipkart,KURTI-BLK-L,2,C01395,2026-09-19T09:10:53.577Z,1384.20,cancelled
MSH523848124,S0007,meesho,HOODIE-WHT-L,1,C00786,2026-09-20T13:28:13.484Z,1149.00,delivered
OD393193168474,S0010,flipkart,SAREE-YEL-FREE,4,C00101,2026-09-06T15:31:11.852Z,2796.00,delivered
MSH276965810,S0027,meesho,SAREE-GRN-FREE,1,C02789,2026-09-24T06:55:37.200Z,2139.00,delivered
MSH836316513,S0001,meesho,TSHIRT-PNK-XL,1,C00383,2026-09-09T12:08:31.459Z,369.00,shipped
MSH651554819,S0002,meesho,TSHIRT-RED-S,2,C00485,2026-09-28T18:32:33.214Z,758.00,delivered
105-6005329-0353387,S0004,amazon,KURTI-MAR-L,1,C02303,2026-09-12T08:29:31.091Z,309.00,delivered
MSH862112382,S0005,meesho,SNEAKER-MAR-7,5,C01580,2026-09-06T14:02:06.799Z,11995.00,returned
088-7155881-0703054,S0001,amazon,TSHIRT-PNK-XL,1,C01420,2026-09-19T00:29:18.871Z,369.00,delivered
OD857990019814,S0010,flipkart,SAREE-YEL-FREE,1,C00041,2026-09-01T18:04:53.782Z,699.00,delivered
OD404150676919,S0042,flipkart,WATCH-BLU-FREE,3,C01159,2026-08-17T20:25:17.769Z,5367.00,delivered
908-8251133-6032968,S0045,amazon,WATCH-BLU-FREE,1,C01566,2026-08-24T06:44:07.417Z,909.00,shipped
MSH397588663,S0002,meesho,HOODIE-YEL-M,1,C00452,2026-08-22T10:14:26.815Z,1149.00,pending
OD389858616017,S0024,flipkart,JEANS-RED-36,3,C00765,2026-07-21T00:01:36.242Z,2397.00,delivered
OD045814297070,S0003,flipkart,KURTI-MAR-M,1,C01021,2026-07-14T17:09:29.261Z,521.10,delivered
OD033068924566,S0024,flipkart,JEANS-RED-36,3,C00430,2026-09-19T03:13:29.797Z,2397.00,delivered
OD992202355838,S0010,flipkart,HANDBAG-WHT-FREE,1,C02054,2026-09-09T03:53:27.578Z,729.00,delivered
874-5618339-0577364,S0004,amazon,KURTI-YEL-S,1,C01242,2026-07-08T02:20:30.194Z,309.00,delivered
OD056295044290,S0033,flipkart,SAREE-BLU-FREE,1,C00861,2026-09-20T19:02:29.528Z,1679.00,delivered
OD858779999796,S0026,flipkart,WATCH-GRN-FREE,1,C01692,2026-08-02T00:28:54.679Z,638.10,cancelled
MSH992632813,S0023,meesho,SAREE-BLU-FREE,4,C01929,2026-09-04T15:03:36.132Z,-9916.00,pending
MSH213451516,S0016,meesho,HANDBAG-BLK-FREE,1,C00002,2026-09-10T02:48:36.286Z,1079.00,delivered
MYN3442318045,S0008,myntra,JEANS-YEL-32,1,C02823,2026-08-31T02:00:17.913Z,1799.00,delivered
OD570815343972,S0002,flipkart,HOODIE-YEL-M,1,C00469,2026-07-19T16:11:14.658Z,1149.00,cancelled
480-8977356-8579125,S0001,amazon,TSHIRT-WHT-XL,2,C02376,2026-08-14T14:04:32.839Z,862.20,delivered
OD733806338100,S0002,flipkart,HOODIE-YEL-M,3,C00214,2026-09-18T04:53:44.758Z,3102.30,delivered
OD469923897966,S0003,flipkart,KURTI-WHT-XL,4,C02068,2026-08-13T12:55:09.723Z,1706.20,pending
MYN9075264835,S0038,myntra,SNEAKER-PNK-8,2,C02072,2026-08-06T17:46:53.060Z,2638.00,pending
OD442463416905,S0002,flipkart,TSHIRT-GRN-M,1,C02053,2026-08-17T19:28:35.468Z,440.10,shipped
MYN6963980572,S0019,myntra,WATCH-PNK-FREE,5,C00765,2026-09-02T22:26:41.813Z,16545.00,confirmed
OD160084162188,S0024,flipkart,JEANS-RED-30,1,C02627,2026-07-19T10:01:18.459Z,1449.00,delivered
165-2871552-9866581,S0001,amazon,HOODIE-GRN-XL,3,C01597,2026-08-14T14:55:55.785Z,4965.30,delivered
MSH491819249,S0016,meesho,HANDBAG-PNK-FREE,1,C01034,2026-07-10T17:40:48.079Z,549.00,returned
020-9671777-2169633,S0048,amazon,HOODIE-GRN-L,2,C02797,2026-09-14T19:05:37.453Z,2598.00,delivered
516-1138702-7288145,S0001,amazon,TSHIRT-WHT-XL,3,C00466,2026-09-12T00:08:17.230Z,1437.00,returned
MSH517721682,S0002,meesho,TSHIRT-PNK-M,3,C02722,2026-07-23T13:06:51.226Z,1935.15,delivered
559-4154481-8008993,S0001,amazon,TSHIRT-WHT-XL,2,C02457,2026-09-13T06:48:02.338Z,958.00,delivered
325-9719501-1299798,S0022,amazon,HOODIE-PNK-XL,2,C00577,2026-08-30T08:09:58.145Z,1993.10,confirmed
382-0937169-7103439,S0025,amazon,SNEAKER-PNK-7,2,C00655,2026-07-18T18:53:34.756Z,5978.00,delivered
MSH639872665,S0001,meesho,TSHIRT-PNK-XL,1,C02551,2026-07-25T20:23:02.803Z,369.00,returned
MSH800424097,S0002,meesho,HOODIE-YEL-M,1,C00668,2026-08-29T06:05:57.919Z,1149.00,delivered
175-5695264-1740990,S0048,amazon,HOODIE-BLK-L,2,C02626,2026-08-11T16:59:32.948Z,2578.00,delivered
,S0009,amazon,HANDBAG-PNK-FREE,1,C02182,2026-07-24T02:30:06.772Z,962.10,delivered
MSH467047513,S0005,meesho,SNEAKER-BLK-7,1,C02835,2026-08-17T07:11:53.791Z,2279.00,delivered
MYN9414335691,S0041,myntra,TSHIRT-RED-L,2,C02252,2026-08-30T08:45:17.107Z,952.20,confirmed
912-1224163-2091376,S0001,amazon,HOODIE-GRN-XL,1,C00258,2026-07-21T17:38:07.137Z,1839.00,shipped
716-8080395-2905703,S0001,amazon,TSHIRT-WHT-XL,1,C02213,2026-08-04T11:31:20.388Z,479.00,delivered
047-7168877-5240823,S0001,amazon,HOODIE-GRN-XL,3,C01954,2026-07-13T16:01:34.487Z,5517.00,delivered
OD024618707283,S0042,flipkart,KURTI-YEL-L,1,C00208,2026-09-02T21:37:45.968Z,579.00,confirmed
MYN4002891856,S0003,myntra,SAREE-MAR-FREE,4,C01269,2026-08-27T22:00:38.923Z,6356.00,returned
MYN3855236524,S0050,myntra,WATCH-BLU-FREE,1,C00757,2026-09-09T22:36:07.889Z,1908.55,delivered
410-4033521-9264115,S0004,amazon,KURTI-MAR-S,1,C01637,2026-08-16T19:04:02.380Z,359.00,delivered
MSH185824870,S0001,meesho,HOODIE-GRN-XL,1,C02157,2026-08-19T04:11:15.680Z,1655.10,pending
800-6265405-1751284,S0041,amazon,TSHIRT-RED-L,1,C00937,2026-09-18T22:16:58.001Z,529.00,shipped
MYN8918100639,S0003,myntra,KURTI-YEL-L,1,C02267,2026-08-07T17:31:19.347Z,512.10,delivered
MYN4021370653,S0006,myntra,SNEAKER-YEL-10,2,C01358,2026-10-02T01:06:20.697Z,4482.10,delivered
OD313809194379,S0003,flipkart,KURTI-BLK-M,1,C01588,2026-07-28T11:44:16.951Z,740.05,delivered
MSH122938121,S0021,meesho,SNEAKER-BLK-8,3,C01730,2026-07-22T06:06:09.564Z,3147.00,confirmed
MYN1005512862,S0040,myntra,JEANS-BLU-30,5,C02727,2026-09-12T12:57:13.794Z,7095.00,delivered
MYN0731366754,S0008,myntra,WATCH-PNK-FREE,1,C00603,2026-07-19T18:47:47.285Z,3419.00,delivered
719-9225152-6554674,S0001,amazon,HOODIE-GRN-XL,5,C00030,2026-09-22T21:25:41.560Z,9195.00,delivered
OD729972000516,S0010,flipkart,HANDBAG-WHT-FREE,4,C00709,2026-08-13T22:31:02.659Z,2916.00,delivered
MSH644000350,S0002,meesho,HOODIE-YEL-M,1,C00865,2026-09-16T06:08:12.820Z,1149.00,delivered
OD225910143981,S0035,flipkart,TSHIRT-WHT-XL,1,C02376,2026-07-13T13:08:16.237Z,589.00,delivered
MYN8324179005,S0028,myntra,JEANS-PNK-32,2,C01307,2026-08-22T19:55:40.547Z,2487.10,delivered
MYN9765796421,S0048,myntra,HOODIE-BLK-L,1,C01670,2026-08-02T17:32:36.434Z,1289.00,delivered
MYN2347181308,S0047,myntra,WATCH-RED-FREE,2,C01253,2026-07-23T14:07:11.021Z,5278.00,returned
437-3821472-5276982,S0048,amazon,HOODIE-BLK-L,2,C01149,2026-08-10T18:03:01.819Z,2320.20,delivered
358-9841354-2508266,S0004,amazon,KURTI-BLU-S,1,C02944,2026-09-23T00:32:21.775Z,829.00,delivered
217-0323680-9656159,S0021,amazon,SNEAKER-BLK-8,1,C00655,2026-08-12T17:09:39.665Z,1049.00,confirmed
MYN6395028382,S0003,myntra,SAREE-MAR-FREE,2,C02469,2026-09-10T06:28:47.081Z,3178.00,delivered
OD983267356101,S0008,flipkart,JEANS-BLU-34,2,C00175,2026-08-11T22:38:55.204Z,2698.20,delivered
119-0945845-3223909,S0001,amazon,TSHIRT-GRN-L,1,C00468,2026-07-20T10:02:08.073Z,464.55,cancelled
OD201270231854,S0036,flipkart,HOODIE-GRN-XL,1,C01238,2026-09-07T15:47:21.196Z,1879.00,cancelled
183-6711775-7790296,S0032,amazon,WATCH-PNK-FREE,2,C00680,2026-07-21T22:36:06.662Z,2500.20,delivered
OD362628091454,S0003,flipkart,KURTI-YEL-L,5,C01599,2026-07-20T03:48:58.475Z,2845.00,delivered
XXXXXXXXXXXXXXXXXXXXXXXXXXXXXXXXXXXXXXXXXXXXXXXXXXXXXXXXXXXXXXXXXXXXXX,S0011,meesho,KURTI-BLU-M,4,C02343,2026-09-02T12:20:38.449Z,2808.20,delivered
MSH129881167,S0007,meesho,HOODIE-BLK-XL,1,C01047,2026-07-06T17:09:17.056Z,1479.00,delivered
MYN5986333869,S0035,myntra,TSHIRT-GRN-L,2,C02766,2026-10-03T06:10:06.306Z,958.00,delivered
OD803340983503,S0021,flipkart,SNEAKER-PNK-7,1,C00148,2026-07-14T15:35:01.282Z,2449.00,confirmed
MSH683993844,S0002,meesho,HOODIE-YEL-M,1,C01338,2026-10-01T09:41:15.360Z,1149.00,delivered
OD724775960068,S0003,flipkart,SAREE-MAR-FREE,2,C01981,2026-07-19T06:54:44.982Z,3178.00,returned
713-0205959-5685756,S0001,amazon,HOODIE-GRN-XL,2,C02565,2026-07-29T04:01:19.349Z,3310.20,confirmed
MSH647749762,S0002,meesho,TSHIRT-PNK-XL,5,C01924,2026-08-21T18:30:28.035Z,1295.00,shipped
MSH350068656,S0026,meesho,HANDBAG-MAR-FREE,4,C02337,2026-09-23T00:54:46.715Z,4316.00,delivered
MYN6569844488,S0003,myntra,KURTI-WHT-XL,1,C01211,2026-08-07T17:14:29.889Z,449.00,pending
MYN6649270098,S0003,myntra,SAREE-MAR-FREE,2,C00237,2026-09-23T00:30:01.709Z,3178.00,confirmed
OD527381000817,S0036,flipkart,HOODIE-GRN-L,1,C03000,2026-07-16T19:25:13.052Z,1069.00,delivered
OD604786773378,S0009,flipkart,HANDBAG-PNK-FREE,1,C02116,2026-08-08T22:27:36.010Z,1069.00,pending
831-4652328-7839146,S0031,amazon,HOODIE-MAR-M,3,C02573,2026-09-29T01:13:51.742Z,3837.00,delivered
OD195766428590,S0048,flipkart,HOODIE-BLK-M,4,C00027,2026-08-22T01:22:15.895Z,3476.00,delivered
OD622406277892,S0010,flipkart,SAREE-YEL-FREE,2,C02268,2026-07-28T15:40:42.576Z,1258.20,delivered
OD845870659475,S0002,flipkart,HOODIE-BLU-M,1,C00381,2026-08-30T05:54:12.260Z,1929.00,confirmed
MYN9468431936,S0003,myntra,SAREE-MAR-FREE,4,C02308,2026-08-09T06:07:13.990Z,6038.20,delivered
696-0676486-4674117,S0032,amazon,WATCH-GRN-FREE,1,C02620,2026-08-29T13:04:25.203Z,729.00,delivered
862-8838842-3770061,S0001,amazon,HOODIE-GRN-XL,2,C02029,2026-08-28T06:13:11.258Z,3678.00,confirmed
236-6442701-5533673,S0001,amazon,TSHIRT-WHT-XL,2,C01601,2026-09-22T14:08:38.181Z,910.10,delivered
072-7493461-3805464,S0025,amazon,SNEAKER-PNK-7,3,C00464,2026-09-13T06:19:46.427Z,8967.00,delivered
OD398932098217,S0003,flipkart,KURTI-YEL-M,3,C02687,2026-07-18T21:09:44.784Z,937.65,delivered
OD783616469655,S0002,flipkart,HOODIE-MAR-XL,1,C02714,2026-09-25T10:57:34.429Z,939.00,pending
MSH454622050,S0002,meesho,HOODIE-YEL-M,1,C01784,2026-08-25T02:48:29.975Z,1034.10,delivered
OD108692366585,S0002,flipkart,TSHIRT-BLU-XL,3,C00281,2026-09-04T21:31:26.294Z,2037.00,delivered
MSH283293151,S0007,meesho,HOODIE-BLK-XL,4,C02264,2026-07-05T21:22:43.832Z,5916.00,delivered
391-2411554-8047684,S0001,amazon,HOODIE-GRN-XL,1,C02032,2026-08-29T07:57:25.945Z,1655.10,delivered
MSH360971057,S0007,meesho,JEANS-YEL-30,3,C00348,2026-07-24T21:44:21.687Z,1735.65,pending
MSH937015191,S0011,meesho,KURTI-BLU-XL,1,C00571,2026-08-22T19:44:47.403Z,569.05,delivered
062-8655678-7993748,S0001,amazon,HOODIE-PNK-M,1,C01643,2026-09-09T11:17:48.402Z,1599.00,delivered
551-4760006-5354848,S0004,amazon,KURTI-PNK-M,3,C00028,2026-09-12T22:53:38.279Z,1047.00,returned
OD785375135415,S0002,flipkart,HOODIE-BLK-L,1,C02327,2026-08-25T12:34:54.324Z,1019.00,confirmed
409-6108214-8416899,S0001,amazon,HOODIE-GRN-XL,2,C01915,2026-08-09T16:02:56.399Z,3678.00,delivered
634-0541230-5231761,S0045,amazon,WATCH-MAR-FREE,2,C00556,2026-09-30T12:27:56.581Z,2638.00,delivered
OD082135970849,S0048,flipkart,HOODIE-BLK-L,1,C02317,2026-07-07T05:52:14.210Z,abc,delivered
OD781186739563,S0002,flipkart,HOODIE-YEL-M,4,C02259,2026-09-09T12:24:08.292Z,4136.40,delivered
MSH505752859,S0002,meesho,TSHIRT-RED-S,1,C00183,2026-07-16T10:46:44.857Z,341.10,returned
993-2352614-5208047,S0027,amazon,SAREE-WHT-FREE,2,C02575,2026-09-12T14:27:54.175Z,3292.20,shipped
OD194219418179,S0050,flipkart,WATCH-GRN-FREE,1,C00518,2026-09-05T10:19:19.702Z,529.00,delivered
OD986693304485,S0036,flipkart,JEANS-PNK-36,2,C00999,2026-07-17T11:22:35.547Z,2978.00,delivered
MSH379841057,S0001,meesho,HOODIE-GRN-XL,1,C02892,2026-08-31T20:16:08.296Z,1839.00,delivered
OD749922760916,S0018,flipkart,JEANS-MAR-34,1,C00094,2026-09-05T17:45:18.420Z,949.00,delivered
OD395921893519,S0002,flipkart,HOODIE-BLK-L,1,C02637,2026-08-12T15:53:49.641Z,1019.00,delivered
186-8646241-1701009,S0008,amazon,JEANS-BLU-34,3,C00645,2026-07-29T09:03:41.871Z,4497.00,delivered
OD469077340430,S0015,flipkart,SAREE-PNK-FREE,1,C01459,2026-08-25T14:16:47.530Z,799.00,delivered
890-2069758-2096404,S0009,amazon,HANDBAG-PNK-FREE,1,C02119,2026-10-01T10:27:12.535Z,1069.00,delivered
MYN5800000649,S0006,myntra,SNEAKER-RED-10,1,C01589,2026-09-26T09:09:31.412Z,2969.00,delivered
OD147773974469,S0036,flipkart,JEANS-PNK-36,1,C01318,2026-07-08T21:56:23.970Z,1340.10,returned
520-9175770-6383278,S0001,amazon,HOODIE-GRN-XL,2,C01439,2026-10-02T03:39:17.756Z,3310.20,returned
MYN6361276326,S0004,myntra,KURTI-YEL-M,1,C00987,2026-07-22T18:21:48.839Z,869.00,returned
MYN5972104122,S0019,myntra,WATCH-PNK-FREE,3,C00153,2026-08-27T21:08:16.204Z,9927.00,delivered
MSH795748633,S0002,meesho,HOODIE-YEL-M,1,C01860,2026-09-26T00:48:49.117Z,1149.00,delivered
OD090425810269,S0002,flipkart,HOODIE-BLK-L,3,C02946,2026-08-08T12:36:42.655Z,3057.00,delivered
MYN7895266020,S0006,myntra,SNEAKER-YEL-9,1,C00916,2026-08-15T18:18:01.794Z,1449.00,shipped
OD666453462117,S0003,flipkart,KURTI-BLK-L,1,C01534,2026-09-25T00:09:54.432Z,769.00,returned
MYN8315719032,S0006,myntra,SNEAKER-RED-10,2,C00761,2026-08-12T00:59:58.660Z,5938.00,cancelled
973-2977404-1965961,S0016,amazon,HANDBAG-GRN-FREE,1,C02752,2026-08-05T04:23:32.258Z,1099.00,delivered
192-6029476-2492787,S0013,amazon,SNEAKER-BLU-10,1,C02622,2026-07-28T20:37:51.304Z,959.00,delivered
OD598147829475,S0002,flipkart,HOODIE-MAR-L,2,C00683,2026-09-02T18:49:49.330Z,2038.00,delivered
253-6174662-0651378,S0001,amazon,TSHIRT-GRN-L,1,C00258,2026-07-11T22:00:25.954Z,489.00,delivered
OD856404285233,S0003,flipkart,SAREE-MAR-FREE,1,C00242,2026-07-27T15:10:03.144Z,1509.55,confirmed
OD069259939282,S0003,flipkart,KURTI-PNK-XL,3,C02980,2026-07-12T07:05:36.551Z,2367.00,shipped
MSH925328571,S0005,meesho,SNEAKER-PNK-9,2,C02077,2026-07-13T12:09:35.337Z,1654.20,delivered
OD599449372740,S0024,flipkart,JEANS-RED-36,1,C01283,2026-09-26T16:38:32.692Z,799.00,delivered
OD677068259401,S0002,flipkart,TSHIRT-WHT-M,2,C00787,2026-09-04T17:40:54.805Z,878.00,returned
MYN1012850567,S0050,myntra,WATCH-BLU-FREE,1,C01981,2026-08-27T07:15:29.503Z,1908.55,delivered
MYN3045986091,S0003,myntra,SAREE-MAR-FREE,2,C02906,2026-07-13T13:32:32.560Z,3019.10,delivered
OD494503728260,S0010,flipkart,SAREE-PNK-FREE,2,C00639,2026-08-26T16:13:40.128Z,3738.00,delivered
MSH164842518,S0007,meesho,HOODIE-YEL-M,3,C01403,2026-09-11T22:19:40.927Z,2157.00,delivered
MSH200447772,S0001,meesho,TSHIRT-PNK-XL,1,C01854,2026-07-21T14:41:34.940Z,350.55,pending
OD643646425779,S0003,flipkart,KURTI-YEL-L,1,C02667,2026-08-25T10:57:21.886Z,569.00,delivered
912-6143247-2545788,S0001,amazon,TSHIRT-WHT-XL,1,C01805,2026-07-28T20:22:29.595Z,431.10,delivered
OD169015577359,S0002,flipkart,HOODIE-BLK-L,3,C02486,2026-09-24T10:20:14.464Z,3057.00,delivered
MYN9043202664,S0004,myntra,KURTI-YEL-M,2,C02417,2026-09-01T00:06:51.904Z,1738.00,delivered
MSH802562389,S0001,meesho,HOODIE-PNK-M,1,C01889,2026-08-09T12:54:19.571Z,1439.10,delivered
OD380256371454,S0002,flipkart,HOODIE-YEL-M,3,C01187,2026-09-30T20:09:07.321Z,3447.00,pending
289-1183658-8234445,S0001,amazon,TSHIRT-WHT-XL,4,C02233,2026-07-08T10:03:22.700Z,1916.00,delivered
MSH398827989,S0001,meesho,HOODIE-GRN-XL,1,C02333,2026-07-22T20:34:07.690Z,1839.00,delivered
280-6456347-8802042,S0043,amazon,HANDBAG-PNK-FREE,3,C01373,2026-07-28T01:20:23.601Z,3217.65,pending
MSH585404124,S0002,meesho,TSHIRT-BLU-XL,1,C01330,2026-09-22T21:10:36.021Z,679.00,delivered
OD295951645325,S0002,flipkart,HOODIE-YEL-M,2,C00733,2026-09-27T08:18:53.191Z,2183.10,delivered
MSH164335465,S0030,meesho,SAREE-WHT-FREE,1,C00236,2026-08-19T12:21:24.955Z,2033.10,delivered
528-0998033-4124011,S0001,amazon,TSHIRT-PNK-XL,3,C01529,2026-08-18T14:48:15.108Z,1051.65,delivered
021-5358223-6846180,S0009,amazon,HANDBAG-PNK-FREE,1,C02541,2026-09-08T12:01:59.888Z,962.10,delivered
653-1536764-2188803,S0045,amazon,WATCH-BLK-FREE,4,C02142,2026-08-14T23:20:49.988Z,13276.00,cancelled
MYN6508317917,S0003,myntra,SAREE-MAR-FREE,1,C02339,2026-07-19T09:43:25.519Z,1430.10,cancelled
MYN7284538622,S0047,myntra,KURTI-RED-M,2,C01193,2026-09-02T01:12:51.762Z,1024.10,delivered
825-8703636-2154297,S0035,amazon,TSHIRT-GRN-L,1,C01424,2026-09-16T16:56:18.336Z,455.05,shipped
OD892818370773,S0018,flipkart,JEANS-BLK-34,4,C01572,2026-09-23T22:58:56.336Z,3276.00,delivered
MSH751138346,S0012,meesho,,1,C02834,2026-07-30T09:19:48.378Z,749.00,cancelled
209-2382753-8319332,S0009,amazon,HANDBAG-BLK-FREE,1,C00722,2026-07-27T21:19:26.984Z,1219.00,returned
MSH368685263,S0001,meesho,TSHIRT-PNK-XL,3,C02395,2026-07-25T09:41:56.003Z,1107.00,delivered
MSH392191066,S0005,meesho,SNEAKER-GRN-7,4,C01571,2026-09-14T02:21:37.060Z,9316.00,delivered
OD931891793099,S0036,flipkart,HOODIE-GRN-XL,1,C02516,2026-08-10T08:35:38.438Z,1879.00,delivered
654-0374999-3603827,S0001,amazon,TSHIRT-PNK-XL,1,C01406,2026-09-09T21:57:24.629Z,369.00,delivered
051-1298484-8182827,S0001,amazon,TSHIRT-GRN-L,3,C02683,2026-09-21T17:13:24.268Z,1467.00,delivered
MSH305542766,S0007,meesho,HOODIE-BLU-L,4,C00442,2026-08-22T10:50:32.289Z,3916.00,pending
173-6123315-6992717,S0023,amazon,SAREE-BLK-FREE,2,C02189,2026-07-22T20:58:52.852Z,3458.00,shipped
MYN8929789364,S0004,myntra,KURTI-YEL-XL,2,C01735,2026-07-15T05:12:18.697Z,1218.00,delivered
OD030714142468,S0037,flipkart,JEANS-BLU-30,2,C01886,2026-07-27T12:21:36.651Z,1338.00,delivered
265-5101440-5591761,S0035,amazon,WATCH-WHT-FREE,1,C00496,2026-09-21T10:20:02.675Z,1690.05,delivered
760-1498631-7226534,S0026,amazon,HANDBAG-BLK-FREE,1,C00922,2026-07-08T08:08:49.514Z,429.00,delivered
734-6448057-2173884,S0004,amazon,KURTI-YEL-XL,1,C00109,2026-08-25T14:50:12.081Z,548.10,delivered
MSH244729935,S0030,meesho,JEANS-PNK-34,1,C02221,2026-08-22T10:50:19.659Z,968.05,cancelled
OD928441029350,S0003,flipkart,KURTI-MAR-XL,3,C02494,2026-08-31T10:52:08.267Z,1767.00,delivered
OD772097905137,S0002,flipkart,HOODIE-BLK-L,2,C02625,2026-07-30T21:48:33.216Z,1834.20,delivered
OD444683500041,S0024,flipkart,JEANS-BLU-30,3,C00869,2026-08-24T07:28:48.326Z,3858.30,delivered
MYN0103959039,S0049,myntra,SNEAKER-YEL-10,1,C02082,2026-08-12T22:41:47.306Z,2579.00,delivered
MSH349191029,S0007,meesho,HOODIE-PNK-M,5,C00046,2026-07-15T11:34:25.583Z,6295.00,delivered
OD204341232255,S0031,flipkart,SNEAKER-RED-8,3,C02747,2026-09-26T15:31:30.462Z,3673.65,returned
MSH531652299,S0002,meesho,HOODIE-BLK-L,1,C01697,2026-09-30T09:58:46.833Z,917.10,pending
MYN6666934560,S0006,myntra,SNEAKER-YEL-9,1,C01439,2026-09-08T09:15:00.009Z,1449.00,shipped
MYN0415555139,S0006,myntra,SNEAKER-YEL-10,4,C00498,2026-07-13T06:45:58.014Z,9436.00,shipped
MSH301190265,S0002,meesho,HOODIE-MAR-L,1,C00333,2026-09-01T23:37:18.348Z,917.10,delivered
MYN9194641856,S0006,myntra,SNEAKER-GRN-7,1,C02635,2026-07-10T06:28:46.457Z,839.00,confirmed
MYN7101868337,S0004,myntra,KURTI-PNK-M,4,C02953,2026-08-07T16:19:20.084Z,1396.00,delivered
MSH019708279,S0001,meesho,TSHIRT-PNK-XL,2,C00531,2026-07-13T18:51:37.743Z,738.00,delivered
OD727407380038,S0003,flipkart,SAREE-MAR-FREE,1,C00697,2026-09-03T06:17:14.588Z,1430.10,shipped
MSH866424749,S0002,meesho,HOODIE-MAR-XL,1,C01039,2026-07-07T11:09:08.788Z,892.05,delivered
OD335823528544,S0002,flipkart,TSHIRT-WHT-M,1,C00231,2026-07-30T09:21:41.581Z,395.10,delivered
426-0292500-2921191,S0001,amazon,HOODIE-GRN-XL,4,C02534,2026-07-25T10:06:52.374Z,7356.00,delivered
OD122402879858,S0003,flipkart,KURTI-YEL-L,1,C01337,2026-09-01T01:04:05.932Z,540.55,delivered
MSH852381898,S0007,meesho,JEANS-GRN-30,5,C01758,2026-08-13T15:01:56.992Z,3995.00,confirmed
482-5487785-9848596,S0004,amazon,KURTI-YEL-XL,1,C02802,2026-09-22T18:46:51.997Z,609.00,delivered
OD007875728106,S0044,flipkart,HOODIE-YEL-XL,1,C01940,2026-09-24T17:15:56.459Z,1929.00,delivered
904-1962000-9950560,S0001,amazon,TSHIRT-PNK-XL,3,C00521,2026-09-12T18:56:42.167Z,1051.65,delivered
MSH553253092,S0010,meesho,SAREE-WHT-FREE,1,C02085,2026-09-21T03:33:43.603Z,1909.00,delivered
325-9777377-9807280,S0001,amazon,HOODIE-GRN-XL,3,C01309,2026-07-22T09:03:23.693Z,4965.30,confirmed
MYN7944939172,S0029,myntra,WATCH-YEL-FREE,5,C01445,2026-09-20T11:51:00.029Z,2645.00,cancelled
OD461050738479,S0002,flipkart,HOODIE-YEL-M,2,C01327,2026-08-24T07:09:44.948Z,2298.00,pending
OD756397962634,S0034,flipkart,HANDBAG-RED-FREE,2,C00302,2026-09-26T23:55:18.624Z,2218.00,confirmed
502-7887828-8453547,S0039,amazon,HANDBAG-YEL-FREE,1,C02535,2026-08-05T13:53:45.666Z,620.10,pending
MSH642868122,S0012,meesho,KURTI-BLU-S,1,C00341,2026-08-03T13:43:18.319Z,597.55,delivered
903-6380124-6945963,S0009,amazon,HANDBAG-PNK-FREE,5,C02337,2026-08-21T03:14:10.099Z,5345.00,cancelled
MSH647319534,S0002,meesho,HOODIE-MAR-L,4,C02194,2026-09-10T04:36:49.221Z,3668.40,shipped
MYN5815805485,S0006,myntra,SNEAKER-RED-10,3,C00186,2026-07-17T02:02:28.551Z,8907.00,delivered
MYN5825384382,S0041,myntra,TSHIRT-RED-L,1,C02931,2026-09-18T22:57:50.292Z,502.55,shipped
OD826768410336,S0042,flipkart,WATCH-BLU-FREE,1,C01418,2026-07-10T11:35:34.882Z,1789.00,cancelled
265-1586023-0782030,S0001,amazon,TSHIRT-PNK-XL,2,C01958,2026-09-26T16:55:47.261Z,738.00,delivered
016-1903019-3752318,S0009,amazon,HANDBAG-BLU-FREE,2,C02445,2026-07-30T10:26:38.488Z,2810.10,delivered
MSH254901285,S0002,meesho,HOODIE-BLU-M,5,C00931,2026-09-22T00:21:42.444Z,9645.00,pending
MSH467440205,S0001,meesho,TSHIRT-PNK-XL,1,C02567,2026-08-11T22:47:53.337Z,369.00,delivered
OD975652125434,S0003,flipkart,SAREE-MAR-FREE,2,C02847,2026-07-09T09:01:58.727Z,3178.00,delivered
OD632669911983,S0031,flipkart,HOODIE-BLK-L,5,C00813,2026-07-15T06:38:54.378Z,6312.75,delivered
556-8458906-2409214,S0001,amazon,TSHIRT-WHT-XL,4,C01876,2026-09-03T06:41:11.819Z,1916.00,confirmed
MSH825212274,S0002,meesho,HOODIE-MAR-XL,2,C02954,2026-09-02T06:33:46.508Z,1784.10,delivered
OD860600952874,S0002,flipkart,HOODIE-YEL-M,1,C02151,2026-09-03T17:03:38.424Z,1149.00,delivered
MYN8090015553,S0008,myntra,JEANS-BLU-34,2,C00032,2026-07-22T11:14:50.033Z,2998.00,shipped
MSH169137301,S0007,meesho,HOODIE-PNK-L,1,C01126,2026-08-10T07:31:39.538Z,979.00,shipped
MSH997410144,S0005,meesho,SNEAKER-GRN-7,2,C02598,2026-09-15T01:42:35.112Z,4192.20,delivered
OD333195755518,S0010,flipkart,SAREE-PNK-FREE,2,C01744,2026-09-14T21:33:54.006Z,3551.10,delivered
MYN5396896695,S0006,myntra,SNEAKER-RED-10,3,C02804,2026-09-25T18:19:28.921Z,8907.00,shipped
MYN1064363120,S0003,myntra,,2,C02519,2026-09-29T18:23:19.852Z,1178.00,delivered
OD705544746154,S0010,flipkart,HANDBAG-PNK-FREE,3,C02440,2026-09-17T04:51:28.801Z,2049.15,delivered
OD164166372419,S0010,flipkart,SAREE-WHT-FREE,1,C02428,2026-07-28T04:00:42.945Z,1718.10,shipped
968-4631130-6932884,S0041,amazon,KURTI-WHT-L,1,C02649,2026-09-01T17:39:24.846Z,619.00,pending
940-5527281-4985887,S0001,amazon,TSHIRT-GRN-L,3,C01863,2026-07-21T21:20:08.339Z,1467.00,delivered
MSH420131711,S0005,meesho,SNEAKER-MAR-7,1,C02428,2026-10-03T07:57:13.651Z,2279.05,delivered
OD319577475644,S0009,flipkart,HANDBAG-PNK-FREE,4,C00650,2026-09-16T16:50:50.007Z,4276.00,shipped
OD377684052832,S0002,flipkart,HOODIE-YEL-M,5,C01418,2026-07-18T18:13:42.980Z,5170.50,delivered
OD041291661697,S0009,flipkart,HANDBAG-PNK-FREE,1,C00426,2026-07-21T14:47:58.009Z,1069.00,returned
326-5423705-3593772,S0039,amazon,HANDBAG-BLK-FREE,2,C00523,2026-08-31T21:01:27.121Z,1618.00,delivered
OD322727749395,S0010,flipkart,HANDBAG-WHT-FREE,1,C00463,2026-09-29T00:15:39.082Z,729.00,pending
MYN7670893411,S0014,myntra,KURTI-YEL-M,1,C02553,2026-09-12T04:09:07.576Z,799.00,delivered
OD696516846430,S0036,flipkart,JEANS-BLU-36,1,C02484,2026-09-02T21:26:17.614Z,979.00,delivered
MYN6902650235,S0041,myntra,TSHIRT-YEL-S,3,C01958,2026-07-31T01:39:26.612Z,1677.00,delivered
MYN3714417108,S0037,myntra,WATCH-BLK-FREE,3,C01307,2026-07-26T00:04:11.233Z,7077.00,delivered
OD856983037084,S0017,flipkart,KURTI-WHT-XL,1,C02938,2026-08-12T17:23:22.611Z,512.10,pending
MYN0090363156,S0004,myntra,KURTI-YEL-XL,1,C00813,2026-08-27T11:11:25.217Z,609.00,delivered
653-2304825-0094007,S0040,amazon,JEANS-MAR-30,1,C01803,2026-08-13T16:56:09.806Z,1331.10,delivered
MSH818601529,S0007,meesho,JEANS-GRN-30,4,C00065,2026-08-03T15:56:37.233Z,3196.00,delivered
OD753272914159,S0037,flipkart,JEANS-BLU-30,1,C00117,2026-09-19T05:00:47.601Z,602.10,delivered
OD949991657370,S0002,flipkart,TSHIRT-RED-L,4,C00988,2026-07-19T13:07:54.082Z,1916.00,delivered
162-2731184-5237801,S0035,amazon,WATCH-YEL-FREE,1,C01614,2026-07-07T08:42:52.302Z,1475.10,delivered
OD054618087771,S0028,flipkart,JEANS-RED-34,2,C02474,2026-07-09T21:14:01.626Z,2202.10,shipped
676-3056545-0948813,S0031,amazon,HOODIE-RED-XL,1,C01310,2026-08-15T16:50:34.022Z,1319.55,delivered
OD212554405424,S0003,flipkart,SAREE-MAR-FREE,4,C00601,2026-07-19T04:47:09.013Z,5720.40,pending
428-3489610-2330776,S0012,amazon,KURTI-BLU-XL,1,C01927,2026-09-27T14:49:43.680Z,773.10,pending
MYN9678167122,S0016,myntra,HANDBAG-PNK-FREE,2,C02525,2026-08-21T23:00:52.262Z,1098.00,delivered
077-8869218-5395154,S0001,amazon,HOODIE-GRN-XL,3,C02175,2026-08-10T14:10:28.933Z,5517.00,delivered
MSH440689414,S0010,meesho,SAREE-MAR-FREE,2,C00613,2026-08-08T01:02:00.632Z,2240.10,delivered
MSH139367281,S0002,meesho,HOODIE-YEL-M,5,C01896,2026-08-07T00:12:54.046Z,5170.50,returned
OD440168509309,S0050,flipkart,WATCH-WHT-FREE,5,C02818,2026-08-29T07:28:29.969Z,17045.00,delivered
MSH575195138,S0001,meesho,HOODIE-GRN-XL,1,C02990,2026-07-07T08:46:52.802Z,1747.05,delivered
OD103814285700,S0035,flipkart,TSHIRT-GRN-L,1,C00044,2026-08-26T14:27:51.335Z,455.05,delivered
281-5972966-2005378,S0045,amazon,WATCH-MAR-FREE,1,C02429,2026-08-19T16:44:01.706Z,1319.00,delivered
MSH962366613,S0001,meesho,TSHIRT-GRN-L,1,C00588,2026-08-13T00:05:40.247Z,489.00,pending
MSH665940530,S0005,meesho,SNEAKER-MAR-7,4,C00247,2026-09-02T03:55:01.661Z,9596.00,delivered
566-2240689-1963184,S0012,amazon,KURTI-BLU-XL,1,C01898,2026-08-23T03:28:41.313Z,859.00,cancelled
MYN1624352564,S0003,myntra,SAREE-YEL-FREE,1,C00354,2026-08-21T10:42:54.848Z,1224.55,delivered
MYN2206242127,S0008,myntra,JEANS-YEL-32,1,C01905,2026-08-07T07:31:17.087Z,1709.05,delivered
MSH739604218,S0009,meesho,HANDBAG-MAR-FREE,1,C02112,2026-08-12T04:52:14.410Z,702.05,delivered
MSH031627068,S0030,meesho,SAREE-MAR-FREE,1,C02979,2026-08-28T20:52:39.666Z,2024.10,delivered
OD549907348555,S0003,flipkart,SAREE-MAR-FREE,1,C01736,2026-09-02T15:23:30.686Z,1589.00,delivered
MYN3309519609,S0015,myntra,SAREE-PNK-FREE,3,C00424,2026-07-23T18:10:53.894Z,2397.00,confirmed
123-0582729-6174573,S0009,amazon,HANDBAG-RED-FREE,3,C01355,2026-09-12T07:16:13.025Z,2676.157,delivered
MYN2777628129,S0006,myntra,SNEAKER-YEL-7,4,C00766,2026-09-26T09:57:33.402Z,5278.20,confirmed
440-9458469-8886324,S0001,amazon,HOODIE-GRN-XL,1,C01160,2026-09-17T17:36:58.250Z,1839.00,delivered
OD111492521011,S0010,flipkart,SAREE-WHT-FREE,5,C01015,2026-07-25T13:08:12.674Z,9545.00,shipped
367-2757972-6094172,S0001,amazon,HOODIE-GRN-XL,2,C00214,2026-08-24T06:55:42.264Z,3678.00,delivered
MSH274672069,S0001,meesho,TSHIRT-PNK-XL,3,C02809,2026-08-21T07:05:33.633Z,1107.00,cancelled
OD383870060783,S0014,flipkart,KURTI-WHT-XL,1,C00766,2026-07-27T02:13:46.573Z,499.00,shipped
579-3256404-6905031,S0012,amazon,KURTI-YEL-M,1,C01502,2026-07-25T03:47:40.716Z,711.55,delivered
OD892838715115,S0002,flipkart,HOODIE-YEL-M,2,C01284,2026-08-31T19:32:46.128Z,2298.00,delivered
OD839440658392,S0003,flipkart,SAREE-MAR-FREE,2,C01426,2026-08-20T20:45:24.893Z,3178.00,delivered
906-8129983-0788679,S0004,amazon,KURTI-YEL-XL,1,C00758,2026-07-17T10:46:39.864Z,548.10,delivered
MYN4053865759,S0041,myntra,TSHIRT-WHT-XL,1,C00489,2026-07-25T20:37:55.509Z,419.00,delivered
659-1104685-3934766,S0022,amazon,HOODIE-BLU-M,1,C01292,2026-07-28T01:45:19.116Z,1281.55,delivered
MYN1472183921,S0003,myntra,SAREE-RED-FREE,2,C02895,2026-07-18T01:44:50.911Z,1942.20,delivered
590-1302725-3045796,S0045,amazon,WATCH-BLK-FREE,2,C00403,2026-09-17T20:04:55.714Z,6306.10,delivered
OD562102455019,S0003,flipkart,KURTI-BLK-L,2,C01460,2026-08-31T13:10:25.837Z,1384.20,delivered
OD566873433845,S0010,flipkart,SAREE-PNK-FREE,4,C02812,2026-07-18T17:04:22.379Z,7476.00,delivered
MSH057737795,S0005,meesho,SNEAKER-MAR-7,2,C00597,2026-09-18T11:18:02.222Z,4798.00,delivered
641-0544398-9058116,S0027,amazon,SAREE-YEL-FREE,4,C02581,2026-09-22T07:15:41.858Z,5596.00,delivered
OD837751617203,S0050,flipkart,WATCH-WHT-FREE,2,C02420,2026-09-14T17:02:34.329Z,6818.00,shipped
MSH354652958,S0007,meesho,HOODIE-BLK-XL,3,C01598,2026-07-08T23:11:28.805Z,4215.15,delivered
MYN0525294074,S0014,myntra,KURTI-RED-M,1,C01231,2026-08-25T18:57:42.710Z,674.10,delivered
MYN8852773062,S0039,myntra,SAREE-YEL-FREE,1,C02763,2026-10-02T22:49:36.321Z,1329.00,confirmed
MSH681889211,S0007,meesho,JEANS-YEL-30,1,C02143,2026-09-26T04:56:04.444Z,548.10,shipped
OD023128407528,S0025,flipkart,SNEAKER-PNK-10,1,C00771,2026-08-05T04:28:44.195Z,2299.00,delivered
841-6009341-3993041,S0045,amazon,WATCH-BLU-FREE,2,C02249,2026-09-02T06:21:26.981Z,1727.10,pending
028-2796279-4496040,S0001,amazon,TSHIRT-PNK-XL,2,C00736,2026-09-01T16:27:20.908Z,738.00,shipped
MYN2585651120,S0008,myntra,JEANS-YEL-32,2,C01669,2026-09-10T01:36:01.566Z,3418.10,delivered
370-4364494-4461498,S0004,amazon,KURTI-BLU-S,1,C01101,2026-09-26T03:10:10.386Z,829.00,shipped
OD860006841763,S0003,flipkart,SAREE-MAR-FREE,4,C02387,2026-07-14T20:32:34.085Z,6038.20,delivered
375-0508601-4391005,S0039,amazon,SAREE-PNK-FREE,2,C01397,2026-07-09T05:38:28.315Z,2770.20,delivered
MYN2467350851,S0004,myntra,KURTI-YEL-XL,1,C01297,2026-08-19T03:00:00.287Z,609.00,delivered
MYN7400161437,S0043,myntra,HANDBAG-YEL-FREE,1,C01579,2026-08-21T18:07:34.495Z,1187.10,cancelled
044-7666303-0587802,S0033,amazon,TSHIRT-MAR-L,2,C00197,2026-07-11T12:30:33.432Z,1198.00,cancelled
MYN5427531515,S0015,myntra,SAREE-GRN-FREE,1,C00306,2026-08-31T17:29:54.431Z,2069.10,delivered
780-8076319-4144185,S0001,amazon,TSHIRT-PNK-XL,2,C01940,2026-10-01T12:04:43.735Z,701.10,delivered
130-4141056-9714129,S0048,amazon,HOODIE-RED-XL,4,C02444,2026-09-07T23:51:10.283Z,3344.40,pending
OD964607619921,S0010,flipkart,SAREE-WHT-FREE,1,C02442,2026-09-09T02:56:15.560Z,1909.00,shipped
535-2836530-0770667,S0001,amazon,HOODIE-GRN-XL,3,C00506,2026-07-18T23:08:22.901Z,5517.00,delivered
MSH278549623,S0001,meesho,HOODIE-PNK-M,1,C02361,2026-07-26T02:06:36.431Z,1599.00,delivered
652-6830834-0256056,S0022,amazon,HOODIE-BLU-M,1,C00759,2026-08-21T00:19:33.578Z,1349.00,delivered
MSH296166639,S0001,meesho,HOODIE-PNK-M,2,C01085,2026-07-17T07:40:06.449Z,2878.20,delivered
792-8235610-5886803,S0045,amazon,WATCH-BLU-FREE,1,C00450,2026-07-26T10:10:01.335Z,909.00,returned
MYN6551306921,S0014,myntra,KURTI-WHT-XL,1,C01518,2026-07-26T01:50:20.539Z,499.00,delivered
MYN0952144623,S0003,myntra,KURTI-BLK-L,2,C00443,2026-07-29T00:16:18.609Z,1461.10,delivered
MSH651016158,S0007,meesho,JEANS-GRN-34,2,C00385,2026-09-17T16:41:21.538Z,1438.00,delivered
392-4534929-7398624,S0022,amazon,HOODIE-YEL-M,1,C00652,2026-07-17T21:33:11.477Z,1219.00,pending
MYN6012021869,S0003,myntra,KURTI-YEL-L,4,C01245,2026-09-08T17:26:10.003Z,2276.00,delivered
MSH035112177,S0005,meesho,SNEAKER-MAR-7,3,C01978,2026-08-11T09:55:19.415Z,6837.15,confirmed
OD751488197742,S0010,flipkart,SAREE-GRN-FREE,3,C01803,2026-08-21T11:55:54.882Z,3966.30,delivered
MYN3172687298,S0029,myntra,SNEAKER-YEL-8,4,C02251,2026-08-17T00:47:24.474Z,8996.00,confirmed
OD796540892188,S0010,flipkart,SAREE-YEL-FREE,2,C00942,2026-09-22T15:54:01.511Z,1328.10,pending
443-8463582-7481408,S0009,amazon,HANDBAG-PNK-FREE,1,C00376,2026-09-05T07:08:21.623Z,1069.00,shipped
813-4954601-1448831,S0001,amazon,TSHIRT-PNK-XL,1,C01248,2026-08-23T20:00:44.706Z,369.00,cancelled
621-9386456-1058686,S0004,amazon,KURTI-YEL-S,3,C01483,2026-07-18T02:21:19.009Z,834.30,delivered
623-1071490-7509339,S0020,amazon,JEANS-RED-32,4,C02672,2026-07-31T03:56:22.677Z,4796.00,confirmed
OD559903437890,S0002,flipkart,HOODIE-MAR-L,1,C01332,2026-07-30T23:27:27.200Z,968.05,delivered
MSH165262757,S0005,meesho,SNEAKER-RED-10,1,C00120,2026-09-03T11:37:51.481Z,1919.00,delivered
OD269331968522,S0042,flipkart,KURTI-WHT-XL,2,C00795,2026-07-10T12:50:13.043Z,1178.00,delivered
MYN9807898391,S0006,myntra,SNEAKER-RED-10,1,C00199,2026-08-11T16:19:50.271Z,2969.00,delivered
487-0730797-8419601,S0041,amazon,TSHIRT-WHT-XL,1,C02666,2026-09-12T19:45:05.753Z,419.00,delivered
MYN5962591685,S0008,myntra,JEANS-YEL-32,1,C01675,2026-07-06T10:37:05.655Z,1619.10,delivered
MYN0729165140,S0006,myntra,SNEAKER-YEL-9,1,C01298,2026-07-31T22:35:10.995Z,1376.55,cancelled
MYN3591773911,S0003,myntra,KURTI-BLK-M,2,C02654,2026-09-10T14:57:13.615Z,1558.00,delivered
OD711785025841,S0002,flipkart,HOODIE-YEL-M,2,C02814,2026-07-26T20:33:49.217Z,2298.00,delivered
MSH862201223,S0029,meesho,SNEAKER-PNK-7,1,C02857,2026-08-18T06:42:56.019Z,2539.00,delivered
196-3667320-2493713,S0001,amazon,TSHIRT-PNK-XL,2,C00162,2026-07-16T10:44:55.169Z,738.00,returned
476-0865016-1075981,S0037,amazon,JEANS-BLU-30,1,C01359,2026-08-27T13:26:18.686Z,669.00,delivered
518-1495539-3143387,S0034,amazon,HANDBAG-PNK-FREE,1,C00253,2026-09-08T02:11:00.955Z,711.55,returned
MYN1129690767,S0006,myntra,SNEAKER-RED-10,1,C02191,2026-08-10T06:54:47.956Z,2969.00,delivered
925-8551560-7043180,S0001,amazon,TSHIRT-WHT-XL,2,C01380,2026-09-21T17:37:58.393Z,958.00,cancelled
MYN7194509644,S0019,myntra,WATCH-BLK-FREE,4,C02480,2026-09-27T18:42:47.120Z,5288.40,shipped
MSH746450052,S0001,meesho,HOODIE-GRN-XL,2,C01415,2026-07-06T21:34:03.685Z,3678.00,delivered
OD590782406122,S0002,flipkart,TSHIRT-WHT-M,2,C01819,2026-09-24T04:32:22.344Z,878.00,delivered
MSH100649578,S0007,meesho,JEANS-BLU-36,1,C00502,2026-07-16T23:45:16.251Z,1007.10,delivered
MYN5246248660,S0006,myntra,SNEAKER-GRN-7,2,C01068,2026-08-22T13:06:11.696Z,1678.00,cancelled
551-7828430-5555208,S0001,amazon,HOODIE-PNK-M,1,C01454,2026-08-25T20:06:45.595Z,1599.00,delivered
444-7841665-2465497,S0012,amazon,KURTI-WHT-L,2,C02715,2026-09-06T06:42:29.723Z,1018.00,cancelled
OD129257903347,S0002,flipkart,HOODIE-YEL-M,1,C01247,2026-08-18T20:48:43.412Z,1149.00,delivered
544-4974494-3615169,S0012,amazon,KURTI-YEL-M,4,C02589,2026-08-16T08:51:18.003Z,2996.00,confirmed
MSH353231110,S0029,meesho,SNEAKER-PNK-7,1,C00397,2026-07-22T05:05:12.388Z,2412.05,delivered
MSH221598414,S0001,meesho,TSHIRT-GRN-L,2,C00354,2026-09-25T12:52:56.116Z,978.00,returned
701-7392282-8112569,S0001,amazon,HOODIE-GRN-XL,3,C01393,2026-09-10T22:49:14.598Z,5241.15,delivered
OD017479192863,S0009,flipkart,HANDBAG-PNK-FREE,4,C02974,2026-07-23T08:54:40.125Z,3848.40,returned
OD863994667494,S0003,flipkart,KURTI-BLK-L,1,C02849,2026-09-28T12:37:53.346Z,730.55,delivered
017-4895556-6263651,S0004,amazon,KURTI-BLU-S,3,C01168,2026-09-29T07:04:25.696Z,2487.00,delivered
516-0623950-3529842,S0043,amazon,HANDBAG-BLU-FREE,2,C01124,2026-09-30T23:35:12.929Z,2140.20,delivered
OD533897020743,S0015,flipkart,SAREE-GRN-FREE,1,C02955,2026-08-02T23:21:52.666Z,2299.00,cancelled
217-9578453-6378339,S0004,amazon,KURTI-BLU-S,1,C00148,2026-08-25T01:19:32.338Z,787.55,delivered
MYN0154737095,S0003,myntra,SAREE-MAR-FREE,1,C02669,2026-07-13T20:30:43.162Z,1589.00,delivered
MSH227547426,S0001,meesho,TSHIRT-PNK-XL,2,C01011,2026-08-28T23:00:24.031Z,701.10,delivered
OD580746796491,S0010,flipkart,SAREE-WHT-FREE,5,C00787,2026-08-17T09:09:05.809Z,9545.00,delivered
OD001624114481,S0010,flipkart,SAREE-WHT-FREE,2,C01903,2026-09-14T18:28:57.493Z,3818.00,delivered
923-3764162-3533611,S0028,amazon,JEANS-RED-34,4,C02480,2026-07-10T03:43:59.229Z,4636.00,cancelled
OD811541400329,S0002,flipkart,TSHIRT-GRN-M,1,C00002,2026-09-12T11:17:51.414Z,440.10,delivered
351-6835699-7532550,S0011,amazon,KURTI-BLU-M,2,C01246,2026-09-08T08:42:24.299Z,1404.10,delivered
MSH302356040,S0021,meesho,SNEAKER-BLK-7,1,C01248,2026-08-10T23:15:59.818Z,1709.00,returned
619-5532895-0646909,S0004,amazon,KURTI-MAR-S,2,C00204,2026-07-18T22:50:22.543Z,718.00,confirmed
MYN6430114337,S0006,myntra,SNEAKER-RED-10,1,C01533,2026-07-17T15:38:44.721Z,2672.10,shipped
MYN0518849357,S0041,myntra,KURTI-YEL-M,1,C02767,2026-09-14T13:54:54.675Z,869.00,delivered
196-4453452-3180926,S0001,amazon,HOODIE-PNK-M,1,C01063,2026-07-19T09:29:48.435Z,1519.05,cancelled
992-1423320-9438474,S0001,amazon,HOODIE-GRN-XL,1,C00184,2026-07-27T19:07:59.637Z,1839.00,delivered
MSH522338027,S0009,meesho,HANDBAG-MAR-FREE,3,C01805,2026-09-23T09:23:48.224Z,2217.00,shipped
MSH024351453,S0001,meesho,HOODIE-GRN-XL,1,C01725,2026-08-29T18:42:43.882Z,1655.10,delivered
MSH794179562,S0001,meesho,TSHIRT-WHT-XL,4,C01544,2026-08-27T10:34:39.700Z,1916.00,cancelled
MSH541342300,S0002,meesho,HOODIE-YEL-M,1,C01976,2026-07-26T04:18:22.006Z,1034.10,delivered
MYN1220749855,S0048,myntra,HOODIE-GRN-XL,2,C02613,2026-09-15T21:00:23.224Z,3498.00,pending
MYN2654102661,S0008,myntra,JEANS-YEL-32,1,C02849,2026-08-07T17:51:16.362Z,1709.05,delivered
OD640817948473,S0003,flipkart,KURTI-BLK-L,4,C02079,2026-07-15T23:48:05.000Z,2922.20,pending
OD275229978283,S0008,flipkart,JEANS-BLU-34,1,C01564,2026-09-18T12:23:59.279Z,1349.10,delivered
OD523127525097,S0034,flipkart,HANDBAG-WHT-FREE,1,C01850,2026-09-30T15:44:41.501Z,1269.00,confirmed
MYN9751676453,S0008,myntra,JEANS-YEL-32,2,C02514,2026-09-29T02:28:50.427Z,3418.10,delivered
OD128624913722,S0003,flipkart,SAREE-MAR-FREE,2,C02585,2026-08-09T16:24:47.133Z,3178.00,delivered
MSH677883006,S0007,meesho,JEANS-BLU-36,1,C00300,2026-08-08T19:34:22.073Z,1119.00,delivered
244-6475575-1334057,S0004,amazon,KURTI-YEL-XL,1,C00643,2026-09-16T00:50:33.447Z,609.00,delivered
MSH165498975,S0001,meesho,TSHIRT-WHT-XL,3,C00214,2026-07-26T17:22:02.943Z,1437.00,delivered
713-2267830-7406800,S0023,amazon,SAREE-RED-FREE,1,C00497,2026-08-13T18:37:59.286Z,1129.00,delivered
MSH740554927,S0012,meesho,KURTI-YEL-M,2,C00361,2026-07-06T20:16:06.687Z,1348.20,delivered
MSH784190044,S0005,meesho,SNEAKER-MAR-7,3,C02476,2026-08-11T06:50:06.316Z,6477.30,confirmed
OD402195272151,S0002,flipkart,HOODIE-YEL-M,2,C01275,2026-07-14T02:30:46.304Z,2298.00,delivered
706-7810193-4762785,S0001,amazon,HOODIE-GRN-XL,1,C02202,2026-07-25T00:51:15.169Z,1839.00,delivered
001-5976753-6181379,S0001,amazon,TSHIRT-PNK-XL,3,C01310,2026-08-27T01:18:56.051Z,1051.65,delivered
OD644120636802,S0010,flipkart,SAREE-YEL-FREE,1,C01261,2026-09-20T02:15:50.005Z,699.00,delivered
441-4799156-9300134,S0045,amazon,WATCH-RED-FREE,1,C00659,2026-07-16T17:18:08.976Z,1699.00,delivered
MYN6441507003,S0008,myntra,JEANS-YEL-32,3,C01797,2026-08-27T20:06:08.850Z,5397.00,delivered
MSH339541713,S0026,meesho,WATCH-MAR-FREE,2,C01263,2026-09-08T22:48:36.742Z,5338.00,delivered
197-8149184-6699797,S0009,amazon,HANDBAG-PNK-FREE,1,C00426,2026-08-12T20:29:35.851Z,1069.00,returned
OD417998133622,S0003,flipkart,KURTI-YEL-L,3,C02755,2026-09-18T04:12:12.494Z,1707.00,delivered
MSH979935381,S0011,meesho,KURTI-RED-L,1,C02663,2026-09-22T21:17:05.468Z,588.05,pending
MSH921565715,S0010,meesho,HANDBAG-RED-FREE,1,C01328,2026-08-12T02:27:41.547Z,619.00,pending
100-0130796-2134668,S0009,amazon,HANDBAG-GRN-FREE,1,C01146,2026-09-16T00:08:26.052Z,529.00,shipped
452-6019607-7439701,S0001,amazon,TSHIRT-WHT-XL,1,C00399,2026-09-15T15:58:53.499Z,455.05,returned
MYN6738765003,S0034,myntra,HANDBAG-WHT-FREE,4,C00873,2026-09-28T20:24:14.297Z,4822.20,delivered
MSH268325916,S0010,meesho,SAREE-YEL-FREE,2,C02309,2026-09-29T17:51:37.283Z,1398.00,pending
OD075695130779,S0048,flipkart,HOODIE-BLK-M,5,C00759,2026-07-09T16:54:02.122Z,4345.00,returned
MYN1124835811,S0019,myntra,WATCH-BLK-FREE,4,C02584,2026-08-17T18:24:55.484Z,5876.00,delivered
OD125446714534,S0038,flipkart,TSHIRT-RED-M,1,C02749,2026-09-20T14:31:13.872Z,597.55,delivered
OD489077234002,S0002,flipkart,TSHIRT-RED-S,1,C00925,2026-08-24T06:56:09.028Z,360.05,shipped
047-3527853-6620058,S0004,amazon,KURTI-BLU-S,5,C00554,2026-09-22T01:58:26.136Z,4145.00,delivered
MYN9576332689,S0023,myntra,SAREE-WHT-FREE,5,C01946,2026-09-26T20:33:12.695Z,11895.00,confirmed
MSH801235850,S0001,meesho,HOODIE-GRN-XL,1,C02057,2026-08-22T20:14:02.281Z,1655.10,returned
OD064697837315,S0036,flipkart,HOODIE-GRN-XL,1,C01702,2026-09-05T17:06:49.497Z,1879.00,delivered
164-2784323-5848610,S0008,amazon,WATCH-YEL-FREE,4,C00132,2026-07-23T16:25:46.927Z,3236.00,delivered
924-1346798-6950442,S0023,amazon,SAREE-RED-FREE,2,C02574,2026-08-20T19:23:52.093Z,2258.00,shipped
OD763504705621,S0002,flipkart,TSHIRT-PNK-XL,2,C00115,2026-08-20T19:45:52.336Z,518.00,delivered
OD127223302950,S0003,flipkart,SAREE-MAR-FREE,1,C00535,2026-08-04T17:07:46.641Z,1589.00,shipped
864-6391689-4882140,S0001,amazon,TSHIRT-WHT-XL,1,C00838,2026-09-20T23:25:38.093Z,479.00,pending
291-1540911-9979221,S0045,amazon,WATCH-MAR-FREE,3,C02009,2026-08-09T12:06:21.347Z,3759.15,confirmed
OD506743268559,S0003,flipkart,SAREE-MAR-FREE,1,C01373,2026-08-17T18:58:46.479Z,1589.00,delivered
OD467617612445,S0002,flipkart,HOODIE-YEL-M,4,C02702,2026-08-18T20:52:04.350Z,4596.00,delivered
OD218744804349,S0017,flipkart,KURTI-WHT-M,1,C02514,2026-08-07T13:03:11.298Z,669.00,delivered
MYN0489173908,S0003,myntra,KURTI-WHT-XL,1,C02970,2026-07-09T19:39:04.326Z,404.10,cancelled
MSH369236827,S0007,meesho,HOODIE-PNK-M,1,C00810,2026-09-08T06:46:33.570Z,1259.00,shipped
MYN5785479138,S0004,myntra,KURTI-BLU-S,1,C02170,2026-09-05T15:32:29.235Z,829.00,returned
OD525514631544,S0002,flipkart,HOODIE-YEL-M,1,C00608,2026-09-27T16:55:27.964Z,1034.10,delivered
OD684511748392,,flipkart,TSHIRT-GRN-L,1,C01411,2026-09-16T21:53:43.685Z,455.05,shipped
OD480855501247,S0003,flipkart,SAREE-RED-FREE,2,C02526,2026-08-30T11:45:15.713Z,1942.20,delivered
MYN9179632664,S0008,myntra,WATCH-PNK-FREE,1,C00042,2026-07-28T22:58:50.917Z,3419.00,shipped
819-4852809-2643194,S0001,amazon,HOODIE-PNK-M,2,C01638,2026-09-26T09:42:45.621Z,2878.20,pending
616-1010754-2544547,S0023,amazon,SAREE-BLK-FREE,1,C00574,2026-08-16T22:43:34.396Z,1729.00,cancelled
550-0967034-9945074,S0026,amazon,WATCH-MAR-FREE,5,C01054,2026-07-06T23:46:05.903Z,13345.00,pending
OD058992157426,S0033,flipkart,TSHIRT-RED-M,1,C01215,2026-08-08T02:56:56.872Z,669.00,delivered
329-6057320-1139956,S0045,amazon,WATCH-BLK-FREE,1,C01652,2026-07-06T14:27:48.442Z,2987.10,delivered
OD549257824680,S0003,flipkart,KURTI-BLK-L,1,C00161,2026-07-26T10:17:34.066Z,730.55,delivered
MYN2033397848,S0041,myntra,KURTI-YEL-M,1,C01591,2026-08-04T21:27:28.396Z,869.00,delivered
MSH413855227,S0001,meesho,HOODIE-PNK-M,1.5,C02376,2026-08-02T22:17:43.895Z,7595.25,delivered
OD829193651059,S0025,flipkart,SNEAKER-BLK-8,1,C00049,2026-09-24T03:52:36.120Z,839.00,delivered
MYN9677786727,S0047,myntra,KURTI-BLU-L,2,C02333,2026-07-19T17:21:22.547Z,758.00,delivered
560-9351180-0201957,S0041,amazon,TSHIRT-YEL-S,1,C02560,2026-07-09T02:20:34.928Z,531.05,shipped
MSH420448242,S0001,meesho,HOODIE-GRN-XL,1,C01015,2026-08-02T17:17:57.338Z,1839.00,confirmed
MSH268481138,S0001,meesho,HOODIE-GRN-XL,1,C01107,2026-08-20T09:44:38.643Z,1655.10,delivered
188-1943195-1067839,S0001,amazon,TSHIRT-GRN-L,2,C02287,2026-08-15T22:49:12.322Z,929.10,delivered
649-8701952-5085147,S0001,amazon,HOODIE-GRN-XL,4,C01794,2026-09-02T23:05:13.738Z,7356.00,delivered
686-8203342-9829470,S0023,amazon,SAREE-BLK-FREE,1,C00334,2026-07-20T13:44:34.899Z,1729.00,confirmed
594-3634159-5087303,S0009,amazon,HANDBAG-BLK-FREE,1,C00455,2026-10-02T06:41:58.806Z,1219.00,returned
MYN1455414419,S0050,myntra,WATCH-GRN-FREE,4,C00702,2026-08-03T14:47:57.749Z,2116.00,delivered
MYN6489837158,S0006,myntra,SNEAKER-YEL-9,3,C00986,2026-08-21T19:33:15.225Z,4129.65,returned
MSH219967149,S0001,meesho,HOODIE-GRN-XL,5,C02667,2026-08-01T09:45:18.394Z,9195.00,returned
MYN0018861062,S0008,myntra,JEANS-YEL-32,2,C00219,2026-09-20T04:36:37.032Z,3598.00,cancelled
OD889238913171,S0035,flipkart,TSHIRT-GRN-L,1,C01627,2026-07-06T23:11:43.415Z,479.00,shipped
MSH468878322,S0029,meesho,SNEAKER-PNK-7,5,C02471,2026-07-09T04:16:09.875Z,11425.50,cancelled
MYN1834818989,S0003,myntra,KURTI-BLK-L,1,C01897,2026-08-05T04:05:58.614Z,769.00,delivered
MYN1396871849,S0033,myntra,SAREE-BLU-FREE,1,C01107,2026-07-30T20:52:35.508Z,1511.10,shipped
MSH469080491,S0002,meesho,HOODIE-BLK-L,1,C02783,2026-08-11T07:49:27.645Z,1019.00,cancelled
MYN6513712834,S0006,myntra,SNEAKER-RED-10,1,C01683,2026-07-07T23:29:03.200Z,2969.00,delivered
OD270961358371,S0003,flipkart,KURTI-WHT-XL,1,C01047,2026-08-21T01:26:42.643Z,449.00,pending
MSH758387104,S0007,meesho,JEANS-BLU-36,2,C02842,2026-07-22T21:38:53.245Z,2238.00,delivered
MYN9681817307,S0003,myntra,KURTI-PNK-XL,1,C02311,2026-09-16T12:49:10.269Z,749.55,pending
MYN3666736247,S0019,myntra,WATCH-BLK-FREE,1,C00619,2026-07-24T11:40:20.051Z,1322.10,confirmed
OD132350286427,S0010,flipkart,SAREE-MAR-FREE,5,C01435,2026-09-08T14:08:04.436Z,5305.50,returned
782-3808203-4104270,S0001,amazon,HOODIE-PNK-M,1,C00035,2026-08-01T13:13:44.153Z,1599.00,delivered
MYN9039095410,S0046,myntra,HOODIE-PNK-L,1,C02111,2026-09-27T11:42:00.553Z,1799.00,delivered
416-4106086-2146335,S0004,amazon,KURTI-YEL-XL,3,C00415,2026-07-24T02:21:14.836Z,1827.00,delivered
965-4738264-2594495,S0001,amazon,TSHIRT-WHT-XL,3,C00296,2026-09-23T05:07:40.093Z,1437.00,delivered
MSH246015320,S0029,meesho,SNEAKER-BLU-7,1,C02307,2026-09-17T19:03:20.998Z,899.10,shipped
188-9542663-0241258,S0041,amazon,TSHIRT-YEL-S,4,C01792,2026-07-13T01:27:24.513Z,2012.40,delivered
OD847024470770,S0003,flipkart,KURTI-MAR-XL,1,C01181,2026-09-28T07:03:14.685Z,589.00,delivered
OD715867534810,S0042,flipkart,WATCH-BLU-FREE,1,C02582,2026-07-06T14:46:29.916Z,1610.10,shipped
503-2017275-4846963,S0001,amazon,HOODIE-GRN-XL,1,C00166,2026-10-02T02:08:03.202Z,1747.05,delivered
330-1255291-8542679,S0001,amazon,HOODIE-GRN-XL,4,C01092,2026-08-15T09:06:37.301Z,6988.20,delivered
001-2890565-2580151,S0022,amazon,HOODIE-YEL-M,1,C01357,2026-07-21T13:07:46.554Z,1219.00,delivered
MSH723358801,S0010,meesho,SAREE-WHT-FREE,5,C00079,2026-08-24T17:53:45.446Z,9545.00,delivered
896-8262998-5296703,S0021,amazon,SNEAKER-BLK-8,3,C02326,2026-09-18T12:42:09.982Z,3147.00,delivered
MSH490092934,S0030,meesho,JEANS-PNK-34,2,C00804,2026-08-07T11:18:40.752Z,2038.00,delivered
402-7625871-9039273,S0001,amazon,TSHIRT-PNK-XL,5,C00647,2026-09-14T18:31:08.339Z,1752.75,delivered
MYN1693680476,S0004,myntra,KURTI-MAR-L,1,C00247,2026-07-15T18:18:27.221Z,309.00,delivered
MYN5304784179,S0049,myntra,SNEAKER-YEL-10,1,C01188,2026-08-28T13:49:08.710Z,2321.10,delivered
OD562140330467,S0042,flipkart,KURTI-WHT-S,1,C00898,2026-09-25T12:09:54.397Z,609.00,delivered
295-3138899-7118608,S0009,amazon,HANDBAG-RED-FREE,3,C01149,2026-09-12T20:22:53.072Z,2817.00,delivered
MYN4174551211,S0029,myntra,SNEAKER-YEL-8,1,C01012,2026-07-05T18:03:36.939Z,2249.00,pending
MYN7945015135,S0003,myntra,KURTI-PNK-XL,1,C02985,2026-09-21T21:58:21.921Z,789.00,shipped
OD596421599181,S0010,flipkart,SAREE-WHT-FREE,4,C00901,2026-08-09T23:01:39.646Z,7254.20,delivered
OD683065814639,S0036,flipkart,HOODIE-BLU-L,1,C02439,2026-07-23T01:56:56.280Z,879.00,delivered
OD662793359737,S0002,flipkart,HOODIE-YEL-M,1,C01457,2026-09-21T02:49:09.403Z,1149.00,delivered
041-0084029-7776963,S0009,amazon,HANDBAG-WHT-FREE,1,C02612,2026-09-26T17:39:35.562Z,1479.00,cancelled
OD966630318785,S0018,flipkart,JEANS-RED-30,1,C01782,2026-08-27T03:29:42.198Z,1239.00,confirmed
OD056873753842,S0002,flipkart,TSHIRT-WHT-M,1,C02762,2026-07-09T12:38:10.253Z,417.05,confirmed
MSH492271416,S0005,meesho,SNEAKER-PNK-9,1,C02349,2026-08-22T03:22:32.715Z,827.10,confirmed
MSH409342389,S0005,meesho,SNEAKER-MAR-7,1,C00046,2026-07-16T23:06:19.070Z,2399.00,cancelled
MYN5249573575,S0003,myntra,SAREE-MAR-FREE,1,C01236,2026-07-25T17:21:15.345Z,1509.55,delivered
436-5011771-6333567,S0022,amazon,HOODIE-YEL-M,2,C02906,2026-08-20T04:57:51.077Z,2194.20,delivered
394-8726617-2405677,S0026,amazon,WATCH-MAR-FREE,3,C02233,2026-09-08T05:39:41.759Z,8007.00,delivered
OD548474176050,S0002,flipkart,TSHIRT-PNK-M,2,C01242,2026-09-09T11:19:33.760Z,1358.00,pending
OD719896539113,S0010,flipkart,HANDBAG-RED-FREE,1,C00573,2026-08-31T06:58:20.327Z,619.00,delivered
862-7886393-7915017,S0001,amazon,HOODIE-PNK-M,2,C00462,2026-07-28T23:04:45.461Z,3198.00,delivered
MYN8188827607,S0028,myntra,JEANS-YEL-34,1,C01296,2026-08-20T23:33:33.990Z,1272.05,delivered
MYN8831657414,S0003,myntra,KURTI-YEL-M,1,C00080,2026-09-08T03:37:02.697Z,312.55,cancelled
MSH021351711,S0002,meesho,HOODIE-YEL-M,1,C01569,2026-09-01T17:15:18.081Z,1091.55,shipped
061-0813503-7258844,S0012,amazon,KURTI-BLU-XL,2,C01540,2026-08-09T03:07:08.686Z,1718.00,delivered
519-3338283-2147565,S0033,amazon,TSHIRT-BLK-S,4,C02479,2026-07-17T01:12:26.860Z,2408.40,delivered
OD826158063350,S0009,flipkart,HANDBAG-BLK-FREE,1,C02852,2026-07-17T04:14:38.453Z,1097.10,pending
MYN5701277877,S0029,myntra,WATCH-BLK-FREE,1,C01763,2026-09-10T11:01:00.745Z,1279.00,delivered
MYN8842698467,S0048,myntra,HOODIE-BLK-L,1,C00063,2026-08-13T13:40:01.789Z,1289.00,delivered
MSH053385889,S0002,meesho,HOODIE-YEL-M,1,C02558,2026-07-10T07:24:35.757Z,1091.55,delivered
273-4794663-2910703,S0001,amazon,HOODIE-PNK-M,1,C00284,2026-09-29T18:05:40.211Z,1599.00,cancelled
853-1381296-4408807,S0016,amazon,HANDBAG-PNK-FREE,2,C01173,2026-07-21T16:58:51.467Z,1098.00,delivered
MSH131582352,S0002,meesho,HOODIE-BLK-L,1,C00123,2026-08-11T14:49:43.811Z,917.10,shipped
MYN5687737493,S0006,myntra,SNEAKER-GRN-7,2,C02719,2026-07-22T06:59:01.180Z,1678.00,delivered
916-6959365-9526929,S0001,amazon,HOODIE-GRN-XL,2,C00688,2026-08-09T12:46:22.634Z,3678.00,delivered
952-1049268-3576572,S0009,amazon,HANDBAG-MAR-FREE,3,C02362,2026-07-26T03:06:28.455Z,2217.00,shipped
MYN9053124190,S0016,myntra,HANDBAG-MAR-FREE,3,C02830,2026-09-21T11:55:45.205Z,2994.30,delivered
723-7757000-3922716,S0008,amazon,JEANS-PNK-30,1,C00173,2026-07-06T03:43:04.435Z,1179.00,delivered
MYN8694412259,S0015,myntra,SAREE-MAR-FREE,1,C00713,2026-07-22T14:54:16.484Z,2015.10,delivered
MYN3311868226,S0008,myntra,JEANS-YEL-32,3,C01181,2026-07-23T07:03:27.395Z,4857.30,delivered
MSH869345414,S0002,meesho,HOODIE-YEL-M,3,C02783,2026-09-10T01:27:39.792Z,3447.00,pending
MYN7344512816,S0041,myntra,KURTI-RED-XL,2,C01691,2026-09-29T16:44:12.705Z,1038.00,delivered
MSH175239387,S0001,meesho,HOODIE-GRN-XL,3,C02956,2026-07-24T09:33:18.559Z,5517.00,delivered
MSH508353838,S0001,meesho,HOODIE-GRN-XL,1,C00148,2026-07-18T04:10:34.254Z,1839.00,delivered
OD593212606463,S0036,flipkart,HOODIE-GRN-XL,1,C01685,2026-09-25T12:27:45.447Z,1879.00,delivered
114-0570363-4530713,S0044,amazon,HOODIE-WHT-M,5,C01284,2026-07-11T16:21:50.450Z,6945.00,delivered
OD566937557906,S0037,flipkart,JEANS-MAR-34,3,C00271,2026-08-31T08:55:19.348Z,4300.65,confirmed
OD271118055429,S0025,flipkart,SNEAKER-PNK-8,4,C00903,2026-08-08T23:34:59.306Z,4424.40,delivered
OD662853174137,S0002,flipkart,HOODIE-YEL-M,1,C00431,2026-09-16T10:07:10.608Z,1149.00,shipped
OD948333393237,S0018,flipkart,JEANS-RED-30,2,C02182,2026-09-01T01:52:35.001Z,2230.20,delivered
168-5695128-4584114,S0020,amazon,JEANS-BLK-30,2,C02061,2026-09-16T14:22:24.782Z,3038.00,delivered
383-3606352-3709302,S0039,amazon,HANDBAG-BLK-FREE,1,C02029,2026-09-17T02:22:11.507Z,809.00,returned
MYN0152607010,S0004,myntra,KURTI-YEL-XL,2,C01670,2026-09-08T09:32:19.419Z,1218.00,delivered
OD938504168729,S0002,flipkart,HOODIE-YEL-M,1,C00715,2026-08-17T10:50:45.332Z,1149.00,delivered
MYN9627852436,S0003,myntra,KURTI-BLK-L,2,C02372,2026-07-31T22:11:24.433Z,1538.00,cancelled
MSH035397869,S0001,meesho,TSHIRT-WHT-XL,3,C01732,2026-07-24T10:36:30.649Z,1437.00,cancelled
OD887791439727,S0048,flipkart,HOODIE-GRN-L,5,C00486,2026-08-26T11:55:15.037Z,6495.00,confirmed
MYN9103359124,S0006,myntra,SNEAKER-RED-10,2,C00293,2026-08-03T11:30:05.466Z,5641.10,cancelled
361-2443298-5493657,S0022,amazon,HOODIE-BLU-M,1,C02067,2026-09-19T13:30:53.842Z,1349.00,returned
MYN7715774785,S0047,myntra,KURTI-BLK-L,2,C02027,2026-08-27T00:27:11.980Z,658.00,confirmed
MYN5335796030,S0040,myntra,JEANS-GRN-34,1,C01263,2026-07-26T03:10:49.422Z,1139.00,delivered
563-5371563-9258382,S0035,amazon,TSHIRT-YEL-S,4,C01703,2026-07-11T21:27:18.578Z,1316.00,delivered
MYN3108404129,S0035,myntra,TSHIRT-PNK-S,1,C02860,2026-08-28T05:02:25.919Z,359.00,delivered
MYN6508546653,S0008,myntra,WATCH-YEL-FREE,4,C02241,2026-07-17T05:16:16.466Z,3236.00,delivered
936-4846660-6855208,S0001,amazon,HOODIE-PNK-M,1,C00708,2026-08-07T23:30:32.148Z,1519.05,delivered
OD466932752129,S0010,flipkart,SAREE-WHT-FREE,1,C01150,2026-08-15T06:12:10.496Z,1909.00,delivered
MSH110178584,S0002,meesho,HOODIE-MAR-L,3,C01760,2026-08-11T20:01:41.908Z,3057.00,confirmed
296-8010745-4953653,S0001,amazon,HOODIE-GRN-XL,1,C00511,2026-08-26T04:19:51.393Z,1747.05,delivered
942-0526948-9379435,S0001,amazon,TSHIRT-GRN-L,3,C02035,2026-07-29T14:53:54.852Z,1393.65,delivered
OD775647970405,S0036,flipkart,JEANS-YEL-36,4,C01594,2026-07-12T08:08:06.219Z,3076.00,delivered
MYN3561414466,S0008,myntra,JEANS-YEL-32,1,C01093,2026-07-12T08:04:47.979Z,1709.05,delivered
MYN1230946572,S0047,myntra,KURTI-RED-M,2,C02111,2026-07-10T22:00:26.767Z,970.20,delivered
567-9138931-6332910,S0001,amazon,TSHIRT-WHT-XL,4,C00112,2026-09-04T09:39:32.578Z,1916.00,delivered
OD339292710871,S0003,flipkart,KURTI-BLK-M,2,C00691,2026-09-26T23:00:06.559Z,1402.20,shipped
766-6053535-4456245,S0012,amazon,KURTI-YEL-M,3,C01663,2026-07-29T00:56:18.942Z,2247.00,delivered
MYN7164142044,S0048,myntra,HOODIE-RED-XL,1,C00548,2026-07-22T21:03:40.713Z,929.00,delivered
MYN6044418384,S0014,myntra,KURTI-RED-M,4,C00098,2026-07-22T12:58:25.645Z,2846.20,delivered
550-1749926-7692542,S0009,amazon,HANDBAG-BLK-FREE,1,C00240,2026-09-12T04:31:39.399Z,1219.00,delivered
MYN6536608466,S0041,myntra,TSHIRT-RED-L,1,C01503,2026-09-04T15:01:14.765Z,529.00,confirmed
MYN2026491753,S0006,myntra,SNEAKER-BLU-7,4,C02034,2026-07-28T09:46:02.149Z,5596.00,delivered
MYN7058591378,S0006,myntra,SNEAKER-RED-10,1,C02804,2026-08-13T01:44:04.771Z,2969.00,shipped
328-0661052-5704881,S0001,amazon,HOODIE-GRN-XL,1,C02909,2026-07-25T05:33:36.936Z,1655.10,delivered
OD802398863467,S0002,flipkart,HOODIE-YEL-M,1,C01020,2026-07-27T12:37:45.217Z,1091.55,shipped
MSH212394341,S0010,meesho,SAREE-MAR-FREE,2,C00336,2026-09-19T11:11:24.351Z,2240.10,confirmed
MSH913060716,S0001,meesho,TSHIRT-WHT-XL,2,C00313,2026-08-04T08:05:32.973Z,958.00,delivered
MYN5441264432,S0006,myntra,SNEAKER-GRN-7,1,C02427,2026-08-23T00:23:22.175Z,839.00,pending
MSH683369802,S0036,meesho,JEANS-PNK-36,2,C01361,2026-07-28T21:34:23.925Z,2680.20,delivered
MSH873634080,S0001,meesho,TSHIRT-WHT-XL,3,C01844,2026-08-28T17:21:44.518Z,1437.00,cancelled
164-9808936-9316732,S0001,amazon,HOODIE-GRN-XL,2,C01596,2026-07-14T09:08:12.531Z,3310.20,returned
890-8761944-0675611,S0001,amazon,HOODIE-GRN-XL,2,C00606,2026-08-14T06:41:11.225Z,3678.00,delivered
OD874483936868,S0015,flipkart,WATCH-WHT-FREE,1,C02751,2026-08-06T02:56:45.369Z,939.00,returned
OD595975091336,S0009,flipkart,HANDBAG-WHT-FREE,2,C00428,2026-08-16T16:47:56.243Z,2662.20,confirmed
OD696064903633,S0002,flipkart,TSHIRT-WHT-M,1,C01092,2026-09-21T14:10:33.682Z,395.10,delivered
739-0156699-3646105,S0004,amazon,KURTI-BLU-S,5,C00792,2026-07-24T17:35:50.699Z,3937.75,delivered
MSH603863515,S0007,meesho,JEANS-GRN-30,1,C02777,2026-08-04T07:29:00.825Z,799.00,pending
OD818328986222,S0024,flipkart,JEANS-RED-36,3,C02062,2026-08-12T22:20:45.637Z,2397.00,delivered
MSH364237952,S0001,meesho,TSHIRT-WHT-XL,1,C01298,2026-09-06T01:50:03.200Z,455.05,cancelled
OD532507801219,S0002,flipkart,HOODIE-YEL-M,3,C02510,2026-07-14T01:45:26.698Z,3447.00,cancelled
862-9059855-7842008,S0045,amazon,WATCH-BLK-FREE,3,C00324,2026-07-26T23:19:05.481Z,8961.30,cancelled
MYN1966260198,S0047,myntra,KURTI-BLK-L,2,C01964,2026-09-28T20:36:10.884Z,658.00,delivered
OD409138688588,S0002,flipkart,HOODIE-BLK-L,1,C00585,2026-08-03T15:24:24.147Z,1019.00,delivered
MYN7458327394,S0003,myntra,KURTI-BLK-L,3,C00571,2026-08-12T17:39:58.876Z,2076.30,pending
MYN4889930403,S0008,myntra,JEANS-BLU-34,1,C02519,2026-08-30T17:45:50.082Z,1499.00,shipping
OD640642900195,S0002,flipkart,HOODIE-YEL-M,1,C01403,2026-08-31T18:07:27.509Z,1034.10,confirmed
681-9132013-5420636,S0001,amazon,HOODIE-GRN-XL,1,C02054,2026-09-02T16:23:12.746Z,1839.00,delivered
MYN2357284560,S0006,myntra,SNEAKER-YEL-7,2,C01620,2026-09-10T07:03:07.508Z,2778.00,delivered
MYN1058630205,S0008,myntra,JEANS-YEL-32,2,C02467,2026-09-30T05:45:21.538Z,3598.00,shipped
XXXXXXXXXXXXXXXXXXXXXXXXXXXXXXXXXXXXXXXXXXXXXXXXXXXXXXXXXXXXXXXXXXXXXX,S0026,flipkart,HANDBAG-BLK-FREE,1,C02557,2026-09-17T21:17:34.352Z,429.00,delivered
OD119608976563,S0002,flipkart,HOODIE-YEL-M,5,C00724,2026-08-10T12:27:20.795Z,5170.50,confirmed
MSH849387341,S0001,meesho,TSHIRT-GRN-L,5,C01064,2026-09-10T17:38:25.220Z,2322.75,delivered
OD095142289799,S0002,flipkart,TSHIRT-WHT-M,5,C01076,2026-08-29T15:47:52.139Z,2195.00,delivered
MSH780317323,S0007,meesho,HOODIE-BLK-XL,3,C02079,2026-07-15T06:04:49.795Z,4437.00,delivered
OD390415834298,S0042,flipkart,WATCH-BLU-FREE,1,C00713,2026-08-08T14:36:21.048Z,1789.00,shipped
MYN1605318373,S0003,myntra,KURTI-BLK-M,4,C01391,2026-08-31T05:05:15.381Z,3116.00,delivered
MSH118288797,S0002,meesho,TSHIRT-RED-S,1,C02277,2026-08-11T07:05:38.841Z,360.05,delivered
451-4406349-1667697,S0012,amazon,KURTI-BLU-XL,1,C00609,2026-09-21T20:45:39.179Z,773.10,delivered
990-1826678-4215384,S0048,amazon,HOODIE-RED-XL,3,C01839,2026-07-06T05:05:25.434Z,2787.00,shipped
OD144642620563,S0021,flipkart,SNEAKER-BLK-8,2,C02289,2026-07-27T01:41:31.660Z,1993.10,pending
OD266641202735,S0003,flipkart,KURTI-BLK-L,4,C02978,2026-08-07T07:52:41.049Z,3076.00,delivered
MSH168662385,S0036,meesho,HOODIE-GRN-XL,1,C01335,2026-08-02T08:32:31.910Z,1691.10,delivered
MYN7828918892,S0008,myntra,WATCH-PNK-FREE,2,C00862,2026-09-30T06:13:09.583Z,6838.00,delivered
MYN4183479051,S0038,myntra,SNEAKER-PNK-8,1,C01332,2026-08-23T13:44:43.490Z,1253.05,delivered
015-8192336-5963383,S0041,amazon,TSHIRT-YEL-S,1,C01510,2026-09-17T17:42:30.567Z,531.05,delivered
MSH836428108,S0026,meesho,HANDBAG-BLK-FREE,1,C01647,2026-09-27T15:22:03.167Z,429.00,delivered
OD478698759821,S0034,flipkart,HANDBAG-YEL-FREE,1,C01151,2026-08-24T02:35:31.071Z,1186.55,delivered
MSH739387789,S0029,meesho,SNEAKER-RED-7,1,C02596,2026-07-07T06:35:41.026Z,2869.00,delivered
OD144290005760,S0002,flipkart,HOODIE-YEL-M,1,C01116,2026-07-07T16:12:48.887Z,1149.00,delivered
041-1399558-6650531,S0013,amazon,SNEAKER-BLK-8,1,C00295,2026-07-07T04:27:17.678Z,1025.10,delivered
OD787513275922,S0028,flipkart,JEANS-GRN-34,4,C01333,2026-07-07T20:46:21.990Z,4822.20,delivered
174-0252307-5264493,S0001,amazon,HOODIE-PNK-M,1,C00348,2026-09-27T09:04:13.014Z,1599.00,delivered
OD872860418912,S0025,flipkart,SNEAKER-PNK-8,1,C00134,2026-07-11T14:57:23.153Z,1167.55,delivered
OD270251565921,S0048,flipkart,HOODIE-BLK-L,1,C00504,2026-08-23T03:43:13.518Z,1160.10,delivered
OD534994677409,S0002,flipkart,TSHIRT-WHT-M,1,C01626,2026-09-21T19:33:07.003Z,417.05,returned
MYN2690826282,S0038,myntra,SNEAKER-MAR-8,2,C01415,2026-08-04T18:38:32.457Z,5318.10,returned
OD496155725348,S0015,flipkart,SAREE-BLK-FREE,1,C01488,2026-07-12T00:46:34.860Z,1199.00,returned
OD561899607906,S0002,flipkart,HOODIE-MAR-L,1,C02024,2026-09-07T22:09:57.381Z,917.10,delivered
OD287965840639,S0024,flipkart,JEANS-BLU-30,2,C00247,2026-07-21T05:24:18.518Z,2858.00,delivered
OD884631409778,S0002,flipkart,HOODIE-BLU-M,3,C01009,2026-07-28T07:32:33.999Z,5787.00,confirmed
MSH274918679,S0001,meesho,HOODIE-GRN-XL,4,C01540,2026-09-20T00:37:42.402Z,7356.00,delivered
437-4150463-4147208,S0045,amazon,WATCH-BLK-FREE,1,C00423,2026-09-23T06:59:49.565Z,2987.10,delivered
530-7230678-1682246,S0050,amazon,WATCH-WHT-FREE,1,C01500,2026-08-22T22:13:02.568Z,3068.10,delivered
MSH790590696,S0010,meesho,SAREE-WHT-FREE,5,C00654,2026-07-12T14:22:02.549Z,9545.00,delivered
200-3483858-1484024,S0001,amazon,TSHIRT-PNK-XL,3,C01946,2026-09-24T16:45:42.787Z,1107.00,confirmed
MSH522668934,S0002,meesho,TSHIRT-WHT-M,1,C01802,2026-08-10T06:05:26.072Z,439.00,confirmed
MYN1733737330,S0003,myntra,KURTI-BLK-L,1,C02433,2026-09-26T09:17:26.360Z,769.00,confirmed
OD372385247661,S0017,flipkart,KURTI-WHT-XL,4,C01004,2026-09-13T05:22:17.480Z,2276.00,delivered
MYN7439008408,S0035,myntra,TSHIRT-GRN-L,2,C01778,2026-07-19T19:44:15.880Z,958.00,delivered
MYN0808743635,S0029,myntra,SNEAKER-PNK-7,2,C02351,2026-09-10T08:12:00.658Z,5078.00,pending
OD911403667396,S0002,flipkart,HOODIE-YEL-M,1,C01860,2026-08-29T00:01:07.204Z,1149.00,pending
MSH930534518,S0007,meesho,HOODIE-YEL-M,3,C01725,2026-07-23T13:47:55.674Z,2157.00,delivered
990-7860289-1141632,S0001,amazon,TSHIRT-PNK-XL,1,C01145,2026-07-22T16:57:35.441Z,369.00,delivered
MSH407311996,S0001,meesho,TSHIRT-WHT-XL,2,C01320,2026-09-20T22:32:00.892Z,862.20,delivered
OD639216771183,S0003,flipkart,KURTI-YEL-L,1,C00879,2026-07-25T04:52:20.068Z,569.00,delivered
OD818878635478,S0009,flipkart,HANDBAG-PNK-FREE,1,C00546,2026-07-06T03:45:31.157Z,1069.00,delivered
MSH979040514,S0007,meesho,HOODIE-BLK-XL,1,C01698,2026-08-29T01:01:55.966Z,1479.00,delivered
MSH775602033,S0001,meesho,TSHIRT-GRN-L,2,C02672,2026-08-03T06:22:17.807Z,929.10,cancelled
MYN6780586984,S0004,myntra,KURTI-YEL-XL,2,C00419,2026-09-18T06:36:50.888Z,1218.00,delivered
OD375295727626,S0002,flipkart,TSHIRT-WHT-M,1,C00324,2026-07-30T01:43:27.979Z,439.00,delivered
MSH774910272,S0002,meesho,HOODIE-YEL-M,1,C00185,2026-09-02T01:48:35.787Z,1149.00,confirmed
OD227680339368,S0033,flipkart,TSHIRT-RED-S,1,C00428,2026-08-09T03:46:02.385Z,265.05,shipped
OD458454666199,S0003,flipkart,SAREE-MAR-FREE,5,C02611,2026-07-23T15:54:31.347Z,7150.50,delivered
OD578000420660,S0028,flipkart,JEANS-RED-34,1,C02076,2026-08-31T23:43:59.853Z,1159.00,returned
395-1504396-4865939,S0040,amazon,JEANS-MAR-30,1,C02717,2026-08-27T14:30:23.800Z,1479.00,delivered
OD732900088076,S0024,flipkart,KURTI-RED-S,3,C02956,2026-09-22T11:24:52.034Z,1479.15,delivered
OD276853283276,S0037,flipkart,JEANS-BLU-30,1,C01774,2026-09-01T18:54:37.557Z,669.00,confirmed
OD686631335022,S0002,flipkart,HOODIE-BLK-L,1,C00141,2026-08-26T21:01:52.148Z,1019.00,delivered
MYN5062547551,S0003,myntra,SAREE-MAR-FREE,2,C02635,2026-09-20T08:18:58.579Z,3019.10,delivered
MYN5232430014,S0006,myntra,SNEAKER-RED-10,2,C01935,2026-09-23T20:22:41.101Z,5641.10,cancelled
MSH075100569,S0007,meesho,HOODIE-BLK-XL,1,C02208,2026-08-03T15:07:46.490Z,1479.00,pending
OD787834476677,S0033,flipkart,TSHIRT-RED-S,2,C00576,2026-08-08T12:04:43.718Z,502.20,delivered
MYN7418042302,S0006,myntra,,3,C00895,2026-09-16T00:28:12.465Z,8907.00,confirmed
126-3413729-9178571,S0001,amazon,TSHIRT-WHT-XL,4,C00021,2026-09-16T14:50:46.497Z,1916.00,delivered
OD048549008672,S0002,flipkart,TSHIRT-BLU-XL,2,C00230,2026-07-10T07:26:40.403Z,1222.20,delivered
652-7416905-5356250,S0028,amazon,JEANS-PNK-36,1,C01006,2026-08-23T00:36:00.909Z,1059.00,delivered
MYN7023871903,S0003,myntra,KURTI-MAR-XL,1,C00493,2026-07-21T02:54:49.806Z,589.00,pending
MSH320249279,S0036,meesho,JEANS-YEL-36,1,C02205,2026-09-08T04:23:36.922Z,769.00,delivered
OD090635658089,S0002,flipkart,HOODIE-YEL-M,1,C00488,2026-08-28T04:04:15.433Z,1149.00,delivered
OD964880896138,S0002,flipkart,HOODIE-YEL-M,2,C01272,2026-08-31T14:14:05.966Z,2183.10,delivered
MYN3748708218,S0003,myntra,KURTI-BLK-L,4,C02823,2026-07-29T08:27:20.783Z,3076.00,returned
626-3678340-0627173,S0044,amazon,HOODIE-WHT-M,1,C02942,2026-08-22T10:59:10.852Z,1389.00,delivered
825-7107626-8868961,S0001,amazon,HOODIE-GRN-XL,1,C02795,2026-08-24T08:54:39.388Z,1747.05,returned
MYN6494608660,S0034,myntra,HANDBAG-YEL-FREE,1,C01153,2026-09-10T03:41:06.622Z,1186.55,delivered
MYN3148843574,S0004,myntra,KURTI-BLU-S,1,C00889,2026-09-29T17:28:29.686Z,829.00,delivered
408-9714166-0195169,S0009,amazon,HANDBAG-RED-FREE,1,C02838,2026-07-16T20:41:10.348Z,892.05,pending
MSH249596992,S0002,meesho,HOODIE-MAR-L,1,C01266,2026-09-03T02:35:58.269Z,1019.00,cancelled
089-8412121-3787422,S0001,amazon,TSHIRT-PNK-XL,2,C01227,2026-08-29T22:53:35.789Z,738.00,shipped
MSH088334297,S0002,meesho,TSHIRT-PNK-XL,3,C02790,2026-09-08T03:19:33.293Z,738.15,delivered
OD845119626263,S0009,flipkart,HANDBAG-PNK-FREE,3,C01896,2026-08-09T19:34:49.171Z,3207.00,delivered
798-8828069-7499688,S0009,amazon,HANDBAG-RED-FREE,1,C00797,2026-08-28T10:17:38.146Z,939.00,delivered
770-4037470-6197476,S0009,amazon,HANDBAG-PNK-FREE,5,C02690,2026-09-27T01:21:27.141Z,5077.75,shipped
MSH893919473,S0002,meesho,TSHIRT-BLU-XL,5,C02849,2026-07-18T14:13:15.216Z,3225.25,shipped
MSH212420913,S0002,meesho,HOODIE-BLK-L,3,C01748,2026-09-27T14:36:56.886Z,2904.15,cancelled
MYN4056775335,S0003,myntra,SAREE-MAR-FREE,1,C02813,2026-10-01T17:23:25.481Z,1589.00,delivered
740-9105232-9871173,S0032,amazon,WATCH-BLU-FREE,2,C02181,2026-09-05T11:42:50.232Z,3796.20,delivered
MSH351373513,S0005,meesho,SNEAKER-PNK-9,1,C00914,2026-07-12T16:08:06.315Z,827.10,returned
MYN0795921678,S0004,myntra,KURTI-BLU-S,1,C02557,2026-09-04T19:37:07.480Z,787.55,delivered
MSH693255842,S0002,meesho,HOODIE-YEL-M,2,C02941,2026-07-15T21:45:49.978Z,2183.10,confirmed
MYN4114111052,S0008,myntra,JEANS-YEL-32,1,C02633,2026-08-09T11:19:21.025Z,1709.05,delivered
MSH032854408,S0001,meesho,HOODIE-GRN-XL,1,C02861,2026-07-08T05:43:35.617Z,1747.05,delivered
170-9412207-4861041,S0025,amazon,SNEAKER-PNK-7,1,C00031,2026-07-29T05:29:25.237Z,2989.00,delivered
MSH405595171,S0002,meesho,TSHIRT-WHT-M,1,C00494,2026-09-23T14:46:53.045Z,439.00,delivered
634-6418381-1831080,S0001,amazon,TSHIRT-GRN-L,2,C02734,2026-09-17T21:13:56.050Z,978.00,delivered
MSH713540304,S0007,meesho,HOODIE-YEL-M,0,C01638,2026-07-20T02:39:04.252Z,1438.00,delivered
MYN2835252764,S0033,myntra,TSHIRT-RED-S,1,C02579,2026-08-11T14:13:23.602Z,279.00,delivered
MSH752820976,S0029,meesho,SNEAKER-YEL-8,4,C02089,2026-08-11T08:13:26.000Z,8096.40,delivered
OD694347944234,S0010,flipkart,SAREE-GRN-FREE,1,C02054,2026-08-23T13:17:34.175Z,1322.10,delivered
MSH162786192,S0027,meesho,SAREE-YEL-FREE,1,C01317,2026-07-26T15:04:11.774Z,1259.10,delivered
OD072891687409,S0010,flipkart,SAREE-GRN-FREE,1,C02962,2026-08-14T16:54:02.567Z,1395.55,delivered
OD088897473010,S0024,flipkart,KURTI-PNK-XL,2,C01976,2026-09-21T19:11:19.133Z,918.00,confirmed
MSH988621409,S0001,meesho,TSHIRT-GRN-L,5,C00296,2026-08-25T14:57:52.442Z,2445.00,confirmed
MYN9734140910,S0003,myntra,KURTI-BLK-M,2,C01854,2026-09-01T08:10:48.175Z,1558.00,shipped
MYN9359498162,S0006,myntra,SNEAKER-WHT-8,1,C02086,2026-09-12T01:24:27.949Z,1449.00,delivered
OD741083134646,S0002,flipkart,HOODIE-BLK-L,5,C01023,2026-07-07T06:57:32.194Z,5095.00,confirmed
MSH033523184,S0001,meesho,TSHIRT-GRN-L,1,C00790,2026-08-10T02:04:37.412Z,489.00,delivered
MSH245660688,S0036,meesho,JEANS-PNK-36,2,C00104,2026-07-16T19:59:27.992Z,2978.00,shipped
OD438181933637,S0003,flipkart,KURTI-GRN-L,1,C00481,2026-07-11T09:32:43.569Z,464.55,delivered
733-4619552-5857005,S0041,amazon,TSHIRT-RED-L,1,C01697,2026-09-26T02:55:14.251Z,529.00,confirmed
MYN5848361701,S0003,myntra,KURTI-BLK-L,4,C01528,2026-07-29T13:19:10.687Z,2768.40,delivered
595-6500454-8926811,S0001,amazon,HOODIE-PNK-M,4,C00806,2026-08-14T09:37:45.371Z,5756.40,delivered
OD373714880213,S0002,flipkart,TSHIRT-WHT-M,2,C01278,2026-09-15T13:04:38.884Z,878.00,delivered
OD872635278904,S0002,flipkart,HOODIE-BLK-L,1,C02298,2026-09-02T16:08:28.723Z,968.05,delivered
079-7357479-6704752,S0004,amazon,KURTI-YEL-XL,2,C02269,2026-07-13T10:24:17.415Z,1218.00,delivered
387-1325095-8580119,S0001,amazon,HOODIE-GRN-XL,1,C01513,2026-07-07T10:05:25.824Z,1839.00,shipped
382-4369182-0422175,S0004,amazon,KURTI-BLU-S,1,C01033,2026-09-01T17:38:28.974Z,829.00,delivered
MSH183818630,S0001,meesho,HOODIE-GRN-XL,1,C00663,2026-09-15T11:08:26.221Z,1839.00,delivered
164-1618284-3232214,S0013,amazon,SNEAKER-BLU-10,1,C02066,2026-09-23T09:02:20.599Z,911.05,delivered
MYN6034208140,S0040,myntra,JEANS-GRN-34,1,C02426,2026-09-12T18:54:25.596Z,1082.05,delivered
OD267560279838,S0010,flipkart,SAREE-WHT-FREE,3,C01796,2026-09-05T20:12:30.555Z,5440.65,confirmed
OD414352970195,S0024,flipkart,JEANS-RED-36,2,C00159,2026-08-22T12:02:52.648Z,1598.00,delivered
MYN7052857017,S0003,myntra,KURTI-YEL-L,2,C00332,2026-08-07T02:43:31.797Z,1081.10,delivered
MYN0516886973,S0035,myntra,WATCH-YEL-FREE,3,C01288,2026-07-16T04:49:55.661Z,4671.15,delivered
630-6054993-0754361,S0001,amazon,TSHIRT-PNK-XL,1,C02007,2026-08-23T07:37:56.359Z,369.00,cancelled
MSH407820473,S0009,meesho,HANDBAG-PNK-FREE,3,C02143,2026-07-21T05:29:11.276Z,3046.65,delivered
MYN0041774021,S0008,myntra,WATCH-PNK-FREE,2,C02508,2026-07-09T19:22:48.502Z,6154.20,delivered
OD998095129617,S0003,flipkart,KURTI-BLK-M,2,C00603,2026-09-09T07:42:24.202Z,1480.10,shipped
518-6131239-4677526,S0001,amazon,TSHIRT-WHT-XL,1,C00570,2026-08-03T18:13:30.410Z,455.05,delivered
MYN1156756583,S0014,myntra,KURTI-RED-M,2,C01323,2026-10-02T18:11:04.563Z,1423.10,delivered
MSH921854848,S0002,meesho,HOODIE-BLK-L,4,C02673,2026-07-25T14:21:57.282Z,4076.00,pending
MYN2581076385,S0004,myntra,KURTI-YEL-M,1,C00400,2026-09-23T17:34:08.067Z,869.00,shipped
OD335576338148,S0021,flipkart,SNEAKER-WHT-9,3,C01686,2026-07-26T04:15:06.987Z,2577.00,confirmed
995-4261679-6296679,S0001,amazon,HOODIE-GRN-XL,3,C00799,2026-08-10T08:16:38.776Z,5517.00,delivered
MYN9017143803,S0008,myntra,JEANS-BLU-34,2,C00251,2026-08-15T16:29:25.500Z,2848.10,cancelled
MYN2215150298,S0003,myntra,KURTI-BLK-L,1,C02013,2026-09-29T21:18:19.239Z,769.00,confirmed
MYN4178829381,S0003,myntra,KURTI-YEL-L,4,C01874,2026-07-16T00:50:15.399Z,2276.00,delivered
MSH379236855,S0002,meesho,HOODIE-YEL-M,3,C01328,2026-07-25T08:24:11.046Z,3274.65,shipped
087-6888763-1581594,,amazon,SAREE-BLK-FREE,4,C01919,2026-08-16T18:31:13.371Z,6916.00,delivered
497-5646871-7185649,S0001,amazon,HOODIE-PNK-M,1,C01167,2026-07-14T21:00:58.283Z,1599.00,returned
OD438553062049,S0042,flipkart,KURTI-WHT-S,2,C00869,2026-08-06T09:40:26.979Z,1218.00,delivered
192-6613032-6553588,S0021,amazon,SNEAKER-GRN-9,1,C00427,2026-08-31T01:55:05.645Z,2809.00,pending
593-5181280-0680612,S0027,amazon,SAREE-YEL-FREE,1,C00296,2026-08-23T08:11:16.872Z,1329.05,delivered
OD086463311618,S0038,flipkart,SNEAKER-BLK-8,2,C01182,2026-07-26T14:10:49.039Z,4398.00,delivered
MYN3816443632,S0044,myntra,HOODIE-YEL-XL,2,C02672,2026-08-16T09:14:54.454Z,3858.00,delivered
297-7407832-5224006,S0001,amazon,HOODIE-GRN-XL,1,C00186,2026-09-06T23:49:50.842Z,1839.00,delivered
MSH898348009,S0030,meesho,SAREE-WHT-FREE,1,C01356,2026-09-14T22:20:02.893Z,2259.00,delivered
MYN2551967631,S0029,myntra,SNEAKER-PNK-7,4,C02601,2026-09-22T15:16:30.567Z,10156.00,shipped
OD316165206136,S0002,flipkart,HOODIE-BLU-M,1,C01606,2026-09-28T21:36:01.647Z,1929.00,delivered
OD302030995646,S0002,flipkart,HOODIE-YEL-M,1,C02483,2026-08-01T00:31:58.644Z,1091.55,delivered
MSH900971753,S0001,meesho,TSHIRT-WHT-XL,1,C00044,2026-07-22T20:46:00.330Z,455.05,delivered
MYN0730381622,S0039,myntra,HANDBAG-BLK-FREE,2,C01773,2026-07-26T05:35:10.379Z,1618.00,shipping
MSH337751561,S0040,meesho,JEANS-PNK-32,1,C02993,2026-07-19T14:18:18.484Z,584.10,delivered
770-5891604-5659799,S0035,amazon,TSHIRT-GRN-L,2,C02517,2026-07-28T09:51:13.535Z,862.20,delivered
OD766222152259,S0028,flipkart,JEANS-GRN-36,3,C01848,2026-07-22T13:35:30.340Z,2277.15,delivered
088-3588155-8473426,S0001,amazon,HOODIE-GRN-XL,1,C01699,2026-09-21T18:29:59.984Z,1839.00,delivered
246-4301892-3227482,S0004,amazon,KURTI-MAR-S,3,C00906,2026-09-30T04:03:16.285Z,1077.00,cancelled
MSH638375379,S0002,meesho,HOODIE-YEL-M,3,C00232,2026-09-04T11:38:56.096Z,3102.30,returned
087-1016316-0030136,S0001,amazon,HOODIE-GRN-XL,2,C02135,2026-09-07T04:49:13.719Z,3310.20,delivered
OD885030716834,S0002,flipkart,HOODIE-YEL-M,1,C00558,2026-08-31T23:25:46.369Z,1149.00,delivered
MSH494118570,S0002,meesho,TSHIRT-PNK-M,1,C02330,2026-09-08T23:58:23.734Z,645.05,delivered
OD082856759965,S0002,flipkart,HOODIE-BLK-L,1,C00472,2026-08-25T18:50:29.548Z,1019.00,delivered
MYN0769483489,S0006,myntra,SNEAKER-RED-10,3,C00944,2026-09-04T16:04:19.819Z,8907.00,pending
413-8140766-8323023,S0004,amazon,KURTI-YEL-M,2,C02279,2026-07-12T19:31:09.223Z,1651.10,delivered
MYN7624581722,S0044,myntra,HOODIE-YEL-XL,5,C01674,2026-09-15T18:19:58.503Z,9645.00,delivered
606-6451405-2176557,S0041,amazon,KURTI-YEL-M,1,C01323,2026-09-22T10:45:44.401Z,825.55,delivered
272-6610694-1296321,S0004,amazon,KURTI-YEL-XL,2,C00654,2026-08-01T22:55:44.753Z,1218.00,shipped
888-4193772-0431897,S0025,amazon,SNEAKER-PNK-7,2,C02758,2026-08-06T07:25:46.690Z,5978.00,delivered
OD932906918840,S0003,flipkart,KURTI-MAR-XL,4,C02976,2026-08-31T12:35:48.066Z,2120.40,delivered
MSH916458094,S0005,meesho,SNEAKER-RED-10,1,C02878,2026-07-08T17:02:21.171Z,1919.00,delivered
432-4731469-5123551,S0009,amazon,HANDBAG-BLK-FREE,1,C00947,2026-07-10T10:31:45.326Z,1158.05,delivered
OD024312537341,S0010,flipkart,SAREE-GRN-FREE,1,C01799,2026-07-12T13:17:14.782Z,1469.00,delivered
MSH471649821,S0036,meesho,HOODIE-GRN-L,1,C00443,2026-07-12T10:44:24.670Z,1015.55,delivered
MYN1955702565,S0019,myntra,WATCH-BLU-FREE,4,C00045,2026-07-22T00:33:33.873Z,8036.00,delivered
129-5547408-6095519,S0045,amazon,WATCH-GRN-FREE,4,C00660,2026-07-12T16:30:54.705Z,6260.40,pending
OD016187721154,S0021,flipkart,SNEAKER-YEL-8,3,C01118,2026-08-20T13:34:26.438Z,2454.30,delivered
MSH699514866,S0005,meesho,SNEAKER-BLU-7,1,C01114,2026-08-27T19:32:03.073Z,2469.00,delivered
OD001255870018,S0002,flipkart,HOODIE-BLK-L,3,C00231,2026-09-17T20:35:04.614Z,3057.00,pending
OD315838783244,S0050,flipkart,WATCH-BLU-FREE,4,C01519,2026-09-17T05:49:16.047Z,8036.00,returned
OD785306658588,S0002,flipkart,HOODIE-MAR-XL,3,C02922,2026-09-27T23:09:25.349Z,2817.00,cancelled
MSH815546999,S0027,meesho,SAREE-BLK-FREE,1,C02002,2026-07-16T07:48:03.439Z,2029.00,returned
OD051988878498,S0037,flipkart,JEANS-BLU-30,4,C01013,2026-08-28T03:45:11.011Z,2676.00,delivered
684-9945966-9151547,S0004,amazon,KURTI-YEL-M,1,C00731,2026-07-19T19:46:53.697Z,825.55,delivered
MYN6906333340,S0004,myntra,KURTI-MAR-S,3,C01400,2026-08-26T19:28:16.812Z,1023.15,delivered
OD715482149654,S0036,flipkart,JEANS-BLU-36,1,C01807,2026-08-17T03:30:52.858Z,979.00,delivered
MSH796323151,S0002,meesho,HOODIE-BLK-L,2,C01677,2026-09-10T19:41:46.964Z,2038.00,delivered
OD777827677292,S0034,flipkart,HANDBAG-YEL-FREE,2,C02168,2026-08-05T04:22:01.844Z,2498.00,returned
MSH049015051,S0001,meesho,TSHIRT-WHT-XL,1,C02657,2026-07-29T01:39:27.566Z,479.00,delivered
MSH005318546,S0007,meesho,HOODIE-BLK-XL,1,C02797,2026-09-28T16:32:23.101Z,1405.05,returned
MSH322621668,S0002,meesho,TSHIRT-WHT-M,2,C02595,2026-09-08T22:33:01.953Z,878.00,delivered
MSH356937320,S0001,meesho,HOODIE-PNK-M,3,C01133,2026-08-01T01:27:54.587Z,4557.15,delivered
MSH995401726,S0030,meesho,SAREE-PNK-FREE,2,C00941,2026-09-27T20:26:20.704Z,4178.00,shipped
MYN8317030353,S0003,myntra,SAREE-MAR-FREE,1,C02056,2026-07-24T07:47:20.735Z,-1589.00,delivered
MYN4029547629,S0003,myntra,KURTI-PNK-XL,1,C02190,2026-07-12T13:33:43.087Z,789.00,delivered
MYN7934581703,S0035,myntra,TSHIRT-GRN-L,2,C02059,2026-07-21T03:43:59.658Z,862.20,delivered
MSH905599415,S0002,meesho,TSHIRT-GRN-M,2,C00536,2026-09-08T02:07:54.514Z,929.10,delivered
073-1084768-0009700,S0009,amazon,HANDBAG-PNK-FREE,3,C02581,2026-09-22T09:11:00.338Z,3207.00,delivered
417-8067049-0412778,S0048,amazon,HOODIE-GRN-L,1,C00498,2026-07-26T22:50:02.317Z,1299.00,confirmed
MYN3284576933,S0033,myntra,TSHIRT-RED-S,1,C00459,2026-09-16T16:43:30.061Z,265.05,delivered
MSH405457695,S0027,meesho,SAREE-WHT-FREE,3,C00342,2026-09-11T14:30:26.916Z,5212.65,confirmed
OD300960145158,S0002,flipkart,,1,C02461,2026-07-30T07:56:26.303Z,417.05,pending
MYN6520144098,S0019,myntra,WATCH-BLK-FREE,1,C02576,2026-08-08T18:40:50.688Z,1322.10,delivered
MSH722553368,S0026,meesho,WATCH-PNK-FREE,1,C02470,2026-09-26T16:28:40.193Z,1043.10,shipped
MYN9930706265,S0008,myntra,WATCH-YEL-FREE,1,C02218,2026-08-29T23:39:30.518Z,728.10,confirmed
OD921985538456,S0009,flipkart,HANDBAG-BLK-FREE,1,C02286,2026-09-23T11:13:38.888Z,1219.00,delivered
MSH590692291,S0005,meesho,SNEAKER-BLK-7,1,C02276,2026-08-26T20:06:58.597Z,2279.00,delivered
OD169961628806,S0014,flipkart,KURTI-WHT-XL,1,C00936,2026-09-07T10:50:33.275Z,474.05,confirmed
OD950190172927,S0002,flipkart,TSHIRT-PNK-XL,1,C02629,2026-08-24T18:52:57.905Z,233.10,delivered
MSH572423849,S0001,meesho,TSHIRT-GRN-L,1,C01682,2026-07-27T03:25:17.827Z,489.00,returned
MYN4762429146,S0044,myntra,HOODIE-RED-L,1,C02669,2026-09-23T12:09:31.734Z,1809.00,delivered
MSH491883358,S0007,meesho,HOODIE-YEL-M,1,C01300,2026-09-08T17:34:46.635Z,719.00,delivered
OD692923048228,S0002,flipkart,HOODIE-BLK-L,1,C00454,2026-08-08T05:28:27.371Z,968.05,delivered
MSH368651758,S0002,meesho,TSHIRT-RED-L,4,C00033,2026-09-11T01:51:43.074Z,1724.40,delivered
MYN2284549011,S0006,myntra,SNEAKER-RED-10,1,C01866,2026-09-19T18:02:14.565Z,2672.10,delivered
595-3273292-8228884,S0001,amazon,TSHIRT-PNK-XL,3,C01897,2026-07-22T14:55:24.021Z,996.30,delivered
OD403969267447,S0002,flipkart,HOODIE-YEL-M,3,C01459,2026-08-11T10:31:04.128Z,3447.00,cancelled
MYN2522636214,S0019,myntra,,2,C02408,2026-09-22T05:52:48.006Z,5394.10,delivered
OD125683818313,S0002,flipkart,TSHIRT-PNK-M,5,C01944,2026-07-23T09:39:51.410Z,3395.00,confirmed
OD993150522598,S0003,flipkart,SAREE-MAR-FREE,3,C02667,2026-07-26T01:31:44.832Z,4290.30,delivered
MSH824955781,S0001,meesho,HOODIE-GRN-XL,5,C01833,2026-08-16T14:56:07.921Z,9195.00,delivered
OD119071759009,S0024,flipkart,JEANS-MAR-36,1,C01046,2026-08-16T06:51:35.575Z,839.00,delivered
231-2700647-1559350,S0013,amazon,SNEAKER-GRN-7,4,C00383,2026-07-13T02:00:49.728Z,4516.00,delivered
MYN0881662460,S0006,myntra,SNEAKER-RED-10,2,C00156,2026-07-25T04:51:09.604Z,5938.00,delivered
OD461942237056,S0002,flipkart,HOODIE-BLK-L,2,C00068,2026-08-27T00:54:15.395Z,1834.20,confirmed
MYN4593461837,S0011,myntra,KURTI-PNK-S,4,C02730,2026-07-23T05:41:15.288Z,1476.00,delivered
OD958444001687,S0025,flipkart,SNEAKER-PNK-8,2,C00790,2026-08-19T02:19:44.089Z,2212.20,delivered
MSH053915430,S0007,meesho,HOODIE-WHT-L,2,C01566,2026-07-13T06:03:43.931Z,2298.00,pending
OD542025016234,S0002,flipkart,TSHIRT-BLU-XL,1,C02907,2026-07-22T12:21:18.018Z,679.00,confirmed
510-0987970-9557120,S0009,amazon,HANDBAG-GRN-FREE,3,C00176,2026-09-17T11:30:31.470Z,1587.00,delivered
MSH532353659,S0001,meesho,HOODIE-PNK-M,4,C00183,2026-09-04T13:10:21.768Z,5756.40,returned
411-7850931-0994884,S0008,amazon,JEANS-PNK-30,1,C00127,2026-08-24T16:16:13.744Z,1179.00,shipped
MYN0206618850,S0047,myntra,KURTI-PNK-M,2,C02126,2026-08-21T11:11:18.323Z,1438.00,delivered
MYN6033789074,S0006,myntra,SNEAKER-YEL-7,0,C02299,2026-09-16T21:43:50.552Z,1250.10,cancelled
MYN0873347459,S0004,myntra,KURTI-YEL-XL,1,C00331,2026-07-16T18:14:50.994Z,609.00,delivered
MYN9934663669,S0038,myntra,SNEAKER-BLU-8,4,C01551,2026-09-21T01:02:16.953Z,5252.40,delivered
MSH183676311,S0007,meesho,HOODIE-WHT-L,1,C02557,2026-08-22T06:23:55.890Z,1034.10,delivered
MYN7405172794,S0029,myntra,SNEAKER-BLU-7,3,C01415,2026-09-30T08:46:37.835Z,2997.00,shipped
797-0269518-9772561,S0004,amazon,KURTI-BLU-S,1,C02387,2026-08-20T13:53:33.867Z,829.00,cancelled
OD533381378796,S0003,flipkart,KURTI-YEL-M,3,C01512,2026-08-26T15:29:29.990Z,987.00,delivered
MSH365315196,S0001,meesho,TSHIRT-GRN-L,4,C01800,2026-09-30T03:29:00.753Z,1858.20,delivered
MSH520047262,S0036,meesho,JEANS-PNK-36,2,C02142,2026-07-12T00:50:50.865Z,2978.00,delivered
611-3554536-4212872,S0008,amazon,JEANS-BLU-34,3,C00478,2026-09-28T15:40:26.687Z,4047.30,delivered
OD574796672661,S0015,flipkart,SAREE-GRN-FREE,4,C01849,2026-07-10T01:23:30.227Z,9196.00,delivered
MSH962556762,S0009,meesho,HANDBAG-PNK-FREE,4,C02488,2026-07-18T01:44:52.227Z,4276.00,delivered
MYN7374305376,S0047,myntra,WATCH-MAR-FREE,1,C02861,2026-09-06T19:31:11.183Z,2019.00,delivered
MSH002292606,S0007,meesho,HOODIE-PNK-M,1,C00085,2026-07-28T18:50:37.490Z,1259.00,delivered
OD596063346187,S0002,flipkart,TSHIRT-WHT-M,1,C00829,2026-08-16T23:43:40.489Z,417.05,delivered
MSH621238540,S0001,meesho,HOODIE-GRN-XL,2,C02171,2026-08-23T18:59:20.469Z,3310.20,delivered
MSH510629771,S0001,meesho,HOODIE-GRN-XL,1,C00581,2026-09-07T03:11:42.953Z,1839.00,pending
MYN0305274231,S0038,myntra,SNEAKER-BLK-8,3,C00683,2026-09-10T00:07:54.360Z,6267.15,delivered
MYN7978460129,S0043,myntra,HANDBAG-WHT-FREE,4,C00538,2026-08-05T15:28:20.270Z,2124.20,delivered
MSH378204573,S0007,meesho,HOODIE-WHT-L,3,C02582,2026-08-23T15:17:49.266Z,3102.30,shipped
OD170493870099,S0002,flipkart,HOODIE-BLK-L,2,C02005,2026-09-30T11:43:10.589Z,1936.10,delivered
OD403021780476,S0003,flipkart,KURTI-YEL-M,2,C00335,2026-07-23T10:44:22.725Z,658.00,shipped
465-0863751-3388236,S0012,amazon,KURTI-BLU-XL,1,C01451,2026-09-07T01:29:13.839Z,816.05,delivered
163-7514081-4921156,S0040,amazon,JEANS-GRN-34,1,C02172,2026-08-05T07:19:03.923Z,1139.00,delivered
MYN7659005721,S0019,myntra,WATCH-WHT-FREE,1,C00765,2026-09-10T13:00:31.533Z,2355.05,delivered
114-7071830-9780689,S0009,amazon,HANDBAG-RED-FREE,2,C00646,2026-08-18T16:28:06.871Z,1878.00,delivered
OD327144164975,S0010,flipkart,SAREE-GRN-FREE,2,C00208,2026-09-21T22:16:08.255Z,2938.00,cancelled
MSH763366063,S0001,meesho,HOODIE-GRN-XL,1,C00602,2026-08-12T13:52:15.047Z,1839.00,delivered
MSH010760976,S0023,meesho,SAREE-RED-FREE,1,C00400,2026-07-15T18:55:00.822Z,1016.10,delivered
MYN7903531734,S0047,myntra,WATCH-RED-FREE,1,C00599,2026-09-27T17:33:11.213Z,2375.10,delivered
600-7463369-7130600,S0001,amazon,TSHIRT-WHT-XL,1,C01841,2026-07-15T17:47:16.885Z,479.00,delivered
OD434655451469,S0009,flipkart,HANDBAG-PNK-FREE,1,C02478,2026-08-03T23:09:44.025Z,1069.00,cancelled
135-3108043-0806515,S0001,amazon,TSHIRT-WHT-XL,3,C00649,2026-08-03T21:50:28.104Z,1437.00,delivered
767-0391054-8677744,S0001,amazon,TSHIRT-WHT-XL,1,C02786,2026-07-08T21:16:15.921Z,455.05,delivered
134-6603293-1568447,S0009,amazon,HANDBAG-PNK-FREE,1,C01435,2026-07-29T00:38:55.435Z,1069.00,delivered
361-0628252-1796759,S0001,amazon,TSHIRT-PNK-XL,4,C01534,2026-08-05T19:54:30.148Z,1402.20,confirmed
OD796889967906,S0015,flipkart,WATCH-RED-FREE,4,C01815,2026-09-12T18:53:15.555Z,7124.40,confirmed
492-0435840-8133925,S0025,amazon,SNEAKER-PNK-7,3,C01088,2026-09-12T18:56:00.969Z,8967.00,shipped
OD166694979864,S0002,flipkart,TSHIRT-WHT-M,2,C02143,2026-08-12T00:59:56.017Z,878.00,delivered
OD110163451079,S0010,flipkart,SAREE-MAR-FREE,1,C02215,2026-09-22T10:14:56.394Z,1179.00,cancelled
966-8500713-6738481,S0008,amazon,JEANS-BLU-34,1,C01086,2026-07-19T08:15:32.759Z,1424.05,confirmed
OD708164518688,S0002,flipkart,HOODIE-MAR-L,4,C00330,2026-09-09T18:26:52.264Z,3668.40,confirmed
OD553630967935,S0003,flipkart,SAREE-MAR-FREE,4,C00604,2026-09-05T20:10:48.313Z,6356.00,confirmed
MYN5597917652,S0029,myntra,SNEAKER-RED-7,1,C01598,2026-10-01T07:47:30.337Z,2869.00,delivered
MSH037498781,S0005,meesho,SNEAKER-PNK-9,2,C02975,2026-07-20T12:08:47.658Z,1838.00,delivered
864-1640819-9648409,S0004,amazon,KURTI-YEL-XL,3,C01716,2026-08-05T21:28:30.206Z,1735.65,delivered
MYN8616411271,S0006,myntra,SNEAKER-GRN-7,5,C01810,2026-08-09T22:28:09.952Z,4195.00,delivered
OD242168409106,S0018,flipkart,JEANS-MAR-36,1,C02507,2026-09-30T18:01:14.404Z,1149.00,shipped
438-8089445-6889697,S0001,amazon,HOODIE-GRN-XL,3,C01337,2026-08-26T01:07:13.480Z,5517.00,pending
341-1727034-6721853,S0032,amazon,WATCH-GRN-FREE,1,C02540,2026-09-29T04:45:57.030Z,729.00,delivered
419-6775029-4631180,S0045,amazon,WATCH-BLK-FREE,2,C02199,2026-08-15T22:46:52.264Z,6638.00,delivered
MYN9941806856,S0006,myntra,SNEAKER-MAR-9,2,C01552,2026-09-20T03:13:45.322Z,3472.20,delivered
155-2991422-4138400,S0001,amazon,HOODIE-GRN-XL,3,C01602,2026-08-14T22:43:12.840Z,5517.00,returned
OD920927135604,S0034,flipkart,HANDBAG-BLU-FREE,1,C01007,2026-07-14T15:09:05.454Z,1329.00,delivered
MYN0211986357,S0006,myntra,SNEAKER-YEL-7,1,C00158,2026-07-20T13:16:11.373Z,1319.55,delivered
MYN5674045080,S0006,myntra,SNEAKER-MAR-9,3,C02935,2026-08-29T11:04:16.731Z,5787.00,delivered
MSH386847337,S0001,meesho,HOODIE-GRN-XL,1,C00415,2026-09-05T00:15:45.948Z,1839.00,delivered
MYN0303880767,S0004,myntra,KURTI-BLU-S,1,C00185,2026-08-13T10:06:57.508Z,829.00,confirmed
MSH290804314,S0001,meesho,HOODIE-PNK-M,2,C00950,2026-10-01T21:52:10.238Z,3038.10,cancelled
MYN1718184147,S0019,myntra,WATCH-PNK-FREE,2,C00545,2026-09-19T18:46:36.445Z,6287.10,pending
MSH657654328,S0001,meesho,HOODIE-GRN-XL,2,C00159,2026-08-18T07:33:57.214Z,3678.00,delivered
OD466350596548,S0002,flipkart,TSHIRT-RED-S,1,C01640,2026-08-13T07:33:22.976Z,379.00,cancelled
266-9165223-3564200,S0009,amazon,HANDBAG-PNK-FREE,1,C01824,2026-08-12T01:03:53.169Z,1015.55,shipped
MYN5965395853,S0006,myntra,SNEAKER-YEL-9,2,C00498,2026-07-29T18:35:33.597Z,2753.10,returned
MYN1637348765,S0046,myntra,HOODIE-BLU-L,1,C01696,2026-07-22T11:45:44.809Z,1479.00,delivered
OD025839446255,S0048,flipkart,HOODIE-RED-XL,2,C02642,2026-07-24T08:59:38.264Z,1765.10,delivered
929-8773106-5497145,S0027,amazon,SAREE-WHT-FREE,3,C00425,2026-07-21T15:41:12.864Z,4938.30,pending
OD544401770484,S0025,flipkart,SNEAKER-BLU-10,2,C01525,2026-09-04T15:21:53.230Z,3138.00,delivered
MYN2555970514,S0038,myntra,SNEAKER-BLU-8,1,C01846,2026-07-07T21:15:51.380Z,1386.05,confirmed
MSH349503996,S0010,meesho,HANDBAG-RED-FREE,4,C02070,2026-09-21T18:51:38.320Z,2228.40,returned
MSH327248659,S0011,meesho,KURTI-BLU-M,3,C02511,2026-09-10T08:01:46.859Z,1995.30,delivered
MSH090120106,S0002,meesho,HOODIE-BLU-M,1,C00545,2026-09-12T11:59:17.222Z,1929.00,confirmed
123-2037884-4050135,S0001,amazon,TSHIRT-WHT-XL,1,C00272,2026-07-22T17:12:14.679Z,479.00,delivered
074-8708203-8077820,S0040,amazon,JEANS-MAR-30,1,C01845,2026-09-16T00:34:53.458Z,1331.10,delivered
553-0984163-4678629,S0001,amazon,HOODIE-GRN-XL,1,C00306,2026-07-14T17:29:10.661Z,1839.00,delivered
OD291222043374,S0050,flipkart,WATCH-PNK-FREE,1,C01169,2026-09-11T13:34:24.219Z,2289.00,delivered
OD490549562959,S0008,flipkart,JEANS-BLU-34,3,C02628,2026-07-31T00:54:13.677Z,4497.00,returned
XXXXXXXXXXXXXXXXXXXXXXXXXXXXXXXXXXXXXXXXXXXXXXXXXXXXXXXXXXXXXXXXXXXXXX,S0040,meesho,JEANS-GRN-34,1,C01370,2026-09-16T04:19:21.088Z,1139.00,shipped
776-8802789-1918289,S0025,amazon,SNEAKER-BLU-10,3,C01355,2026-09-11T02:34:35.961Z,4471.65,delivered
OD915695735708,S0010,flipkart,HANDBAG-PNK-FREE,5,C00865,2026-07-15T16:51:04.167Z,3595.00,returned
MSH585606855,S0005,meesho,SNEAKER-BLU-8,5,C00115,2026-08-24T15:28:45.881Z,13795.00,delivered
OD990084384027,S0002,flipkart,TSHIRT-BLU-XL,4,C00061,2026-08-19T09:07:02.993Z,2716.00,delivered
MSH265153708,S0001,meesho,HOODIE-GRN-XL,4,C01983,2026-09-03T00:39:32.297Z,6988.20,delivered
696-9731391-7684272,S0013,amazon,SNEAKER-GRN-7,4,C02487,2026-09-17T09:33:44.124Z,4290.20,returned
OD781799994412,S0035,flipkart,TSHIRT-GRN-L,2,C02885,2026-07-14T13:14:16.722Z,958.00,pending
OD397265943094,S0017,flipkart,KURTI-WHT-M,1,C02928,2026-08-04T19:50:33.357Z,669.00,delivered
MSH399609007,S0002,meesho,HOODIE-BLU-M,1,C01540,2026-07-07T10:09:10.131Z,1832.55,shipped
MSH236091566,S0001,meesho,HOODIE-GRN-XL,1,C00541,2026-08-09T05:21:56.356Z,1655.10,delivered
OD376657393752,S0024,flipkart,JEANS-RED-36,1,C00381,2026-08-19T02:27:54.726Z,799.00,shipped
957-3229643-2899519,S0028,amazon,JEANS-RED-34,1,C00625,2026-07-09T21:10:03.731Z,1101.05,delivered
MSH012363146,S0005,meesho,SNEAKER-BLU-7,1,C00238,2026-09-16T01:20:54.910Z,2469.00,delivered
883-7740431-0372714,S0001,amazon,TSHIRT-WHT-XL,1,C01427,2026-08-17T01:24:59.596Z,431.10,returned
MSH789655531,S0001,meesho,TSHIRT-GRN-L,3,C02351,2026-09-07T19:52:16.969Z,1467.00,confirmed
MSH769211108,S0026,meesho,HANDBAG-GRN-FREE,1,C02878,2026-09-28T08:10:17.239Z,509.00,delivered
OD253778349326,S0025,flipkart,SNEAKER-PNK-8,1,C02496,2026-08-07T18:12:15.973Z,1229.00,delivered
082-1914091-6608061,S0001,amazon,HOODIE-GRN-XL,2,C02452,2026-07-25T22:51:24.556Z,3310.20,delivered
MYN7311433042,S0019,myntra,WATCH-PNK-FREE,1,C00443,2026-09-16T12:55:45.618Z,2978.10,delivered
MSH866490606,S0026,meesho,WATCH-MAR-FREE,1,C01065,2026-07-28T10:06:16.114Z,2669.00,delivered
OD233137393508,S0002,flipkart,HOODIE-MAR-L,1,C02786,2026-08-22T14:12:00.902Z,1019.00,delivered
MSH342968290,S0002,meesho,TSHIRT-WHT-M,4,C01077,2026-09-17T21:44:11.969Z,1756.00,delivered
765-3987398-0630508,S0004,amazon,KURTI-MAR-S,1,C01269,2026-09-21T12:30:15.731Z,359.00,delivered
MSH748013731,S0007,meesho,JEANS-BLU-36,1,C00310,2026-08-16T08:22:48.320Z,1119.00,cancelled
255-5315715-5445719,S0033,amazon,TSHIRT-RED-M,1,C01683,2026-07-07T12:15:15.452Z,669.00,cancelled
MSH025373778,S0002,meesho,TSHIRT-RED-S,1,C01279,2026-08-25T00:39:13.334Z,379.00,delivered
MYN7547245023,S0019,myntra,WATCH-BLK-FREE,1,C02422,2026-09-22T16:12:01.007Z,1395.55,confirmed
OD747480552353,S0002,flipkart,TSHIRT-BLU-XL,3,C02822,2026-07-28T11:15:57.735Z,1833.30,returned
MYN2734400536,S0008,myntra,JEANS-BLK-36,1,C01793,2026-08-12T04:11:59.101Z,719.10,delivered
MYN9934875639,S0008,myntra,JEANS-BLK-36,2,C01402,2026-07-08T05:44:11.037Z,1598.00,returned
OD488983586862,S0003,flipkart,KURTI-BLK-M,2,C00440,2026-09-01T13:01:45.582Z,1558.00,returned
MSH570459471,S0002,meesho,TSHIRT-GRN-M,2,C00068,2026-07-10T02:13:39.736Z,880.20,delivered
398-4399766-1395569,S0001,amazon,HOODIE-GRN-XL,2,C01071,2026-07-21T13:50:42.729Z,3494.10,delivered
MSH091505853,S0002,meesho,TSHIRT-PNK-XL,1,C00506,2026-08-20T13:33:46.230Z,246.05,delivered
OD226464059822,S0003,flipkart,KURTI-PNK-XL,1,C00682,2026-09-03T10:22:21.688Z,710.10,returned
287-2185250-9118290,S0004,amazon,KURTI-BLU-S,1,C02779,2026-07-18T13:00:41.601Z,829.00,delivered
762-2841417-1980237,S0004,amazon,KURTI-MAR-S,1,C02110,2026-08-04T16:32:20.298Z,359.00,cancelled
154-3266392-8531096,S0025,amazon,SNEAKER-BLK-9,3,C01805,2026-07-19T10:34:53.538Z,6979.65,shipped
352-8653824-5075533,S0004,amazon,KURTI-YEL-XL,2,C00075,2026-08-09T04:25:25.639Z,1218.00,returned
OD363515552246,S0010,flipkart,SAREE-WHT-FREE,1,C01219,2026-07-05T23:16:04.044Z,1909.00,pending
OD449461406354,S0002,flipkart,TSHIRT-WHT-M,2,C01683,2026-09-24T19:47:05.290Z,878.00,delivered
611-1462284-1876111,S0045,amazon,WATCH-BLK-FREE,5,C00540,2026-09-06T23:18:42.174Z,16595.00,delivered
648-2746102-0472601,S0001,amazon,TSHIRT-PNK-XL,2,C02866,2026-08-22T14:01:13.602Z,738.00,returned
OD229103254660,S0002,flipkart,HOODIE-YEL-M,1,C00024,2026-07-07T13:46:55.657Z,1149.00,delivered
591-6423174-5998784,S0001,amazon,HOODIE-GRN-XL,3,C02185,2026-07-07T16:35:00.670Z,5517.00,returned
423-9661496-3194094,S0001,amazon,HOODIE-GRN-XL,1,C00963,2026-08-08T23:00:09.764Z,1839.00,shipped
MSH870188224,S0007,meesho,JEANS-BLK-34,1,C00400,2026-09-29T06:51:42.799Z,787.55,confirmed
OD746341894318,S0035,flipkart,TSHIRT-GRN-L,4,C01695,2026-09-27T18:16:34.828Z,1916.00,delivered
221-6704955-8286853,S0033,amazon,TSHIRT-BLK-S,1,C01122,2026-08-21T02:48:58.775Z,635.55,delivered
OD392866324826,S0003,flipkart,KURTI-YEL-L,2,C01331,2026-08-23T00:18:49.986Z,1024.20,delivered
375-8448050-1645491,S0023,amazon,SAREE-BLU-FREE,2,C01762,2026-09-15T02:36:30.874Z,4710.10,confirmed
MYN8497554124,S0037,myntra,JEANS-BLU-30,5,C01847,2026-07-21T11:49:24.640Z,3345.00,delivered
OD479502128157,S0002,flipkart,TSHIRT-WHT-M,1,C02598,2026-08-30T19:47:39.538Z,417.05,delivered
338-7877381-1463210,S0001,amazon,TSHIRT-GRN-L,1,C02451,2026-07-08T14:36:11.360Z,489.00,shipped
OD910040497762,S0002,flipkart,HOODIE-YEL-M,1,C01130,2026-08-22T04:53:28.694Z,1034.10,delivered
OD251006832006,S0002,flipkart,HOODIE-BLU-M,2,C01047,2026-09-26T19:03:23.372Z,3858.00,shipping
MYN9052498393,S0003,myntra,SAREE-RED-FREE,1,C00110,2026-08-17T07:46:31.190Z,971.10,cancelled
OD790418384776,S0002,flipkart,HOODIE-YEL-M,3,C02113,2026-08-03T16:07:48.936Z,3447.00,delivered
825-0808285-8956243,S0001,amazon,HOODIE-GRN-XL,1,C01655,2026-09-08T12:02:48.215Z,1655.10,delivered
OD258451138208,S0009,flipkart,HANDBAG-RED-FREE,5,C02731,2026-09-25T10:08:14.998Z,4695.00,delivered
OD934340403212,S0003,flipkart,KURTI-BLK-L,1,C02509,2026-09-28T11:14:15.083Z,769.00,cancelled
OD452010420988,S0035,flipkart,TSHIRT-GRN-L,1,C01157,2026-07-20T17:28:02.992Z,479.00,delivered
943-1719328-5758847,S0001,amazon,HOODIE-GRN-XL,3,C02981,2026-07-26T05:07:08.900Z,4965.30,shipped
470-6873706-2661679,S0001,amazon,TSHIRT-PNK-XL,5,C01185,2026-07-10T03:28:16.401Z,1660.50,delivered
165-9964040-5846190,S0034,amazon,HANDBAG-YEL-FREE,1,C01445,2026-07-06T20:49:01.715Z,1249.00,delivered
OD528060038520,S0002,flipkart,HOODIE-YEL-M,1,C00291,2026-09-28T02:24:22.819Z,1149.00,delivered
OD516636511638,S0003,flipkart,KURTI-PNK-XL,1,C00111,2026-08-23T21:19:06.888Z,749.55,delivered
MSH548536485,S0005,meesho,SNEAKER-GRN-7,two,C01772,2026-08-11T11:57:24.537Z,4192.20,delivered
335-1543094-6856005,S0001,amazon,HOODIE-GRN-XL,1,C01558,2026-09-15T01:47:17.018Z,1839.00,confirmed
MYN9528204602,S0048,myntra,HOODIE-BLK-L,1,C01619,2026-07-08T08:22:59.703Z,1289.00,confirmed
MYN9410335847,S0034,myntra,HANDBAG-YEL-FREE,1,C02401,2026-07-19T22:39:50.961Z,1249.00,confirmed
036-3524928-4630574,S0028,amazon,JEANS-GRN-34,2,C01143,2026-09-14T01:46:56.856Z,2284.20,cancelled
MSH084744409,S0040,meesho,JEANS-BLU-34,1,C02394,2026-07-25T14:42:04.036Z,920.55,returned
426-2006525-6477486,S0001,amazon,HOODIE-GRN-XL,1,C01972,2026-08-19T12:07:07.065Z,1655.10,confirmed
OD754092467407,S0002,flipkart,HOODIE-YEL-M,0,C00019,2026-08-02T16:59:42.134Z,1034.10,delivered
969-1310380-6573469,S0001,amazon,HOODIE-GRN-XL,3,C01457,2026-08-08T10:32:35.495Z,5517.00,pending
164-6421898-9302808,S0033,amazon,TSHIRT-RED-S,1,C01522,,265.05,delivered
OD925361636405,S0024,flipkart,JEANS-BLU-32,1,C00907,2026-07-31T09:55:57.488Z,1186.55,confirmed
094-0777166-2397542,S0012,amazon,KURTI-BLU-S,1,C02875,2026-09-04T06:29:52.485Z,629.00,delivered
MSH502659615,S0005,meesho,SNEAKER-BLK-9,1,C02096,2026-07-28T14:13:30.387Z,1389.00,delivered
MSH850842261,S0002,meesho,HOODIE-BLK-L,2,C00443,2026-09-03T20:31:50.559Z,2038.00,pending
MSH495660056,S0009,meesho,HANDBAG-PNK-FREE,2,C00251,2026-08-25T10:02:00.819Z,2138.00,delivered
280-9450344-1830903,S0040,amazon,SAREE-WHT-FREE,1,C01902,2026-07-27T05:46:16.372Z,2449.00,shipped
MYN0198513744,S0037,myntra,JEANS-BLU-30,1,C01244,2026-08-22T05:19:34.700Z,669.00,pending
MYN2673308529,S0029,myntra,SNEAKER-RED-7,2,C02382,2026-08-16T04:16:18.681Z,5451.10,confirmed
185-7150303-0769995,S0009,amazon,HANDBAG-PNK-FREE,1,C02496,2026-07-15T01:58:28.580Z,1069.00,pending
061-6825195-0120692,S0004,amazon,KURTI-YEL-XL,1,C01972,2026-07-14T06:56:18.388Z,548.10,delivered
179-0171583-1076473,S0004,amazon,KURTI-PNK-M,1,C00443,2026-09-03T04:07:22.283Z,349.00,shipped
OD483748791170,S0010,flipkart,SAREE-GRN-FREE,1,C02195,2026-08-12T18:05:05.420Z,1322.10,pending
208-3338742-5260900,S0032,amazon,WATCH-WHT-FREE,1,C00603,2026-08-30T04:27:49.820Z,1448.10,delivered
MSH180814142,S0001,meesho,TSHIRT-PNK-XL,1,C01003,2026-09-02T17:39:09.309Z,332.10,delivered
OD731067667480,S0002,flipkart,HOODIE-YEL-M,2,C00407,2026-10-03T05:48:54.349Z,2298.00,confirmed
MYN4684263298,S0039,myntra,HANDBAG-BLK-FREE,3,C02481,2026-08-10T08:50:15.646Z,2184.30,delivered
MYN1054629628,S0003,myntra,SAREE-RED-FREE,1,C00553,2026-08-14T05:29:44.529Z,1079.00,cancelled
MYN8120549934,S0003,myntra,KURTI-BLK-M,2,C01432,2026-08-28T19:55:03.989Z,abc,shipped
MYN2289686725,S0049,myntra,SNEAKER-YEL-10,1,C01036,2026-07-12T10:38:06.786Z,2450.05,delivered
OD327417937341,S0003,flipkart,SAREE-MAR-FREE,2,C02422,2026-09-23T13:16:15.154Z,3019.10,shipped
MSH108060746,S0001,meesho,TSHIRT-PNK-XL,2,C00684,2026-09-29T06:24:19.586Z,664.20,delivered
MYN1627082462,S0006,myntra,SNEAKER-YEL-9,1,C00495,2026-08-12T02:04:55.394Z,1449.00,delivered
OD797857928179,S0025,flipkart,SNEAKER-BLK-8,1,C02034,2026-09-20T11:48:47.584Z,797.05,delivered
MYN1217410817,S0019,myntra,WATCH-BLK-FREE,5,C01707,2026-08-12T01:18:56.955Z,7345.00,delivered
MSH702141541,S0036,meesho,HOODIE-GRN-XL,2,C00068,2026-08-18T08:27:37.661Z,3758.00,delivered
MSH223496832,S0021,meesho,SNEAKER-BLK-8,1,C02344,2026-08-02T03:24:08.682Z,1049.00,delivered
MSH978466681,S0007,meesho,HOODIE-YEL-M,1,C01616,2026-07-08T14:11:45.279Z,647.10,cancelled
MYN2100951951,S0035,myntra,TSHIRT-YEL-S,4,C01689,2026-07-31T15:52:36.680Z,1184.40,confirmed
366-3403006-0875581,S0016,amazon,HANDBAG-RED-FREE,5,C01723,2026-07-09T01:46:14.676Z,2345.00,returned
OD263160186860,S0035,flipkart,TSHIRT-GRN-L,3,C02928,2026-09-11T19:29:02.758Z,1437.00,delivered
239-3602663-7799560,S0009,amazon,HANDBAG-WHT-FREE,5,C00375,2026-09-28T04:39:47.273Z,7025.25,delivered
231-3996037-2577648,S0041,amazon,TSHIRT-RED-L,2,C00722,2026-09-23T22:16:24.787Z,1058.00,confirmed
985-3223142-0060620,S0001,amazon,TSHIRT-WHT-XL,1,C01095,2026-08-28T22:37:25.108Z,479.00,cancelled
MSH046028073,S0005,meesho,SNEAKER-PNK-9,1,C02516,2026-09-11T09:08:00.499Z,919.00,delivered
MSH988369705,S0002,meesho,HOODIE-BLK-L,4,C02852,2026-07-27T02:36:56.862Z,4076.00,confirmed
OD017128404361,S0034,flipkart,HANDBAG-RED-FREE,1,C00231,2026-07-07T03:30:18.428Z,998.10,delivered
459-9835497-6670229,S0020,amazon,JEANS-BLK-30,1,C00525,2026-08-28T20:26:23.208Z,1367.10,delivered
636-6764623-5382900,S0013,amazon,SNEAKER-RED-9,1,C02650,2026-09-25T23:40:14.656Z,2184.05,delivered
MSH987966739,S0021,meesho,SNEAKER-BLK-8,1,C02560,2026-08-11T16:59:10.795Z,944.10,delivered
796-3178645-8281543,S0011,amazon,KURTI-BLU-M,4,C02202,2026-08-19T07:28:13.994Z,2956.00,delivered
OD562029127541,S0042,flipkart,WATCH-BLU-FREE,2,C00153,2026-08-18T14:02:49.905Z,3578.00,delivered
362-9908634-0400532,S0008,amazon,JEANS-YEL-32,1,C00380,2026-09-20T23:00:13.392Z,1709.05,delivered
OD347003677895,S0002,flipkart,TSHIRT-PNK-XL,1,C02409,2026-08-09T17:23:42.434Z,233.10,delivered
869-2982518-2151669,S0001,amazon,TSHIRT-GRN-L,1,C00118,2026-10-02T03:50:05.533Z,440.10,delivered
165-7486465-5895824,S0008,amazon,JEANS-YEL-32,1,C02214,2026-08-02T16:56:00.823Z,1799.00,delivered
931-5162111-5069128,S0012,amazon,KURTI-YEL-M,1,C02649,2026-08-17T23:22:13.460Z,749.00,cancelled
264-1786423-4034538,S0004,amazon,KURTI-YEL-XL,1,C02891,2026-08-23T18:53:08.304Z,548.10,confirmed
OD582992870637,S0002,flipkart,HOODIE-YEL-M,1,C00417,2026-07-08T16:23:20.601Z,1091.55,pending
MSH830610527,S0011,meesho,KURTI-PNK-S,1,C00891,2026-09-05T16:20:16.985Z,369.00,delivered
MSH472951187,S0001,meesho,HOODIE-GRN-XL,1,C00289,2026-09-26T02:44:48.650Z,1839.00,delivered
597-6117814-0461782,S0040,amazon,JEANS-PNK-32,4,C00261,2026-08-24T14:38:08.277Z,2336.40,shipped
OD822057096250,S0003,flipkart,SAREE-MAR-FREE,4,C01475,2026-07-06T01:44:43.159Z,5720.40,delivered
MYN1922785782,S0050,myntra,WATCH-WHT-FREE,4,C02247,2026-07-06T13:41:40.675Z,12954.20,delivered
MSH509177025,S0001,meesho,HOODIE-GRN-XL,1,C02955,2026-08-23T07:44:58.450Z,1655.10,delivered
OD099115583178,S0010,flipkart,SAREE-WHT-FREE,1,C01475,2026-07-16T11:53:05.984Z,1909.00,delivered
MYN2829272262,S0047,myntra,KURTI-YEL-M,1,C01670,2026-09-11T21:05:12.986Z,889.00,delivered
MSH446159234,S0010,meesho,SAREE-YEL-FREE,3,C02884,2026-09-29T12:32:24.340Z,2097.00,delivered
MSH054207385,S0005,meesho,SNEAKER-RED-7,2,C00110,2026-07-13T08:56:13.788Z,4398.00,pending
,S0032,amazon,WATCH-BLU-FREE,1,C02691,2026-09-16T08:45:27.329Z,2109.00,confirmed
OD427355231978,S0009,flipkart,HANDBAG-BLK-FREE,1,C02858,2026-08-26T02:11:48.742Z,1219.00,delivered
834-9553104-8058525,S0001,amazon,HOODIE-GRN-XL,1,C02217,2026-07-24T23:39:43.236Z,1839.00,confirmed
MYN9641480078,S0029,myntra,SNEAKER-MAR-10,two,C01760,2026-07-31T08:58:12.337Z,5078.00,delivered
MYN7484545081,S0004,myntra,KURTI-YEL-XL,1,C02712,2026-07-18T11:03:04.120Z,609.00,delivered
457-7812319-7251876,S0039,amazon,HANDBAG-BLK-FREE,2,C00203,2026-08-03T04:32:24.683Z,1618.00,cancelled
MSH790055056,S0007,meesho,JEANS-BLU-36,1,C02117,2026-09-09T16:19:30.436Z,1007.10,confirmed
MYN7385003451,S0003,myntra,KURTI-BLK-M,1,C00768,2026-09-22T07:21:21.888Z,701.10,delivered
MYN1127105750,S0019,myntra,WATCH-PNK-FREE,1,C00117,2026-08-01T10:20:07.178Z,3309.00,delivered
MSH723653746,S0001,meesho,HOODIE-PNK-M,1,C02769,2026-07-31T02:53:25.929Z,1599.00,delivered
OD741336494902,S0002,flipkart,TSHIRT-WHT-M,4,C00159,2026-08-16T21:35:03.676Z,1580.40,confirmed
OD449994228246,S0003,flipkart,KURTI-BLK-M,2,C01264,2026-08-20T20:25:02.969Z,1558.00,done
OD025554576870,S0026,flipkart,HANDBAG-GRN-FREE,2,C00456,2026-08-23T10:40:22.525Z,967.10,returned
962-3575433-8419555,S0043,amazon,HANDBAG-BLU-FREE,2,C00560,2026-08-03T05:18:07.856Z,2259.10,returned
277-8054495-8380280,S0044,amazon,HOODIE-PNK-M,4,C00092,2026-07-28T15:01:57.169Z,5126.20,cancelled
OD600393114479,S0002,flipkart,HOODIE-YEL-M,1,C01779,2026-08-04T05:04:50.623Z,1149.00,pending
710-8665853-7808630,S0001,amazon,HOODIE-GRN-XL,1,C02068,2026-08-18T18:39:49.673Z,1839.00,delivered
MSH829996658,S0005,meesho,SNEAKER-GRN-7,1,C01594,2026-07-18T23:36:50.265Z,2329.00,delivered
MSH807412150,S0007,meesho,JEANS-BLU-36,1,C00853,2026-07-26T23:51:33.973Z,1063.05,delivered
MSH374943363,S0007,meesho,JEANS-BLU-36,4,C02436,2026-08-15T01:43:46.140Z,4476.00,shipped
255-9098483-3156683,S0001,amazon,HOODIE-PNK-M,1,C01495,2026-08-05T01:29:45.214Z,1519.05,cancelled
OD785125984822,S0010,flipkart,SAREE-GRN-FREE,1,C01609,2026-09-16T08:56:02.232Z,1469.00,delivered
OD413982284518,S0003,flipkart,SAREE-RED-FREE,1,C01599,2026-08-16T02:38:22.099Z,1025.05,delivered
OD954721314945,S0002,flipkart,HOODIE-YEL-M,1,C02770,2026-09-19T19:45:44.764Z,1149.00,delivered
227-5989178-7161895,S0004,amazon,KURTI-YEL-M,1,C01188,2026-07-27T06:52:36.132Z,869.00,delivered
MSH440624049,S0001,meesho,TSHIRT-GRN-L,1,C00763,2026-08-09T12:03:42.120Z,440.10,pending
MYN3053218451,S0049,myntra,SNEAKER-YEL-10,1,C02671,2026-08-27T00:21:23.131Z,2321.10,delivered
OD939504817514,S0050,flipkart,WATCH-WHT-FREE,1,C00422,2026-07-11T07:45:41.296Z,3238.55,delivered
MYN7144241515,S0023,myntra,SAREE-RED-FREE,2,C01324,2026-07-09T15:34:19.576Z,2258.00,shipped
OD997598368739,S0025,flipkart,SNEAKER-BLK-9,1,C00588,2026-09-04T21:46:54.171Z,2326.55,delivered
OD575187510238,S0048,flipkart,HOODIE-RED-XL,1,C00710,2026-07-08T07:27:28.768Z,929.00,delivered
MSH107713357,S0001,meesho,TSHIRT-GRN-L,1,C01172,2026-07-30T07:03:24.723Z,489.00,delivered
MSH781733785,S0036,meesho,JEANS-YEL-36,2,C01482,2026-08-27T03:23:26.838Z,1538.00,delivered
MYN7040973787,S0006,myntra,SNEAKER-RED-10,1,C01518,2026-07-26T20:37:47.586Z,2969.00,delivered
MYN4459713693,S0029,myntra,SNEAKER-BLK-8,2,C01239,2026-07-22T00:45:40.278Z,3878.00,delivered
OD528998272366,S0002,flipkart,HOODIE-BLK-L,3,C02600,2026-07-17T04:02:48.212Z,3057.00,delivered
613-5407685-0881199,S0001,amazon,HOODIE-PNK-M,0,C02145,2026-10-02T05:28:17.224Z,1599.00,delivered
MYN2515862128,S0014,myntra,KURTI-RED-M,1,C02400,2026-08-02T11:01:07.056Z,749.00,delivered
MYN5224815383,S0003,myntra,SAREE-MAR-FREE,2,C01998,2026-08-25T03:27:52.762Z,2860.20,delivered
832-5157016-5692527,S0022,amazon,HOODIE-BLU-M,3,C02392,2026-09-21T11:15:08.907Z,3844.65,shipped
MSH829759133,S0001,meesho,TSHIRT-GRN-L,2,C00640,2026-07-24T06:48:56.794Z,978.00,delivered
888-5301176-3488508,S0001,amazon,HOODIE-GRN-XL,2,C02512,2026-08-27T10:04:45.062Z,3678.00,delivered
802-0573283-3291551,S0041,amazon,TSHIRT-RED-L,3,C01569,2026-09-27T06:47:38.840Z,1587.00,delivered
MYN7997950315,S0016,myntra,HANDBAG-WHT-FREE,3,C01069,2026-07-22T21:14:22.199Z,2334.15,returned
195-8437490-7499421,S0016,amazon,HANDBAG-PNK-FREE,3,C01638,2026-08-11T11:05:37.254Z,1647.00,shipped
MSH690173648,S0009,meesho,HANDBAG-MAR-FREE,1,C02601,2026-09-13T21:03:24.370Z,739.00,cancelled
586-2236360-5539852,S0037,amazon,JEANS-PNK-34,2,C00147,2026-09-16T12:39:04.944Z,3398.00,returned
MSH245011101,S0005,meesho,SNEAKER-BLK-7,3,C01776,2026-07-10T01:53:37.597Z,6153.30,cancelled
OD465047259761,S0002,flipkart,HOODIE-YEL-M,3,C00853,2026-08-29T04:24:30.633Z,3447.00,delivered
MSH450336552,S0036,meesho,JEANS-YEL-36,1,C00998,2026-09-01T10:57:05.431Z,769.00,confirmed
OD780066191655,S0024,flipkart,JEANS-MAR-36,4,C00209,2026-08-14T23:21:23.680Z,3356.00,delivered
168-5318631-6584543,S0001,amazon,TSHIRT-WHT-XL,1,C01340,2026-08-13T21:52:51.727Z,479.00,shipped
OD759467094223,S0002,flipkart,TSHIRT-PNK-XL,1,C00069,2026-07-23T12:49:45.621Z,259.00,delivered
MSH385089513,S0011,meesho,KURTI-YEL-XL,1,C02757,2026-09-23T10:17:06.618Z,303.05,pending
MYN2706497838,S0006,myntra,SNEAKER-YEL-7,4,C01897,2026-08-19T08:05:54.484Z,5556.00,cancelled
MSH973181343,S0029,meesho,SNEAKER-RED-7,1,C02388,2026-08-02T14:39:04.805Z,2582.10,delivered
MYN4018732534,S0004,myntra,KURTI-BLU-S,2,C01313,2026-07-10T07:39:24.677Z,1658.00,returned
074-0104163-8596560,S0004,amazon,KURTI-PNK-M,2,C02555,2026-07-11T15:33:02.395Z,663.10,delivered
OD576838217955,S0002,flipkart,TSHIRT-PNK-M,2,C00780,2026-07-17T09:18:48.223Z,1358.00,shipped
MSH782251395,S0002,meesho,HOODIE-BLU-M,1,C01689,2026-08-07T17:11:38.300Z,1929.00,delivered
MSH759136686,S0005,meesho,SNEAKER-BLU-8,2,C02500,2026-09-16T22:43:19.963Z,4966.20,returned
MYN2920929653,S0035,myntra,TSHIRT-BLK-M,2,,2026-08-24T00:32:13.265Z,1309.10,delivered
462-0587521-3513763,S0021,amazon,SNEAKER-MAR-10,4,C00648,2026-07-15T23:21:28.762Z,9956.00,delivered
190-1497591-2024408,S0001,amazon,TSHIRT-PNK-XL,4,C02110,2026-07-18T14:58:07.290Z,1402.20,delivered
OD318858841860,S0010,flipkart,SAREE-WHT-FREE,1,C00625,2026-07-07T11:19:54.717Z,1718.10,delivered
MSH026398090,S0005,meesho,SNEAKER-MAR-7,2,C01906,2026-08-04T16:56:14.748Z,4798.00,delivered
MSH148457856,S0001,meesho,HOODIE-PNK-M,3,C00794,2026-07-13T21:15:37.381Z,4797.00,delivered
OD763541284443,S0017,flipkart,KURTI-BLK-XL,4,C01615,2026-08-25T19:57:02.575Z,1276.00,delivered
972-3979000-9623972,S0008,amazon,WATCH-PNK-FREE,1,C02895,2026-08-24T05:29:37.538Z,3419.00,cancelled
MSH291902804,S0001,meesho,HOODIE-GRN-XL,4,C02526,2026-09-30T19:07:27.351Z,7356.00,delivered
OD605716643284,S0002,flipkart,HOODIE-YEL-M,5,C00843,2026-08-15T12:52:05.785Z,5745.00,returned
MSH761801623,S0002,meesho,HOODIE-BLK-L,3,C01810,2026-09-23T19:00:14.164Z,3057.00,delivered
167-7048245-4185609,S0001,amazon,HOODIE-GRN-XL,1,C00792,2026-07-10T13:49:22.713Z,1839.00,delivered
MSH654885399,S0005,meesho,SNEAKER-GRN-7,1,C00370,2026-08-06T11:15:37.195Z,2329.00,delivered
894-2359085-0543673,S0041,amazon,KURTI-WHT-L,1,C02229,2026-09-19T03:37:03.890Z,588.05,delivered
OD233401180831,S0003,flipkart,SAREE-MAR-FREE,1,C00669,2026-08-23T10:10:46.835Z,1589.00,delivered
485-6148427-5193061,S0045,amazon,WATCH-BLK-FREE,1,C00974,2026-09-23T17:50:11.934Z,3319.00,cancelled
OD750948866904,S0003,flipkart,SAREE-MAR-FREE,1,C00289,2026-08-20T02:43:02.979Z,1589.00,returned
378-2563094-2689452,S0001,amazon,HOODIE-GRN-XL,2,C02397,2026-09-24T13:02:42.637Z,3310.20,delivered
050-0217661-1968108,S0009,amazon,HANDBAG-BLK-FREE,2,C00826,2026-09-24T07:12:21.274Z,2316.10,returned
MSH802452468,S0009,meesho,HANDBAG-MAR-FREE,1,C01603,2026-08-23T15:12:05.624Z,739.00,delivered
OD114848318502,S0002,flipkart,HOODIE-YEL-M,1,C00920,2026-07-05T14:52:13.664Z,1034.10,cancelled
142-4601070-3578218,S0023,amazon,SAREE-BLU-FREE,3,C00627,2026-08-18T20:59:17.857Z,7437.00,confirmed
362-5273330-5028730,S0009,amazon,HANDBAG-YEL-FREE,1,C00075,2026-09-28T11:40:05.611Z,809.00,confirmed
MYN0124587420,S0003,myntra,SAREE-MAR-FREE,2,C01933,2026-09-12T17:55:37.755Z,3178.00,delivered
MSH072940157,S0002,meesho,TSHIRT-RED-L,1,C01339,2026-07-08T16:55:20.789Z,431.10,delivered
OD575949628924,S0010,flipkart,SAREE-YEL-FREE,1,C01014,2026-09-12T17:27:39.520Z,629.10,confirmed
922-2897724-3873873,S0004,amazon,KURTI-BLU-S,1,C02116,2026-08-08T08:59:11.493Z,787.55,delivered
836-6556133-0677966,S0001,amazon,HOODIE-PNK-M,1,C01403,2026-08-28T04:24:41.642Z,1599.00,delivered
MYN5963495901,S0050,myntra,WATCH-WHT-FREE,1,C00252,2026-09-29T10:21:39.821Z,3409.00,returned
OD537993968997,S0024,flipkart,JEANS-RED-36,1,C01475,2026-09-12T15:02:24.824Z,719.10,returned
MYN9167893412,S0006,myntra,SNEAKER-YEL-9,3,C01461,2026-07-15T14:13:25.993Z,4347.00,delivered
877-7777495-0473786,S0004,amazon,KURTI-YEL-XL,1,C01823,2026-07-13T08:00:22.696Z,609.00,cancelled
MSH011130357,S0002,meesho,HOODIE-YEL-M,1,C02931,2026-07-06T06:31:16.612Z,1149.00,delivered
MYN5801111639,S0049,myntra,SNEAKER-YEL-10,2,C01520,2026-09-23T14:44:25.425Z,4900.10,delivered
OD046887807880,S0002,flipkart,TSHIRT-PNK-XL,1,C02994,2026-09-03T04:39:54.219Z,259.00,delivered
OD690877685195,S0048,flipkart,HOODIE-BLK-M,2,C01260,2026-09-11T08:24:25.249Z,1564.20,delivered
569-4805504-1763415,S0012,amazon,KURTI-WHT-L,3,C02197,2026-08-08T06:20:28.064Z,1527.00,pending
MYN1498466865,S0008,myntra,JEANS-YEL-32,1,C02828,2026-07-22T11:46:39.634Z,1799.00,delivered
MSH726037852,S0030,meesho,JEANS-GRN-36,5,C02743,2026-08-25T09:28:06.989Z,8695.00,delivered
OD510810473366,S0035,flipkart,WATCH-YEL-FREE,1,C00506,2026-09-15T21:09:55.687Z,1557.05,confirmed
906-2952244-2799763,S0008,amazon,WATCH-YEL-FREE,1,C01580,2026-07-10T06:37:39.092Z,809.00,returned
171-4002267-6078388,S0001,amazon,HOODIE-GRN-XL,1,C02469,2026-09-27T19:50:19.761Z,1747.05,delivered
129-5431628-5748955,S0001,amazon,HOODIE-GRN-XL,2,C00080,2026-09-18T06:32:17.859Z,3678.00,delivered
MYN3876661385,S0004,myntra,KURTI-MAR-L,1,C01368,2026-07-19T22:29:32.258Z,309.00,confirmed
MSH934442841,S0002,meesho,HOODIE-YEL-M,1,C02920,2026-08-31T07:20:24.484Z,1149.00,delivered
MYN3289687642,S0019,myntra,WATCH-YEL-FREE,1,C01011,2026-08-30T20:03:41.385Z,2555.10,cancelled
MYN9941863445,S0029,myntra,SNEAKER-PNK-7,4,C02589,2026-09-06T01:18:27.843Z,9140.40,cancelled
MSH648731570,S0007,meesho,JEANS-GRN-34,1,C01657,2026-07-19T07:58:10.490Z,719.00,pending
920-0576646-7382092,S0004,amazon,KURTI-YEL-XL,1,C00204,2026-09-21T22:35:47.727Z,578.55,confirmed
MYN6253129428,S0008,myntra,JEANS-YEL-32,5,C01367,2026-08-30T03:12:30.043Z,8995.00,delivered
OD257801597778,S0033,flipkart,TSHIRT-BLK-S,2,C00761,2026-08-13T14:32:11.714Z,1338.00,delivered
OD208292326494,S0037,flipkart,JEANS-PNK-36,4,C00292,2026-08-31T22:47:22.616Z,3636.00,confirmed
MSH829058572,S0040,meesho,SAREE-YEL-FREE,1,C01848,2026-08-07T07:27:21.622Z,2129.00,delivered
635-7899080-2404200,S0008,amazon,JEANS-BLU-34,2,C01379,2026-07-10T23:09:08.297Z,2848.10,shipped
MYN4622458892,S0003,myntra,KURTI-MAR-XL,3,C00890,2026-08-09T00:07:34.665Z,1767.00,confirmed
MYN1625126745,S0003,myntra,KURTI-BLK-L,1,C01023,2026-09-29T10:17:08.039Z,769.00,confirmed
OD962528155469,S0014,flipkart,KURTI-WHT-XL,1,C01009,2026-07-27T18:08:26.641Z,499.00,confirmed
MSH624359977,S0001,meesho,HOODIE-GRN-XL,2,C00076,2026-09-05T13:19:51.872Z,3494.10,cancelled
MSH677641999,S0026,meesho,WATCH-MAR-FREE,1,C00925,2026-10-03T10:28:46.334Z,2402.10,delivered
OD366206699748,S0010,flipkart,SAREE-WHT-FREE,1,C02672,2026-08-08T20:03:47.795Z,1909.00,delivered
MSH815463818,S0007,meesho,HOODIE-YEL-M,1,C02001,2026-07-24T00:25:01.590Z,647.10,delivered
903-5181691-4959265,S0041,amazon,TSHIRT-RED-L,2,C02505,2026-08-13T01:37:44.195Z,952.20,delivered
MYN9691713817,S0008,myntra,JEANS-YEL-32,2,C00650,2026-08-04T00:02:27.930Z,3598.00,delivered
OD903597293481,S0010,flipkart,SAREE-WHT-FREE,1,C02447,2026-08-03T14:03:36.615Z,1909.00,delivered
OD468987499260,S0018,flipkart,JEANS-YEL-34,2,C02716,2026-09-29T07:26:36.813Z,3258.00,cancelled
MSH514478127,S0002,meesho,HOODIE-YEL-M,3,C01057,2026-07-12T00:05:08.487Z,3447.00,delivered
MYN9909911099,S0003,myntra,SAREE-RED-FREE,3,C02685,2026-08-29T15:26:53.358Z,3075.15,delivered
MYN3661010015,S0040,myntra,JEANS-MAR-30,1,C02182,2026-08-03T22:30:55.170Z,1405.05,delivered
OD440365859045,S0024,flipkart,KURTI-BLK-L,2,C01283,2026-09-05T02:31:14.062Z,898.00,delivered
MYN3919004464,S0019,myntra,WATCH-BLK-FREE,1,C01168,2026-09-06T01:06:45.256Z,1469.00,delivered
627-6153587-1687165,S0008,amazon,JEANS-BLU-34,2,C00946,2026-09-06T23:09:52.656Z,2998.00,confirmed
OD941981596631,S0015,flipkart,WATCH-RED-FREE,1,C02993,2026-09-06T00:58:19.809Z,1979.00,delivered
OD426481349079,S0003,flipkart,KURTI-BLK-L,1,C02351,2026-09-27T07:59:23.583Z,769.00,returned
MSH043362564,S0002,meesho,TSHIRT-PNK-XL,2,C01637,2026-09-20T06:21:50.745Z,518.00,confirmed
MSH370234738,S0001,meesho,TSHIRT-WHT-XL,1,C02581,2026-09-21T12:53:14.098Z,479.00,shipped
953-8129411-5149695,S0022,amazon,HOODIE-YEL-M,2,C01009,2026-07-08T19:08:33.304Z,2438.00,shipped
OD371530321458,S0002,flipkart,HOODIE-YEL-M,2,C01392,2026-08-21T22:28:50.112Z,2298.00,delivered
262-6142012-9253230,S0039,amazon,HANDBAG-YEL-FREE,3,C01664,2026-09-01T10:50:36.593Z,2067.00,cancelled
MSH330093240,S0002,meesho,TSHIRT-GRN-M,1,C00588,2026-07-28T19:38:55.719Z,489.00,shipped
MSH805292996,S0002,meesho,TSHIRT-WHT-M,4,C01641,2026-09-25T00:37:20.380Z,1668.20,shipped
OD764602472018,S0025,flipkart,SNEAKER-BLK-8,1,C02964,2026-07-19T07:54:44.842Z,839.00,delivered
MYN9739214672,S0004,myntra,KURTI-MAR-S,4,C02988,2026-08-20T20:09:55.027Z,1436.00,delivered
547-2420167-5941314,S0001,amazon,HOODIE-PNK-M,1,C02650,2026-07-19T08:00:34.493Z,1599.00,delivered
OD809264283211,S0002,flipkart,HOODIE-BLK-L,2,C01053,2026-09-25T02:38:39.706Z,1834.20,delivered
OD795807834110,S0002,flipkart,TSHIRT-RED-L,1,C00743,2026-09-26T19:35:55.777Z,479.00,shipped
MSH901538345,S0005,meesho,SNEAKER-BLU-8,1,C02101,2026-08-12T12:15:09.081Z,2483.10,delivered
637-5103821-7199455,S0001,amazon,HOODIE-GRN-XL,3,C01177,2026-08-27T13:06:34.793Z,5241.15,delivered
MYN0596927454,S0014,myntra,KURTI-RED-M,2,C01373,2026-09-03T01:40:06.795Z,1498.00,delivered
MYN1713450756,S0047,myntra,KURTI-GRN-L,2,C02377,2026-07-13T18:54:18.076Z,1118.00,shipped
MYN3037135235,S0004,myntra,KURTI-MAR-L,2,C00942,2026-08-07T09:05:48.443Z,556.20,delivered
592-8908613-2805490,S0045,amazon,WATCH-MAR-FREE,2,C00712,2026-08-10T15:25:07.441Z,2638.00,delivered
MYN0205700025,S0003,myntra,SAREE-MAR-FREE,4,C01401,2026-08-19T18:09:41.500Z,6356.00,confirmed
680-8646891-0704733,S0022,amazon,HOODIE-PNK-XL,3,C02182,2026-08-25T12:16:39.880Z,2832.30,delivered
537-8308018-1358308,S0001,amazon,HOODIE-PNK-M,1,C01102,2026-07-12T13:59:53.218Z,1599.00,delivered
MSH342244892,S0001,meesho,TSHIRT-GRN-L,3,C00907,2026-08-01T00:06:56.827Z,1467.00,returned
102-2766314-9225289,S0008,amazon,JEANS-YEL-32,2,C00285,2026-08-31T07:25:37.898Z,3598.00,delivered
MYN5563018128,S0004,myntra,KURTI-BLU-S,5,C01241,2026-09-16T03:49:50.382Z,4145.00,delivered
MYN4187050315,S0037,myntra,JEANS-GRN-34,3,C00016,2026-09-30T13:18:22.868Z,4437.00,delivered
430-8085265-4968125,S0001,amazon,HOODIE-GRN-XL,2,C02796,2026-09-29T09:41:39.645Z,3494.10,pending
122-1251728-4330003,S0001,amazon,HOODIE-GRN-XL,2,C02019,2026-08-17T15:53:21.922Z,3678.00,delivered
MSH829018596,S0005,meesho,SNEAKER-WHT-10,1,C02356,2026-09-22T20:50:49.892Z,2690.10,returned
MYN4034608545,S0047,myntra,KURTI-YEL-M,1,C00811,2026-07-22T01:53:26.917Z,800.10,delivered
OD651772596708,S0010,flipkart,SAREE-YEL-FREE,1,C02515,2026-07-17T20:42:52.099Z,664.05,delivered
OD513669827974,S0002,flipkart,HOODIE-BLU-M,1,C01136,2026-09-18T17:39:21.520Z,1929.00,cancelled
OD771942524480,S0018,flipkart,JEANS-RED-30,1,C01028,2026-10-03T04:52:30.371Z,1177.05,delivered
OD517325003438,S0010,flipkart,SAREE-YEL-FREE,2,C00259,2026-09-03T04:31:46.804Z,1328.10,delivered
MSH487962626,S0010,meesho,SAREE-PNK-FREE,4,C01538,2026-09-05T20:18:47.883Z,6728.40,delivered
MSH643742333,S0001,meesho,TSHIRT-PNK-XL,2,C00013,2026-07-17T15:38:10.570Z,701.10,returned
MSH161092476,S0002,meesho,TSHIRT-PNK-XL,3,C00710,2026-09-13T09:27:42.053Z,699.30,delivered
OD850134313860,S0002,flipkart,HOODIE-YEL-M,1,C02978,2026-08-12T07:10:40.054Z,1149.00,confirmed
MSH429113680,S0001,meesho,HOODIE-GRN-XL,1,C01300,2026-08-07T11:15:22.350Z,1839.00,delivered
956-4452434-4243322,S0001,amazon,HOODIE-GRN-XL,2,C02927,2026-07-27T18:55:21.301Z,3678.00,delivered
905-1959811-5888936,S0048,amazon,HOODIE-BLK-L,3,C01305,2026-07-30T12:23:53.107Z,3867.00,pending
MSH472115123,S0030,meesho,JEANS-BLU-30,2,C00408,2026-09-24T07:04:28.671Z,1318.00,pending
MYN8975170624,S0041,myntra,TSHIRT-YEL-S,1,C01310,2026-09-22T06:19:23.026Z,559.00,delivered
116-6538009-2216401,S0022,amazon,HOODIE-PNK-XL,2,C02317,2026-08-28T06:58:43.903Z,1993.10,returned
MSH050029525,S0007,meesho,HOODIE-BLK-XL,1,C02359,2026-08-21T21:39:51.801Z,1405.05,pending
864-3460423-0611696,S0001,amazon,HOODIE-GRN-XL,3,C01299,2026-07-21T22:18:05.221Z,5517.00,shipped
MYN8148444538,S0003,myntra,KURTI-YEL-M,1,C00024,2026-07-25T16:32:48.911Z,329.00,delivered
MSH544159746,S0001,meesho,TSHIRT-PNK-XL,3,C02924,2026-07-15T01:36:58.901Z,996.30,pending
OD661681874803,S0002,flipkart,TSHIRT-WHT-M,2,C01102,2026-09-25T12:38:40.809Z,878.00,delivered
MSH718840808,S0005,meesho,SNEAKER-MAR-7,1,C00636,2026-09-10T13:06:03.058Z,2399.00,delivered
OD798616111853,S0026,flipkart,WATCH-MAR-FREE,3,C01827,2026-09-11T10:33:32.105Z,8007.00,cancelled
064-9637861-3325126,S0021,amazon,SNEAKER-BLK-10,2,C00686,2026-09-16T18:38:30.909Z,2818.00,confirmed
278-6476980-8676343,S0001,amazon,HOODIE-GRN-XL,1,C00993,2026-09-24T20:00:48.497Z,1839.00,delivered
MYN2317805446,S0049,myntra,SNEAKER-YEL-10,1,C00649,2026-09-02T14:17:08.857Z,2579.00,delivered
OD813109996323,S0003,flipkart,SAREE-RED-FREE,1,C01873,2026-09-15T22:06:20.181Z,1079.00,delivered
MYN0186960641,S0008,myntra,WATCH-PNK-FREE,2,C01050,2026-07-09T11:17:39.805Z,6838.00,delivered
OD743898146432,S0025,flipkart,SNEAKER-BLK-9,1,C02456,2026-08-27T17:25:54.498Z,2449.00,delivered
MSH162984866,S0002,meesho,TSHIRT-WHT-M,1,C01098,2026-08-10T05:32:38.798Z,439.00,delivered
394-0477734-6069471,S0001,amazon,HOODIE-GRN-XL,2,C02063,2026-08-22T18:22:27.809Z,3678.00,delivered
OD381025055370,S0024,flipkart,KURTI-RED-XL,1,C01897,2026-09-03T21:38:50.778Z,548.10,returned
MSH055527976,S0001,meesho,TSHIRT-WHT-XL,3,C01162,2026-07-12T23:45:50.610Z,1437.00,delivered
829-5028333-7321394,S0004,amazon,KURTI-YEL-XL,1,C02137,2026-07-12T16:09:56.564Z,609.00,pending
MYN7964933416,S0008,myntra,JEANS-YEL-32,4,C01789,2026-08-13T03:20:29.813Z,7196.00,delivered
MSH298863469,S0027,meesho,SAREE-WHT-FREE,1,C02922,2026-07-17T03:02:08.107Z,1829.00,delivered
MYN2459108535,S0041,myntra,TSHIRT-RED-L,5,C01332,2026-08-22T06:50:42.881Z,2380.50,cancelled
MYN9675949047,S0019,myntra,WATCH-PNK-FREE,1,C02385,2026-08-03T23:49:03.513Z,3143.55,shipped
MSH291584144,S0026,meesho,WATCH-YEL-FREE,1,C01074,2026-08-10T08:10:07.637Z,1119.00,delivered
MYN7582368629,S0046,myntra,HOODIE-BLU-L,1,C01307,2026-09-11T07:58:36.265Z,1331.10,pending
288-2116006-4501287,S0023,amazon,SAREE-PNK-FREE,5,C02763,2026-07-18T05:25:24.746Z,9922.75,delivered
MSH432140236,S0002,meesho,TSHIRT-PNK-XL,4,C00359,2026-08-07T03:21:36.892Z,1036.00,cancelled
MYN9056801893,S0004,myntra,KURTI-YEL-XL,1,C01927,2026-08-08T06:24:17.297Z,548.10,delivered
OD735054864060,S0037,flipkart,JEANS-MAR-34,5,C02009,2026-07-26T20:17:06.371Z,7167.75,shipped
714-5572481-8088134,S0001,amazon,HOODIE-GRN-XL,1,C00346,2026-09-11T09:24:46.169Z,1839.00,returned
663-6854737-3340392,S0001,amazon,TSHIRT-PNK-XL,1,C01586,2026-08-08T14:20:56.693Z,369.00,confirmed
OD376328352486,S0044,flipkart,HOODIE-YEL-XL,1,C02151,2026-09-12T12:59:53.311Z,1929.00,delivered
MYN3966977874,S0008,myntra,JEANS-YEL-32,1,C02980,2026-08-29T11:53:00.936Z,1799.00,delivered
MYN4621903562,S0033,myntra,TSHIRT-RED-XL,1,C00136,2026-08-23T14:14:36.425Z,331.55,returned
484-6925473-4526524,S0001,amazon,HOODIE-GRN-XL,4,C00824,2026-08-29T01:05:32.798Z,7356.00,delivered
396-7896227-1231343,S0031,amazon,HOODIE-RED-XL,1,C01288,2026-07-21T22:28:56.324Z,1319.55,delivered
OD193768442214,S0015,flipkart,WATCH-BLU-FREE,4,C02357,2026-07-25T01:47:39.660Z,5360.40,shipped
814-3137003-0728518,S0001,amazon,HOODIE-GRN-XL,1,C02379,2026-08-20T22:23:07.179Z,1747.05,delivered
MSH407214370,S0005,meesho,SNEAKER-MAR-7,2,C02590,2026-07-27T06:30:56.388Z,4798.00,delivered
MSH771666141,S0007,meesho,JEANS-BLU-36,1,C00152,2026-09-11T00:10:00.075Z,1007.10,delivered
MSH291818345,S0001,meesho,HOODIE-GRN-XL,2,C01503,2026-09-14T05:46:55.809Z,3678.00,delivered
MSH112285667,S0007,meesho,HOODIE-BLK-XL,1,C00112,2026-07-23T23:48:59.675Z,1405.05,shipped
MYN5958928415,S0043,myntra,HANDBAG-BLK-FREE,1,C01067,2026-09-04T02:44:48.463Z,529.00,delivered
MSH308990785,S0005,meesho,SNEAKER-BLK-7,1,C01585,2026-07-21T15:42:00.541Z,2279.00,delivered
MYN5141265447,S0003,myntra,KURTI-BLK-L,3,C02558,2026-08-13T13:42:45.145Z,2307.00,delivered
MSH782510703,S0027,meesho,SAREE-WHT-FREE,1,C02945,2026-09-21T00:20:16.514Z,1737.55,delivered
OD214395832558,S0010,flipkart,SAREE-YEL-FREE,1,C02476,2026-07-18T06:24:52.286Z,629.10,delivered
MYN5474273136,S0003,myntra,SAREE-MAR-FREE,1,C02247,2026-09-26T07:59:04.849Z,1589.00,delivered
OD322579875593,S0003,flipkart,KURTI-PNK-XL,1,C00419,2026-09-24T06:12:33.193Z,789.00,delivered
MYN6065392101,S0006,myntra,SNEAKER-RED-10,1,C02100,2026-08-18T17:10:05.454Z,2820.55,confirmed
OD579372772286,S0024,flipkart,JEANS-BLU-32,1,C00763,2026-09-25T18:17:46.740Z,1249.00,delivered
MSH414521271,S0007,meesho,JEANS-BLU-36,2,C02485,2026-08-08T13:15:21.451Z,2238.00,delivered
OD338053032268,S0015,flipkart,SAREE-PNK-FREE,5,C02347,2026-07-16T00:36:12.043Z,3995.00,confirmed
490-8785855-3869459,S0001,amazon,TSHIRT-WHT-XL,1,C02203,2026-09-27T10:12:28.638Z,479.00,delivered
MYN6782853744,S0003,myntra,SAREE-MAR-FREE,1,C02137,2026-07-24T14:13:54.935Z,1509.55,confirmed
139-6389497-3952523,S0001,amazon,HOODIE-GRN-XL,1,C01854,2026-08-29T06:30:34.047Z,1747.05,pending
MSH903962199,S0040,meesho,JEANS-PNK-32,3,C00289,2026-07-26T11:00:25.132Z,1947.00,delivered
812-2952116-7617622,S0001,amazon,HOODIE-GRN-XL,1,C02455,2026-09-22T11:21:12.120Z,1839.00,returned
MYN9679072982,S0043,myntra,HANDBAG-RED-FREE,2,C00693,2026-07-17T00:36:43.383Z,2230.20,delivered
957-8086050-5780762,S0041,amazon,KURTI-WHT-L,3,C00146,2026-08-16T04:07:46.906Z,1857.00,delivered
OD530765410695,S0002,flipkart,TSHIRT-PNK-XL,1,C01588,2026-09-12T14:09:04.082Z,259.00,delivered
OD387286224346,S0003,flipkart,SAREE-MAR-FREE,2,C02888,2026-07-24T16:16:00.417Z,2860.20,delivered
793-9908571-8879760,S0012,amazon,KURTI-BLU-XL,3,C01153,2026-08-23T11:54:56.960Z,2448.15,cancelled
OD067900294838,S0003,flipkart,SAREE-MAR-FREE,5,C02173,2026-08-22T01:48:07.631Z,7547.75,delivered
187-8583379-5835438,S0001,amazon,HOODIE-GRN-XL,4,C01045,2026-07-06T23:20:00.822Z,7356.00,delivered
MSH356952323,S0001,meesho,TSHIRT-WHT-XL,1,C00701,2026-09-26T23:51:56.146Z,455.05,cancelled
826-0992790-2479002,S0022,amazon,HOODIE-BLU-M,3,C01858,2026-09-04T11:15:39.441Z,4047.00,cancelled
174-5103426-7556818,S0001,amazon,TSHIRT-WHT-XL,2,C01161,2026-09-24T14:26:07.850Z,958.00,shipped
MSH399016622,S0001,meesho,TSHIRT-WHT-XL,1,C02266,2026-08-15T23:14:26.546Z,455.05,pending
MSH089101165,S0001,meesho,HOODIE-GRN-XL,1,C01320,2026-09-29T09:37:55.852Z,1747.05,cancelled
MYN7199914986,S0029,myntra,SNEAKER-BLU-7,1,C01831,2026-09-27T18:29:41.275Z,999.00,cancelled
OD441120281234,S0015,flipkart,WATCH-PNK-FREE,1,C02355,2026-08-16T10:51:48.496Z,1929.00,delivered
MSH459216284,S0007,meesho,JEANS-BLU-36,1,C01610,2026-07-28T20:53:10.200Z,1063.05,delivered
OD210305145154,S0003,flipkart,SAREE-YEL-FREE,2,C01939,2026-08-11T00:27:17.385Z,2578.00,cancelled
668-8577757-9735814,S0001,amazon,HOODIE-GRN-XL,3,C00939,2026-07-07T23:35:16.516Z,5241.15,delivered
MSH891633164,S0009,meesho,HANDBAG-BLK-FREE,1,C00992,2026-09-23T13:21:37.032Z,1097.10,delivered
199-1460758-3166092,S0016,amazon,HANDBAG-WHT-FREE,2,C01219,2026-08-30T22:23:18.692Z,1474.20,returned
625-2303334-8618539,S0001,amazon,HOODIE-GRN-XL,5,C01815,2026-08-07T10:58:10.446Z,8735.25,delivered
MYN1745969320,S0040,myntra,SAREE-YEL-FREE,4,C00958,2026-09-08T23:12:00.691Z,8516.00,delivered
OD442821338764,S0015,flipkart,SAREE-PNK-FREE,3,C01492,2026-08-19T05:22:51.727Z,2397.00,returned
OD729438089812,S0024,flipkart,JEANS-RED-36,1,C00890,2026-08-27T08:24:01.145Z,799.00,pending
MSH429575178,S0029,meesho,SNEAKER-YEL-8,2,C00076,2026-09-01T21:05:11.309Z,4498.00,delivered
465-1878791-3229244,S0001,amazon,TSHIRT-WHT-XL,1,C00995,2026-08-19T19:42:40.059Z,479.00,delivered
892-9463506-7094655,S0041,amazon,TSHIRT-WHT-XL,1,C02588,2026-08-01T20:13:00.644Z,398.05,delivered
OD452540340068,S0003,flipkart,KURTI-YEL-M,3,C01035,2026-07-21T03:59:28.186Z,987.00,delivered
961-8615791-7250339,S0045,amazon,WATCH-GRN-FREE,1,C00819,2026-07-19T02:00:46.543Z,1739.00,confirmed
MYN8241044153,S0043,myntra,HANDBAG-RED-FREE,2,C01952,2026-08-25T02:39:27.402Z,2478.00,delivered
MSH876031509,S0007,meesho,HOODIE-WHT-M,1,C01722,2026-08-13T17:26:03.666Z,1089.00,confirmed
MYN3055016195,S0003,myntra,KURTI-BLK-M,2,C01086,2026-10-02T23:09:18.376Z,1558.00,delivered
MSH593275631,S0002,meesho,TSHIRT-WHT-M,3,C02986,2026-10-01T22:13:21.771Z,1185.30,confirmed
OD224624381856,S0042,flipkart,KURTI-YEL-L,2,C01842,2026-08-28T18:10:14.412Z,1042.20,delivered
OD235672749147,S0002,flipkart,HOODIE-YEL-M,1,C02777,2026-08-07T07:40:17.877Z,1149.00,delivered
OD296398931671,S0010,flipkart,SAREE-GRN-FREE,2,C01717,2026-07-21T11:49:32.150Z,2938.00,delivered
MYN0557077537,S0023,myntra,SAREE-BLU-FREE,1,C01469,2026-07-11T06:31:17.765Z,2479.00,delivered
MSH212131259,S0007,meesho,JEANS-BLU-36,2,C00837,2026-09-25T07:15:33.473Z,2014.20,delivered
494-0607961-3846931,S0009,amazon,HANDBAG-WHT-FREE,1,C00747,2026-07-13T04:16:27.317Z,1479.00,shipped
OD314626904964,S0010,flipkart,SAREE-PNK-FREE,1,C00668,2026-08-23T02:29:24.982Z,1682.10,confirmed
322-3928416-4467346,S0040,amazon,JEANS-GRN-34,1,C01425,2026-09-03T23:21:34.351Z,1139.00,confirmed
OD742031730611,S0002,flipkart,HOODIE-YEL-M,2,C01567,2026-07-15T10:47:54.012Z,2298.00,delivered
OD642443492141,S0003,flipkart,KURTI-PNK-XL,2,C01629,2026-07-14T05:10:58.344Z,1499.10,delivered
MYN7487162714,S0049,myntra,SNEAKER-YEL-10,1,C02082,2026-08-13T15:39:16.830Z,2450.05,delivered
657-8534683-8056170,S0001,amazon,HOODIE-GRN-XL,2,C00225,2026-07-27T11:34:59.222Z,3310.20,delivered
198-8128379-4030970,S0016,amazon,HANDBAG-RED-FREE,1,C02039,2026-09-25T19:34:51.859Z,422.10,shipped
OD356342076434,S0002,flipkart,HOODIE-YEL-M,3,C02259,2026-07-31T09:58:28.023Z,3274.65,delivered
OD058009019155,S0024,flipkart,KURTI-PNK-XL,4,C01162,2026-08-15T12:34:32.382Z,1744.20,confirmed
MSH002705768,S0001,meesho,TSHIRT-PNK-XL,2,C00205,2026-08-27T10:45:42.358Z,738.00,confirmed
336-4169246-1738174,S0001,amazon,HOODIE-GRN-XL,1,C00431,2026-09-22T08:12:51.493Z,1839.00,delivered
573-5679130-3605635,S0021,amazon,SNEAKER-BLK-9,1,C00110,2026-08-21T10:42:30.099Z,2820.55,delivered
MYN8779026708,S0039,myntra,HANDBAG-BLU-FREE,1,C01338,2026-10-02T11:02:13.486Z,589.00,shipped
MSH224852517,S0012,meesho,KURTI-PNK-XL,1,C01379,2026-09-25T14:29:19.709Z,589.00,delivered
MSH649265948,S0005,meesho,SNEAKER-MAR-7,1,C02004,2026-09-11T21:33:35.264Z,2279.05,shipped
MSH620590749,S0002,meesho,HOODIE-BLK-L,1,C02975,2026-07-22T20:43:43.768Z,1019.00,pending
MSH465471389,S0021,meesho,SNEAKER-BLK-10,1,C00997,2026-08-16T20:30:45.576Z,1409.00,delivered
OD571749311119,S0014,flipkart,KURTI-WHT-XL,2,C01788,2026-08-06T02:08:05.932Z,abc,delivered
OD461009115431,S0003,flipkart,KURTI-BLK-L,3,C02548,2026-07-28T22:54:50.180Z,2307.00,confirmed
830-7340868-8591720,S0001,amazon,HOODIE-PNK-M,1,C02359,2026-08-14T07:11:05.601Z,1599.00,delivered
MYN5550094581,S0041,myntra,TSHIRT-RED-L,5,C00311,2026-09-18T15:02:58.347Z,2645.00,delivered
MYN3861941911,S0003,myntra,KURTI-YEL-M,2,C00647,2026-07-16T10:52:39.505Z,625.10,delivered
MYN7330312019,S0003,myntra,SAREE-MAR-FREE,1,C00083,2026-09-27T17:49:39.515Z,1589.00,delivered
MYN7387275741,S0050,myntra,SAREE-YEL-FREE,3,C00282,2026-09-21T06:53:58.252Z,5967.00,cancelled
OD870378673175,S0042,flipkart,WATCH-BLU-FREE,2,C02077,2026-07-25T17:40:39.417Z,3399.10,delivered
MYN6378281728,S0014,myntra,KURTI-WHT-XL,2,C02011,2026-07-21T01:00:29.394Z,898.20,confirmed
OD678503196379,S0015,flipkart,SAREE-PNK-FREE,1,C00813,2026-09-15T21:33:56.597Z,799.00,delivered
111-3518966-1555448,S0001,amazon,TSHIRT-WHT-XL,2,C00065,2026-09-15T10:34:28.841Z,958.00,delivered
MYN2781567598,S0049,myntra,SNEAKER-YEL-10,2,C00223,2026-07-18T20:56:55.149Z,5158.00,shipped
724-6932026-1089650,S0037,amazon,JEANS-BLU-30,2,C01401,2026-09-10T05:58:30.680Z,1338.00,delivered
987-6797875-4945141,S0031,amazon,HOODIE-RED-XL,1,C01166,2026-08-14T20:46:31.794Z,1389.00,delivered
913-2344063-9697711,S0009,amazon,HANDBAG-PNK-FREE,5,C02249,2026-07-21T01:07:46.823Z,-4810.50,delivered
789-0047343-3153312,S0001,amazon,HOODIE-GRN-XL,3,C02526,2026-07-16T10:38:55.136Z,5517.00,delivered
MSH396688160,S0002,meesho,TSHIRT-WHT-M,2,C02878,2026-07-14T09:41:12.675Z,878.00,pending
712-5718216-7816587,S0045,amazon,WATCH-MAR-FREE,3,C02524,2026-09-13T23:30:16.421Z,3759.15,delivered
251-1596345-8243055,S0039,amazon,HANDBAG-BLK-FREE,2,C00456,2026-07-27T18:05:20.920Z,1456.20,returned
MYN5642968113,S0006,myntra,SNEAKER-RED-10,1,C01969,2026-08-01T20:12:42.387Z,2969.00,delivered
706-5017261-4771143,S0001,amazon,HOODIE-GRN-XL,2,C01560,2026-09-11T19:44:51.683Z,3678.00,confirmed
237-8838937-7926735,S0001,amazon,HOODIE-GRN-XL,4,C00681,2026-09-20T19:28:37.687Z,-6620.40,cancelled
OD614993300395,S0026,flipkart,HANDBAG-WHT-FREE,3,C00116,2026-09-14T02:29:26.964Z,3291.30,pending
OD544668231481,S0003,flipkart,SAREE-RED-FREE,5,C00915,2026-08-23T02:54:35.996Z,5125.25,delivered
MSH922426769,S0007,meesho,HOODIE-BLK-XL,1,C00816,2026-08-08T21:13:02.685Z,1331.10,delivered
761-8034057-0648842,S0008,amazon,JEANS-YEL-32,1,C02838,2026-08-03T13:22:52.416Z,1799.00,delivered
OD852805752555,S0003,flipkart,SAREE-RED-FREE,2,C01925,2026-07-26T18:59:06.366Z,1942.20,delivered
MYN1826326959,S0029,myntra,WATCH-RED-FREE,1,C01667,2026-07-20T21:07:42.935Z,839.00,shipped
OD295485770604,S0033,flipkart,TSHIRT-RED-S,5,C01460,2026-08-04T09:02:22.977Z,1395.00,delivered
MSH169756281,S0001,meesho,HOODIE-GRN-XL,2,C00014,2026-08-05T21:55:30.757Z,3310.20,delivered
MSH565573323,S0005,meesho,SNEAKER-WHT-10,1,C02400,2026-09-14T09:53:23.566Z,2690.10,returned
264-7304035-3859884,S0001,amazon,TSHIRT-GRN-L,1,C01326,2026-07-29T18:35:04.222Z,489.00,delivered
MSH536498637,S0005,meesho,SNEAKER-PNK-9,2,C01721,2026-09-26T04:23:45.185Z,1838.00,pending
OD767684581049,S0017,flipkart,KURTI-WHT-XL,5,C02442,2026-09-01T22:35:49.302Z,2845.00,delivered
270-1846952-1485373,S0027,amazon,SAREE-WHT-FREE,0,C02996,2026-08-26T01:51:05.810Z,3475.10,delivered
OD678932000102,S0002,flipkart,HOODIE-YEL-M,1,C02310,2026-08-30T01:01:58.715Z,1149.00,cancelled
125-1815157-2659837,S0012,amazon,KURTI-YEL-M,2,C00738,2026-08-13T07:43:35.260Z,1498.00,delivered
OD867119008388,S0024,flipkart,JEANS-BLU-32,1,C01443,2026-09-21T03:18:46.747Z,1249.00,returned
MYN3061090357,S0003,myntra,KURTI-BLK-M,2,C00633,2026-09-12T20:31:36.999Z,1558.00,delivered
OD199894256807,S0002,flipkart,HOODIE-BLK-L,1,C02745,2026-09-20T16:50:46.220Z,1019.00,delivered
OD058512178029,S0024,flipkart,JEANS-GRN-30,1,C00134,2026-08-30T22:11:28.613Z,989.00,delivered
MYN3558090679,S0008,myntra,JEANS-BLU-34,3,C01856,2026-08-02T03:04:28.971Z,4497.00,delivered
OD049720677930,S0003,flipkart,SAREE-GRN-FREE,1,C01936,2026-07-24T15:25:55.907Z,1385.10,delivered
MSH734978541,S0007,meesho,HOODIE-BLK-XL,1,C00906,2026-09-20T06:59:51.102Z,1479.00,returned
746-9613424-3197840,S0022,amazon,HOODIE-YEL-M,two,C01190,2026-08-20T13:34:17.324Z,4876.00,delivered
794-2392950-1477451,S0001,amazon,TSHIRT-PNK-XL,1,C02772,2026-08-27T22:43:48.076Z,369.00,delivered
755-9009645-7441379,S0041,amazon,TSHIRT-YEL-S,5,C00529,2026-09-03T07:15:04.734Z,2515.50,delivered
MYN2147653313,S0006,myntra,SNEAKER-GRN-7,3,C00886,2026-09-02T09:30:00.674Z,2391.15,delivered
OD650556396736,S0044,flipkart,HOODIE-YEL-XL,2,C02918,2026-08-02T11:41:36.391Z,3858.00,delivered
MYN4263820617,S0014,myntra,KURTI-WHT-XL,2,C02065,2026-07-11T06:40:56.777Z,998.00,delivered
909-2021902-7047698,S0001,amazon,TSHIRT-GRN-L,3,C00807,2026-09-25T19:13:29.808Z,1467.00,delivered
MSH451603484,S0001,meesho,HOODIE-GRN-XL,2,C01563,2026-09-02T00:53:07.815Z,3678.00,delivered
393-5260811-2538046,S0009,amazon,HANDBAG-BLU-FREE,3,C01894,2026-09-19T03:43:27.900Z,4437.00,delivered
MSH344516341,S0029,meesho,SNEAKER-PNK-7,2,C01216,2026-08-22T18:57:35.849Z,5078.00,returned
325-8575172-6269930,S0022,amazon,HOODIE-YEL-M,2,C02663,2026-08-11T03:58:07.857Z,2438.00,delivered
OD207901036501,S0003,flipkart,SAREE-MAR-FREE,3,C01409,2026-08-13T13:59:22.271Z,4290.30,cancelled
427-5547774-3758853,S0045,amazon,WATCH-BLK-FREE,1,C00919,2026-09-19T20:18:02.688Z,3153.05,returned
MYN8993426109,S0033,myntra,TSHIRT-MAR-M,3,C02918,2026-08-22T02:22:20.978Z,1917.00,delivered
MYN9770916264,S0014,myntra,KURTI-RED-M,2,C01264,2026-09-07T02:49:24.390Z,1423.10,returned
MSH844356314,S0005,meesho,SNEAKER-BLU-7,2,C01283,2026-08-09T08:26:40.626Z,4938.00,delivered
OD421845406198,S0010,flipkart,SAREE-YEL-FREE,1,C00235,2026-08-13T11:31:55.259Z,699.00,delivered
MSH834074512,S0007,meesho,JEANS-BLU-36,2,C00931,2026-09-25T21:48:58.213Z,2014.20,delivered
OD984623544009,S0003,flipkart,SAREE-MAR-FREE,1,C00737,2026-08-01T09:46:43.985Z,1589.00,delivered
MYN5785844006,S0006,myntra,SNEAKER-GRN-7,2,C01661,2026-07-15T15:43:45.762Z,1678.00,returned
MYN3706680773,S0019,myntra,WATCH-MAR-FREE,1,C01582,2026-07-23T18:30:31.780Z,1469.00,delivered
161-2150813-5124430,S0012,amazon,KURTI-BLU-XL,2,C00498,2026-08-21T03:41:08.640Z,1546.20,delivered
776-8952753-0497690,S0044,amazon,HOODIE-PNK-M,1,C01105,2026-08-13T04:02:13.710Z,1214.10,delivered
OD603183558691,S0002,flipkart,HOODIE-MAR-L,1,C00300,2026-10-03T05:01:10.879Z,917.10,delivered
MYN0526571733,S0003,myntra,KURTI-MAR-XL,3,C01673,2026-10-02T18:22:53.448Z,1678.65,delivered
MYN6612771325,S0029,myntra,SNEAKER-PNK-7,1,C00234,2026-08-21T17:03:05.229Z,2539.00,shipped
OD922980887294,S0003,flipkart,SAREE-MAR-FREE,1,C00080,2026-08-25T07:51:44.822Z,1589.00,confirmed
213-3040598-0034088,S0009,amazon,HANDBAG-BLK-FREE,1,C01212,2026-09-15T22:17:41.613Z,1219.00,delivered
526-3774252-4456686,S0001,amazon,HOODIE-PNK-M,2,C01073,2026-08-20T14:31:13.758Z,3198.00,pending
899-1508094-9059672,S0046,amazon,HOODIE-WHT-M,4,C02753,2026-09-17T13:56:46.828Z,3236.00,delivered
MYN3239510848,S0003,myntra,SAREE-RED-FREE,2,C01594,2026-08-17T04:21:07.377Z,2050.10,cancelled
MYN4833294960,S0006,myntra,SNEAKER-YEL-10,1,C01659,2026-08-27T21:35:35.841Z,2359.00,shipped
586-6184604-0016710,S0009,amazon,HANDBAG-MAR-FREE,5,C01241,2026-09-16T21:28:09.975Z,3695.00,confirmed
MSH835086257,S0005,meesho,SNEAKER-MAR-7,2,C00547,2026-10-02T07:59:47.829Z,4558.10,delivered
MSH415380312,S0002,meesho,TSHIRT-BLU-XL,2,C01859,2026-08-31T21:06:58.111Z,1290.10,delivered
912-7608757-6223294,S0001,amazon,TSHIRT-PNK-XL,1,C00686,2026-08-13T23:50:04.611Z,369.00,shipped
265-0759488-1925756,S0041,amazon,TSHIRT-RED-L,3,C01563,2026-07-26T11:46:09.145Z,1587.00,delivered
929-2374518-5320032,S0001,amazon,TSHIRT-WHT-XL,1,C00297,2026-08-04T23:36:46.553Z,431.10,cancelled
044-7356788-0419744,S0031,amazon,SNEAKER-RED-8,2,C00566,2026-07-22T18:06:11.951Z,2578.00,delivered
290-0244342-7905235,S0004,amazon,KURTI-PNK-M,2,C02754,2026-08-03T01:52:30.215Z,698.00,pending
MSH031641530,S0001,meesho,TSHIRT-WHT-XL,2,C00435,2026-08-08T00:00:36.098Z,910.10,cancelled
524-9659871-9124045,S0041,amazon,TSHIRT-RED-L,1,C00538,2026-07-13T04:44:24.822Z,529.00,delivered
OD281822979143,S0002,flipkart,TSHIRT-BLU-XL,1,C02198,2026-08-05T12:33:49.342Z,679.00,delivered
OD978871240167,S0003,flipkart,SAREE-MAR-FREE,1,C02068,2026-09-30T17:37:51.458Z,1430.10,delivered
MYN3223952728,S0028,myntra,JEANS-BLU-32,1,C01749,2026-07-24T05:48:34.342Z,1039.00,delivered
MSH248457527,S0002,meesho,HOODIE-BLU-M,1,C01387,2026-09-02T09:16:21.259Z,1736.10,delivered
MSH345758699,S0027,meesho,SAREE-WHT-FREE,1,C00172,2026-08-09T10:31:46.614Z,1646.10,confirmed
MYN5439303811,S0004,myntra,KURTI-YEL-XL,2,C02643,2026-07-15T20:40:59.461Z,1157.10,shipped
MYN4928861351,S0003,myntra,KURTI-YEL-L,2,C01774,2026-07-26T11:52:37.220Z,1138.00,cancelled
MYN6732300781,S0006,myntra,SNEAKER-YEL-10,4,C00908,2026-08-06T05:11:02.927Z,8492.40,delivered
,S0045,amazon,WATCH-BLK-FREE,1,C01652,2026-07-08T00:51:49.827Z,3319.00,delivered
761-6832747-6417790,S0001,amazon,TSHIRT-GRN-L,1,C01164,2026-09-19T15:29:12.687Z,489.00,delivered
MSH736554693,S0001,meesho,HOODIE-GRN-XL,1,C01623,2026-09-26T14:03:15.815Z,1839.00,pending
800-0073273-5644245,S0032,amazon,WATCH-BLU-FREE,3,C00867,2026-07-15T23:04:31.494Z,5694.30,delivered
MSH271928604,S0002,meesho,HOODIE-YEL-M,3,C00220,2026-09-26T21:03:35.148Z,3274.65,delivered
MSH444189523,S0002,meesho,HOODIE-BLK-L,4,C00289,2026-07-31T06:29:07.998Z,3668.40,delivered
OD419044688548,S0002,flipkart,TSHIRT-WHT-M,2,C02394,2026-09-20T02:37:17.143Z,878.00,delivered
MSH077891222,S0026,meesho,WATCH-MAR-FREE,3,C02092,2026-08-01T02:17:21.058Z,8007.00,confirmed
MSH686581342,S0001,meesho,TSHIRT-WHT-XL,2,C02397,2026-09-12T21:35:32.469Z,958.00,returned
MYN7058132661,S0047,myntra,WATCH-MAR-FREE,1,C01555,2026-09-03T00:22:54.036Z,1817.10,delivered
OD164706214280,S0002,flipkart,HOODIE-BLK-L,2,C00007,2026-09-13T07:59:18.144Z,2038.00,shipped
422-8180701-6571539,S0001,amazon,HOODIE-GRN-XL,1,C02958,2026-07-27T16:11:13.752Z,1747.05,delivered
MSH486910296,S0009,meesho,HANDBAG-BLK-FREE,2,C02265,2026-07-28T03:52:13.379Z,2438.00,delivered
OD815920087558,S0050,flipkart,WATCH-PNK-FREE,1,C00669,2026-09-09T11:47:13.280Z,2289.00,delivered
MYN5904318050,S0003,myntra,SAREE-MAR-FREE,2,C00580,2026-08-30T15:24:12.812Z,3019.10,delivered
OD350042355926,S0002,flipkart,TSHIRT-WHT-M,1,C02986,2026-09-06T19:34:10.996Z,439.00,delivered
MYN4792291060,S0006,myntra,SNEAKER-RED-10,5,C00244,2026-09-06T07:53:25.226Z,14845.00,delivered
OD483087988839,S0015,flipkart,SAREE-GRN-FREE,1,C02586,2026-09-13T23:16:04.605Z,2184.05,delivered
OD819760364103,S0002,flipkart,TSHIRT-BLU-XL,5,C00769,2026-09-10T05:11:55.753Z,3395.00,cancelled
OD964570255096,S0002,flipkart,HOODIE-YEL-M,1,C01876,2026-10-03T11:10:35.798Z,1149.00,delivered
MYN4584783455,S0019,myntra,WATCH-MAR-FREE,4,C01186,2026-09-07T14:55:17.400Z,5876.00,delivered
OD824550574036,S0002,flipkart,HOODIE-YEL-M,2,C02357,2026-07-22T02:33:24.295Z,2298.00,delivered
MSH498836578,S0026,meesho,HANDBAG-GRN-FREE,2,C00784,2026-07-26T16:38:48.156Z,1018.00,delivered
537-1084363-6080742,S0001,amazon,TSHIRT-PNK-XL,4,C00901,2026-08-14T10:05:11.528Z,1476.00,delivered
726-6865826-1266555,S0008,amazon,JEANS-YEL-32,1,C01573,2026-09-08T19:49:42.702Z,1799.00,delivered
237-5004527-3630339,S0041,amazon,TSHIRT-YEL-S,2,C01444,2026-08-26T11:08:51.946Z,1006.20,delivered
OD065239170825,S0028,flipkart,JEANS-GRN-36,1,C02552,2026-07-12T23:47:05.419Z,759.05,shipped
MYN5545259348,S0034,myntra,HANDBAG-BLU-FREE,2,C02756,2026-08-12T10:28:32.782Z,2658.00,cancelled
993-2850395-8164192,S0045,amazon,WATCH-GRN-FREE,2,C02017,2026-08-11T06:12:38.615Z,3130.20,delivered
575-2336033-5217624,S0004,amazon,KURTI-YEL-M,1,C01035,2026-07-29T16:20:01.453Z,782.10,pending
OD772478322539,S0028,flipkart,JEANS-BLU-36,2,C01247,2026-08-23T10:28:39.439Z,2658.00,pending
714-0384401-9313617,S0001,amazon,TSHIRT-GRN-L,2,C02830,2026-08-17T11:40:59.840Z,978.00,delivered
873-9712981-0972016,S0001,amazon,TSHIRT-WHT-XL,1,C01839,2026-08-18T12:39:11.743Z,431.10,cancelled
779-7401088-0991477,S0008,amazon,JEANS-YEL-32,3,C01504,2026-09-08T13:12:57.413Z,5397.00,delivered
OD506440507846,S0002,flipkart,TSHIRT-PNK-M,1,C01085,2026-09-18T18:12:49.577Z,679.00,delivered
OD980924166316,S0010,flipkart,HANDBAG-RED-FREE,1,C02164,2026-09-25T13:01:00.925Z,557.10,returned
OD282543279040,S0010,flipkart,SAREE-YEL-FREE,3,C00173,2026-07-26T06:40:09.920Z,2097.00,cancelled
MYN3815857964,S0008,myntra,JEANS-PNK-30,1,C00089,2026-07-16T01:20:47.819Z,1179.00,pending
MSH007277475,S0030,meesho,JEANS-WHT-34,2,C01549,2026-07-31T02:19:23.847Z,2758.00,delivered
MYN9611021641,S0003,myntra,KURTI-BLK-M,1,C00880,2026-09-26T07:11:44.719Z,779.00,delivered
MSH060708808,S0002,meesho,HOODIE-YEL-M,4,C00669,2026-07-29T14:22:49.130Z,4596.00,delivered
521-4772699-9989996,S0045,amazon,WATCH-MAR-FREE,3,C02274,2026-07-28T02:25:08.837Z,3957.00,delivered
075-9747415-8459997,S0001,amazon,HOODIE-GRN-XL,2,C00409,2026-10-01T21:36:16.212Z,3678.00,delivered
MSH200939268,S0009,meesho,HANDBAG-PNK-FREE,1,C02754,2026-08-18T16:52:02.143Z,1069.00,delivered
MYN2885864633,S0003,myntra,KURTI-BLK-M,3,C02476,2026-07-07T00:25:42.421Z,2103.30,delivered
MSH740249133,S0001,meesho,TSHIRT-PNK-XL,5,C00845,2026-07-28T04:33:46.908Z,1845.00,delivered
OD220353345009,S0002,flipkart,HOODIE-YEL-M,1,C00980,2026-09-02T19:47:03.189Z,1149.00,shipped
MYN2242091313,S0019,myntra,WATCH-PNK-FREE,5,C01403,2026-09-30T00:40:26.520Z,16545.00,confirmed
OD650900041761,S0002,flipkart,TSHIRT-PNK-XL,1,C01778,2026-07-18T16:03:43.715Z,233.10,cancelled
MYN8485187556,S0008,myntra,JEANS-BLU-34,2,C02521,2026-09-09T09:23:41.444Z,-2998.00,delivered
050-4803316-6076744,S0027,amazon,SAREE-BLK-FREE,2,C02326,2026-07-15T06:32:26.366Z,3855.10,delivered
MSH310618494,S0007,meesho,JEANS-BLK-34,2,C00572,2026-08-08T20:14:44.360Z,1658.00,delivered
OD641664328000,S0010,flipkart,SAREE-WHT-FREE,4,C00505,2026-08-03T13:36:23.798Z,7636.00,returned
447-5484451-8482828,S0001,amazon,HOODIE-GRN-XL,2,C02419,2026-07-10T01:21:32.810Z,3494.10,delivered
MYN6510510105,S0039,myntra,HANDBAG-YEL-FREE,1,C00881,2026-09-10T22:01:54.631Z,689.00,cancelled
575-0518486-4269520,S0023,amazon,SAREE-MAR-FREE,1,C01414,2026-07-25T11:50:03.047Z,2159.00,delivered
OD525514605472,S0002,flipkart,TSHIRT-BLU-XL,4,C00045,2026-09-27T23:11:32.422Z,2580.20,delivered
OD944760308561,S0050,flipkart,WATCH-RED-FREE,2,C00729,2026-09-30T22:17:07.202Z,4618.00,delivered
MSH418426996,S0009,meesho,HANDBAG-BLK-FREE,5,C02732,2026-08-06T04:47:03.112Z,5790.25,delivered
OD638723737020,S0002,flipkart,HOODIE-YEL-M,1,C01322,2026-07-24T05:20:58.177Z,1149.00,delivered
OD512071274398,S0028,flipkart,JEANS-GRN-36,1,C00176,2026-08-03T16:36:46.188Z,759.05,delivered
312-0591268-9070164,S0048,amazon,HOODIE-BLK-L,3,C00052,2026-07-19T08:10:37.287Z,3867.00,delivered
MYN6883639077,S0003,myntra,KURTI-MAR-XL,1,C01889,2026-09-11T06:36:03.739Z,530.10,delivered
MSH596814775,S0001,meesho,HOODIE-GRN-XL,1,C01070,2026-09-07T11:18:59.156Z,1839.00,returned
OD065028896313,S0003,flipkart,SAREE-MAR-FREE,4,C02616,2026-08-01T18:09:46.237Z,5720.40,shipped
MSH251613024,S0002,meesho,TSHIRT-WHT-M,2,C02759,2026-10-01T14:48:04.707Z,878.00,delivered
OD399141360184,S0003,flipkart,SAREE-MAR-FREE,5,C02417,2026-08-07T05:38:11.667Z,7945.00,delivered
OD078758107985,S0003,flipkart,KURTI-PNK-XL,1,C00433,2026-09-02T17:44:15.794Z,710.10,cancelled
OD757750482932,S0010,flipkart,HANDBAG-PNK-FREE,2,C01675,2026-08-27T18:19:46.420Z,1438.00,shipped
MYN0418962924,S0008,myntra,JEANS-YEL-32,1,C02008,2026-07-21T09:02:13.290Z,1799.00,delivered
OD833069908854,S0002,flipkart,HOODIE-BLU-M,1,C02365,2026-09-20T18:04:57.782Z,1929.00,delivered
OD131640275835,S0003,flipkart,SAREE-MAR-FREE,1,C02423,2026-08-31T12:17:19.465Z,1589.00,returned
OD611385748191,S0009,flipkart,HANDBAG-GRN-FREE,5,C00105,2026-09-24T04:58:13.852Z,2645.00,returned
MSH477678561,S0023,meesho,SAREE-YEL-FREE,1,C01745,2026-08-01T19:31:30.900Z,1089.00,delivered
MSH672398279,S0001,meesho,HOODIE-PNK-M,3,C02084,not-a-date,4317.30,delivered
OD368226373449,S0017,flipkart,KURTI-WHT-XL,2,C00707,2026-09-29T16:51:02.868Z,1138.00,cancelled
MYN1486387524,S0006,myntra,SNEAKER-RED-10,1,C02999,2026-09-16T00:07:59.462Z,2969.00,delivered
OD811254185434,S0003,flipkart,SAREE-MAR-FREE,1,C00997,2026-09-23T10:59:14.355Z,1589.00,confirmed
870-8014934-8886449,S0050,amazon,WATCH-GRN-FREE,1,C01751,2026-08-08T17:08:44.729Z,529.00,delivered
OD766024677156,S0010,flipkart,SAREE-GRN-FREE,4,C02761,2026-09-19T09:13:10.889Z,5582.20,delivered
MYN1757606345,S0004,myntra,KURTI-PNK-M,3,C02261,2026-07-12T14:17:52.230Z,1047.00,delivered
MSH360804655,S0007,meesho,JEANS-BLU-36,4,C00689,2026-10-01T02:41:59.128Z,4476.00,delivered
MSH450579544,S0002,meesho,TSHIRT-BLU-XL,2,C02021,2026-07-31T04:54:42.217Z,1358.00,delivered
881-0765156-1917125,S0028,amazon,JEANS-BLU-36,2,C02863,2026-09-20T21:20:33.343Z,2658.00,delivered
OD083313056219,S0002,flipkart,TSHIRT-WHT-M,1,C02346,2026-08-22T15:22:41.952Z,439.00,confirmed
OD884581879595,S0003,flipkart,SAREE-MAR-FREE,1,C02258,2026-08-03T08:45:36.923Z,1589.00,delivered
408-0078400-6549599,S0001,amazon,HOODIE-PNK-M,1,C02857,2026-08-14T11:26:44.472Z,1599.00,delivered
MYN2661477264,S0006,myntra,SNEAKER-BLU-7,1,C00128,2026-09-18T17:25:07.172Z,1399.00,delivered
MYN6000811502,S0006,myntra,SNEAKER-RED-10,1,C00967,2026-09-11T12:35:46.422Z,2969.00,returned
845-2324805-0641327,S0009,amazon,HANDBAG-PNK-FREE,2,C00356,2026-09-22T05:07:15.345Z,2031.10,delivered
OD628478407674,S0002,flipkart,TSHIRT-GRN-M,2,C01197,2026-08-01T01:41:51.680Z,978.00,confirmed
134-3383035-6487812,S0025,amazon,SNEAKER-PNK-7,1,C02805,2026-09-15T11:01:20.066Z,2690.10,delivered
MSH668287687,S0001,meesho,HOODIE-GRN-XL,1,C00663,2026-07-30T17:00:48.065Z,1839.00,delivered
365-3529374-6421919,S0009,amazon,HANDBAG-PNK-FREE,2,C00020,2026-08-17T13:04:48.719Z,2138.00,returned
MYN5778725522,S0004,myntra,KURTI-BLU-S,3,C02908,2026-08-11T02:01:17.324Z,2362.65,delivered
700-6205812-9395695,S0004,amazon,KURTI-YEL-XL,4,C01392,2026-10-01T19:02:44.580Z,2436.00,returned
132-7025842-4555585,S0013,amazon,SNEAKER-GRN-7,4,C00023,2026-08-04T17:28:02.647Z,4516.00,cancelled
682-2633183-3075344,S0001,amazon,TSHIRT-WHT-XL,2,C01231,2026-07-25T01:24:13.719Z,862.20,delivered
OD565618331707,S0033,flipkart,TSHIRT-BLK-S,1,C00924,2026-08-09T17:10:08.928Z,635.55,shipped
OD057372075129,S0003,flipkart,KURTI-GRN-L,1,C02865,2026-09-10T01:23:52.519Z,440.10,delivered
OD678529343787,S0003,flipkart,SAREE-MAR-FREE,1,C01581,2026-07-20T01:17:18.422Z,1430.10,delivered
003-4810052-0671739,S0037,amazon,JEANS-BLU-30,2,C02690,2026-08-13T03:42:54.150Z,1338.00,delivered
MSH502117350,S0005,meesho,SNEAKER-PNK-9,4,C00071,2026-07-08T02:44:09.986Z,3676.00,delivered
075-7803652-3980734,S0009,amazon,HANDBAG-YEL-FREE,2,C01236,2026-08-29T05:33:39.765Z,1537.10,cancelled
OD949017659410,S0025,flipkart,SNEAKER-PNK-7,1,C02442,2026-08-15T22:56:49.105Z,2989.00,pending
656-5088588-7726879,S0001,amazon,HOODIE-GRN-XL,1,C02759,2026-09-30T16:41:09.562Z,1839.00,delivered
MSH522557881,S0005,meesho,SNEAKER-BLK-7,2,C01298,2026-07-08T03:11:41.266Z,4558.00,confirmed
536-1125105-8968364,S0001,amazon,TSHIRT-WHT-XL,1,C01689,2026-09-11T11:01:06.111Z,431.10,delivered
MSH681199516,S0001,meesho,HOODIE-GRN-XL,1,C00214,2026-07-07T01:25:17.869Z,1839.00,delivered
658-4087094-5325945,S0039,amazon,HANDBAG-BLU-FREE,4,C01643,2026-08-01T17:52:53.622Z,2356.00,delivered
OD637748492040,S0010,flipkart,HANDBAG-RED-FREE,4,C01147,2026-09-13T04:59:31.448Z,2228.40,delivered
OD369490549183,S0002,flipkart,TSHIRT-WHT-M,3,C00039,2026-09-28T18:12:55.089Z,1185.30,delivered
MYN5089655610,S0006,myntra,SNEAKER-YEL-10,1,C01794,2026-08-09T11:00:16.777Z,2241.05,delivered
296-9040262-5631426,S0001,amazon,TSHIRT-WHT-XL,1,C01426,2026-09-20T12:35:54.356Z,479.00,delivered
504-6496608-4468308,S0045,amazon,WATCH-BLK-FREE,1,C01458,2026-09-02T05:58:39.884Z,3319.00,delivered
MSH858031391,S0005,meesho,SNEAKER-MAR-7,0,C02752,2026-08-23T08:03:32.948Z,2399.00,confirmed
406-7113280-0502656,S0028,amazon,JEANS-YEL-32,1,C00582,2026-07-22T01:22:12.675Z,998.10,delivered
MYN7890769804,S0049,myntra,SNEAKER-BLK-8,1,C01723,2026-07-24T11:02:35.288Z,2819.00,cancelled
192-7360541-5468602,S0008,amazon,JEANS-BLK-36,1,C02197,2026-08-14T14:59:01.351Z,759.05,delivered
MYN0237326621,S0028,myntra,JEANS-PNK-36,1,C02159,2026-09-17T23:06:43.852Z,1059.00,delivered
435-6359031-6040931,S0001,amazon,TSHIRT-WHT-XL,1,C01425,2026-09-02T20:40:56.824Z,479.00,delivered
MSH809495670,S0007,meesho,JEANS-BLU-36,3,C01802,2026-08-22T11:59:57.139Z,3021.30,delivered
OD105683228682,S0002,flipkart,HOODIE-BLK-L,4,C01198,2026-07-22T08:30:41.959Z,3668.407,delivered
220-3684923-5019694,S0012,amazon,KURTI-YEL-M,2,C00898,2026-09-09T07:06:03.113Z,1498.00,delivered
MSH894391590,S0001,meesho,TSHIRT-WHT-XL,1,C01846,2026-09-13T21:24:58.444Z,479.00,delivered
657-5701274-5334830,S0009,amazon,HANDBAG-BLK-FREE,2,C02900,2026-09-26T03:45:48.042Z,2438.00,delivered
MSH694871884,S0027,meesho,SAREE-YEL-FREE,1,C02096,2026-08-05T12:25:42.747Z,1329.05,delivered
MYN1755081366,S0003,myntra,SAREE-MAR-FREE,1,C00782,2026-08-24T16:26:20.010Z,1430.10,delivered
OD552442656581,S0003,flipkart,KURTI-PNK-XL,3,C02813,2026-08-28T15:16:24.868Z,2248.65,delivered
182-4829223-4852508,S0001,amazon,HOODIE-GRN-XL,1,C01435,2026-08-21T17:44:42.260Z,1839.00,cancelled
MYN8585337314,S0047,myntra,KURTI-YEL-M,2,C00832,2026-07-06T07:44:11.668Z,1689.10,delivered
591-5563217-8503309,S0034,amazon,HANDBAG-WHT-FREE,1,C00843,2026-08-19T22:46:12.337Z,1205.55,delivered
MYN2106929516,S0019,myntra,WATCH-YEL-FREE,1,C02620,2026-08-29T16:05:36.448Z,2839.00,delivered
MYN1100237892,S0006,myntra,SNEAKER-YEL-10,1,C01831,2026-09-22T14:48:12.602Z,2359.00,cancelled
MYN5478245426,S0040,shopify,JEANS-PNK-32,2,C00800,2026-07-11T23:13:02.903Z,1233.10,pending
356-1041259-3202381,S0027,amazon,SAREE-BLK-FREE,1,C01188,2026-08-23T03:00:23.419Z,2029.00,pending
MYN6257189235,S0046,myntra,HOODIE-BLU-L,4,C01646,2026-07-15T09:59:12.633Z,5916.00,delivered
OD695916544994,S0002,flipkart,HOODIE-YEL-M,1,C02283,2026-07-16T20:56:18.124Z,1091.55,returned
913-6570961-5084470,S0001,amazon,TSHIRT-PNK-XL,2,C02663,2026-07-20T02:23:33.945Z,738.00,returned
406-5207861-5440224,S0001,amazon,TSHIRT-GRN-L,2,C00431,2026-08-23T05:03:01.544Z,978.00,delivered
OD164807275903,S0003,flipkart,KURTI-YEL-M,5,C02105,2026-09-19T11:40:04.209Z,1562.75,delivered
OD596909143996,S0002,flipkart,HOODIE-MAR-XL,1,C02494,2026-09-30T00:47:32.107Z,939.00,delivered
MYN0025404583,S0039,myntra,SAREE-YEL-FREE,1,C01080,2026-09-05T07:29:10.685Z,1262.55,delivered
OD561521285797,S0003,flipkart,SAREE-GRN-FREE,1,C00386,2026-09-11T07:04:19.467Z,1539.00,delivered
MSH809212614,S0036,meesho,HOODIE-GRN-XL,4,C02438,2026-09-15T23:13:55.107Z,6764.40,delivered
950-1143158-3707383,S0001,amazon,HOODIE-GRN-XL,4,C02070,2026-08-25T13:32:37.978Z,7356.00,delivered
761-0794317-2944363,S0004,amazon,KURTI-YEL-XL,1,C02113,2026-07-08T01:02:46.249Z,548.10,delivered
MSH257438457,S0005,meesho,SNEAKER-MAR-7,2,C00945,2026-09-11T06:03:36.959Z,4798.00,pending
OD510949566089,S0010,flipkart,SAREE-YEL-FREE,5,C02269,2026-09-01T11:10:13.163Z,3495.00,delivered
OD774719973641,S0010,flipkart,SAREE-WHT-FREE,4,C00252,2026-07-18T14:13:42.299Z,7636.00,delivered
MYN6079915451,S0040,myntra,JEANS-PNK-32,1,C02451,2026-08-11T06:54:06.062Z,649.00,delivered
OD234833823152,S0024,flipkart,KURTI-BLK-L,3,C01831,2026-09-26T08:56:20.830Z,1279.65,delivered
MYN8459935476,S0008,myntra,WATCH-PNK-FREE,2,C02926,2026-13-45T10:00:00.000Z,6838.00,confirmed
842-0827187-2993083,S0039,amazon,HANDBAG-BLK-FREE,3,C00832,2026-08-31T13:15:53.501Z,2427.00,delivered
056-2391981-7650836,S0004,amazon,KURTI-MAR-L,1,C02636,2026-07-11T20:40:09.126Z,278.10,returned
MYN6757646956,S0003,myntra,KURTI-BLK-L,2,C01622,2026-07-16T05:57:45.744Z,1538.00,delivered
MSH257518413,S0005,meesho,SNEAKER-PNK-9,1,C00095,2026-08-15T20:16:02.965Z,873.05,delivered
MSH801102702,S0001,meesho,HOODIE-GRN-XL,1,C01093,2026-08-01T16:55:07.159Z,1655.10,delivered
MYN0591876144,S0006,myntra,SNEAKER-YEL-7,2,C02387,2026-07-16T18:46:14.935Z,2778.00,delivered
MSH818711666,S0005,meesho,SNEAKER-MAR-7,1,C00325,2026-07-11T07:56:56.138Z,2279.05,delivered
MYN1977079722,S0006,myntra,SNEAKER-YEL-7,2,C01375,2026-08-11T08:35:19.520Z,2500.20,delivered
MSH474283442,S0010,meesho,SAREE-MAR-FREE,1,C01054,2026-08-30T08:51:10.745Z,1120.05,delivered
207-6072165-7764702,S0009,amazon,HANDBAG-BLK-FREE,1,C00259,2026-07-26T13:24:43.619Z,1219.00,delivered
MYN0339140171,S0049,myntra,SNEAKER-BLU-7,2,C02124,2026-07-06T01:13:09.237Z,2578.00,delivered
MSH271756924,S0007,meesho,HOODIE-BLU-L,2,C02996,2026-07-23T00:11:50.340Z,1958.00,shipped
OD652302788941,S0009,flipkart,HANDBAG-BLU-FREE,1,C00466,2026-08-04T10:15:15.613Z,1479.00,returned
049-4858391-5091091,S0004,amazon,KURTI-BLU-S,1,C00367,2026-09-30T19:01:00.183Z,746.10,confirmed
OD923117721940,S0003,flipkart,KURTI-BLK-M,2,C00670,2026-09-15T22:57:44.861Z,1558.00,delivered
MYN8551955582,S0029,myntra,SNEAKER-PNK-7,1,C00886,2026-09-06T14:55:36.772Z,2285.10,delivered
MSH988015859,S0002,meesho,HOODIE-YEL-M,1,C02439,2026-09-26T06:37:20.604Z,1091.55,returned
688-7689793-4854846,S0033,amazon,TSHIRT-RED-S,4,C01158,2026-09-16T10:54:34.473Z,1116.00,delivered
817-7507119-8975779,S0033,amazon,TSHIRT-RED-M,1,C02340,2026-07-13T13:49:32.071Z,669.00,cancelled
OD493337903824,S0003,flipkart,SAREE-MAR-FREE,1,C02331,2026-08-25T19:28:38.108Z,1589.00,delivered
MYN3617308249,S0004,myntra,KURTI-MAR-S,2,C00535,2026-07-18T00:42:41.060Z,682.10,delivered
MYN4430779102,S0003,myntra,KURTI-GRN-L,2,C02562,2026-07-08T22:06:57.376Z,978.00,delivered
OD912220960979,S0008,flipkart,JEANS-BLU-34,1,C02608,2026-07-30T20:45:39.930Z,1424.05,delivered
MSH660208594,S0001,meesho,TSHIRT-PNK-XL,1,C01768,2026-08-13T17:59:20.802Z,369.00,returned
MYN8454587964,S0003,myntra,KURTI-GRN-L,2,C02716,2026-08-28T00:18:37.653Z,880.20,delivered
245-9320448-9860122,S0034,amazon,HANDBAG-YEL-FREE,3,C02683,2026-09-12T14:57:19.450Z,3747.00,returned
OD817282122093,S0024,flipkart,KURTI-PNK-XL,1,C00852,2026-07-28T07:08:55.599Z,413.10,returned
MSH159483332,S0002,meesho,HOODIE-YEL-M,1,C00230,2026-09-29T20:04:38.498Z,1034.10,delivered
OD720616847764,S0002,flipkart,TSHIRT-WHT-M,2,C02888,2026-07-21T01:28:42.712Z,790.20,delivered
OD099417604927,S0034,flipkart,HANDBAG-MAR-FREE,1,C01210,2026-08-29T14:48:13.276Z,709.00,delivered
029-4944974-9115067,S0021,amazon,SNEAKER-BLK-8,2,C00845,2026-09-14T10:40:46.757Z,2098.00,returned
880-4820076-3222178,S0027,amazon,SAREE-BLK-FREE,1,C01811,2026-09-24T20:10:16.959Z,1826.10,shipped
OD661121367905,S0010,flipkart,SAREE-YEL-FREE,1,C02272,2026-08-04T23:36:00.684Z,629.10,cancelled
MSH435768983,S0002,meesho,HOODIE-YEL-M,2,C01827,2026-08-15T09:48:50.432Z,2068.20,delivered
OD113448779960,,flipkart,TSHIRT-GRN-M,2,C01848,2026-07-13T08:23:21.233Z,929.10,delivered
073-8483893-5704614,S0009,amazon,HANDBAG-GRN-FREE,1,C02312,2026-08-26T08:51:10.878Z,529.00,delivered
279-8411542-2202553,S0001,amazon,HOODIE-GRN-XL,3,C01346,2026-08-23T16:08:44.032Z,5517.00,returned
MSH973303740,S0002,meesho,TSHIRT-GRN-M,1,C02233,2026-07-30T00:55:13.882Z,489.00,shipped
729-9068275-5926669,S0001,amazon,TSHIRT-PNK-XL,1,C02863,2026-08-12T21:39:09.969Z,369.00,delivered
MSH132235577,S0002,meesho,HOODIE-YEL-M,5,C02469,2026-09-09T18:54:45.185Z,5745.00,delivered
OD353417285795,S0038,flipkart,SNEAKER-PNK-8,1,C00661,2026-09-28T02:12:27.632Z,1319.00,delivered
855-9766175-1912101,S0001,amazon,TSHIRT-PNK-XL,2,C01728,2026-07-11T02:04:31.255Z,701.10,pending
MSH957600265,S0002,meesho,TSHIRT-WHT-M,5,C01700,2026-08-26T04:48:03.798Z,2085.25,delivered
OD358565534778,S0048,flipkart,HOODIE-GRN-L,2,C01775,2026-08-30T19:50:36.671Z,2598.00,delivered
OD188747692226,S0015,flipkart,SAREE-BLK-FREE,1,C02869,2026-08-06T11:35:11.789Z,1199.00,confirmed
788-7635097-5159668,S0050,amazon,WATCH-WHT-FREE,1,C02237,2026-08-09T04:45:02.842Z,3409.00,delivered
MSH893803936,S0002,meesho,HOODIE-YEL-M,1,C02094,2026-09-05T09:05:41.213Z,1149.00,cancelled
473-4243421-4299025,S0001,amazon,HOODIE-PNK-M,5,C02407,2026-08-09T18:55:10.541Z,7195.50,shipped
OD763649689618,S0035,flipkart,TSHIRT-GRN-M,3,C02187,2026-10-01T06:55:57.486Z,867.00,pending
MSH204888079,S0040,meesho,JEANS-PNK-32,2,C02826,2026-10-01T08:05:01.827Z,1298.00,cancelled
445-8475107-7440447,,amazon,TSHIRT-RED-L,1,C02968,2026-07-19T19:34:51.492Z,529.00,returned
MYN5373798392,S0008,myntra,JEANS-BLK-36,2,C01368,2026-08-22T13:21:01.322Z,1518.10,delivered
MYN5838707592,S0003,myntra,KURTI-YEL-L,1,C02814,2026-08-05T15:13:43.885Z,569.00,delivered
704-9155118-1695933,S0032,amazon,WATCH-BLK-FREE,5,C00627,2026-07-07T11:56:25.241Z,9145.00,shipped
598-0821678-1044219,S0009,amazon,HANDBAG-GRN-FREE,1,C01003,2026-07-27T14:03:52.690Z,476.10,delivered
671-1641287-2043962,S0045,amazon,WATCH-BLK-FREE,5,C02427,2026-09-21T23:24:50.640Z,16595.00,delivered
MSH009326258,S0001,meesho,TSHIRT-PNK-XL,1,C00095,2026-07-27T14:59:38.264Z,369.00,cancelled
OD898840542727,S0035,flipkart,TSHIRT-GRN-L,2,C01470,2026-08-29T09:10:10.590Z,910.10,pending
MSH207996836,S0001,meesho,TSHIRT-PNK-XL,2,C01547,2026-08-31T11:17:06.192Z,664.20,delivered
MYN1076153676,S0047,myntra,KURTI-RED-M,4,C00240,2026-09-05T07:33:43.044Z,2156.00,delivered
OD487277688711,S0002,flipkart,HOODIE-YEL-M,1,C01646,2026-08-25T08:30:44.522Z,1149.00,delivered
OD301949796322,S0036,flipkart,JEANS-WHT-30,1,C00691,2026-09-14T14:00:23.105Z,692.55,delivered
MYN5673343594,S0014,myntra,KURTI-YEL-S,2,C02383,2026-09-18T19:38:21.584Z,663.10,delivered
OD208497279866,S0003,flipkart,KURTI-MAR-XL,3,C02385,2026-10-02T12:05:51.808Z,1767.00,shipped
OD020589907468,S0002,flipkart,HOODIE-BLU-M,5,C01029,2026-08-18T20:45:24.208Z,9162.75,delivered
OD082237339388,S0024,flipkart,JEANS-BLU-30,4,C00302,2026-08-15T07:08:25.130Z,5430.20,delivered
MYN9473068092,S0014,myntra,KURTI-YEL-M,2,C02499,2026-07-12T13:53:49.568Z,1518.10,delivered
OD181951299281,S0050,flipkart,WATCH-PNK-FREE,4,C02133,2026-09-22T05:17:31.857Z,8698.20,delivered
313-0601315-1021758,S0045,amazon,WATCH-BLK-FREE,1,C00107,2026-08-16T13:43:21.091Z,3319.00,delivered
OD942326981614,S0021,flipkart,SNEAKER-BLK-8,2,C01473,2026-09-11T09:18:49.441Z,2098.00,confirmed
193-9662297-7887426,S0001,amazon,HOODIE-GRN-XL,1,C00294,2026-09-19T13:30:18.349Z,1839.00,delivered
OD997745703162,S0002,flipkart,TSHIRT-PNK-XL,3,C02222,2026-09-17T15:35:44.127Z,777.00,cancelled
MSH250100235,S0026,meesho,WATCH-YEL-FREE,4,C01320,2026-10-01T00:10:04.051Z,abc,delivered
MSH842063511,S0002,meesho,TSHIRT-RED-S,2,C02178,2026-09-19T22:05:14.573Z,682.20,confirmed
MSH559637561,S0009,meesho,HANDBAG-BLU-FREE,2,C00666,2026-08-06T08:19:09.509Z,2958.00,delivered
MSH722625516,S0021,meesho,SNEAKER-PNK-7,1,C01484,2026-07-28T03:41:36.280Z,2449.00,delivered
030-6098461-3863581,S0001,amazon,HOODIE-GRN-XL,2,C02946,2026-08-21T14:08:09.325Z,3678.00,confirmed
890-4839723-7482602,S0009,amazon,HANDBAG-PNK-FREE,1,C00158,2026-07-08T12:37:36.981Z,962.10,delivered
762-3634977-3435310,S0023,amazon,SAREE-RED-FREE,2,C00548,2026-07-11T13:08:17.799Z,2145.10,pending
551-9203660-2739100,S0020,amazon,JEANS-RED-32,2,C01034,2026-09-27T15:22:18.150Z,2398.00,delivered
MSH365166155,S0001,meesho,HOODIE-GRN-XL,2,C02419,2026-08-12T21:58:21.419Z,3310.20,delivered
OD299170099627,S0010,flipkart,SAREE-WHT-FREE,1,C02067,2026-09-05T19:40:41.776Z,1909.00,pending
OD311010727274,S0003,flipkart,KURTI-PNK-XL,1,C00431,2026-07-27T06:22:11.968Z,789.00,confirmed
MSH055895143,S0007,meesho,HOODIE-BLK-XL,2,C01086,2026-09-09T10:47:25.746Z,2958.00,delivered
MSH100852465,S0001,meesho,TSHIRT-WHT-XL,3,C00351,2026-09-09T02:00:13.277Z,1437.00,delivered
MSH334511778,S0001,meesho,TSHIRT-WHT-XL,2,C02708,2026-09-04T20:27:41.058Z,958.00,returned
MSH676457000,S0005,meesho,SNEAKER-RED-10,1,C02156,2026-09-01T08:15:41.567Z,1919.00,cancelled
173-2886632-0434388,S0020,amazon,JEANS-PNK-34,1,C01074,2026-09-25T23:33:33.566Z,1039.00,cancelled
OD583604859586,S0002,flipkart,HOODIE-YEL-M,2,C00558,2026-07-31T18:31:20.868Z,2298.00,confirmed
MSH498523068,S0002,meesho,HOODIE-YEL-M,2,C00396,2026-08-23T09:15:56.869Z,2298.00,delivered
540-7793916-6325944,S0025,amazon,SNEAKER-BLU-9,1,C01280,2026-07-21T23:37:00.966Z,1829.00,returned
MYN0702470709,S0003,myntra,KURTI-YEL-L,1,,2026-08-21T15:19:01.499Z,569.00,shipped
837-0252456-0993871,S0041,amazon,TSHIRT-YEL-S,1,C02067,2026-09-16T23:28:33.212Z,559.00,delivered
MSH522778766,S0001,meesho,HOODIE-GRN-XL,1,C02369,2026-08-27T16:43:01.806Z,1839.00,confirmed
OD385916289655,S0002,flipkart,HOODIE-YEL-M,3,C00073,2026-09-22T06:43:58.965Z,3102.30,delivered
OD937050583861,S0002,flipkart,HOODIE-BLK-L,1,C00060,2026-07-14T17:26:37.727Z,1019.00,pending
MSH526830791,S0002,meesho,TSHIRT-GRN-M,1,C01295,2026-07-11T23:46:31.909Z,489.00,delivered
775-0146395-1008741,S0020,amazon,JEANS-GRN-32,1,C00940,2026-08-06T19:09:16.398Z,1479.00,delivered
MSH878305136,S0002,meesho,TSHIRT-PNK-M,1,C01866,2026-08-15T05:29:27.789Z,679.00,delivered
OD748820216323,S0003,flipkart,KURTI-BLK-M,1,C01743,2026-07-30T07:22:18.136Z,740.05,confirmed
MSH271482457,S0036,meesho,JEANS-PNK-36,1,C02601,2026-08-01T13:21:25.736Z,1489.00,pending
595-3928629-9236618,S0001,amazon,HOODIE-GRN-XL,2,C01536,2026-08-16T03:08:49.730Z,3678.00,delivered
379-6902689-1197378,S0009,amazon,HANDBAG-BLK-FREE,2,C01901,2026-08-14T23:23:32.677Z,2316.10,confirmed
607-6934069-6895315,S0001,amazon,TSHIRT-PNK-XL,1,C01703,2026-07-11T13:29:07.724Z,369.00,delivered
OD491925800118,S0008,flipkart,JEANS-YEL-32,1,C01128,2026-08-07T14:35:40.154Z,1799.00,delivered
OD122013812411,S0018,flipkart,JEANS-RED-30,1,C01699,2026-10-01T01:01:49.034Z,1115.10,delivered
904-8951695-1937046,S0013,amazon,SNEAKER-PNK-7,2,C00245,2026-09-02T03:43:00.449Z,4798.00,delivered
OD131257198260,S0015,flipkart,SAREE-PNK-FREE,4,C01744,2026-07-17T22:43:12.776Z,3196.00,delivered
MSH606364277,S0005,meesho,SNEAKER-BLU-7,2,C01979,2026-09-28T08:16:33.452Z,4444.20,cancelled
814-7221334-9501226,S0022,amazon,HOODIE-YEL-M,1,C01254,2026-07-23T15:01:29.246Z,1097.10,delivered
213-3938689-4699293,S0001,amazon,TSHIRT-WHT-XL,1,C00346,2026-07-23T17:11:27.270Z,431.10,delivered
OD741204624899,S0002,flipkart,HOODIE-MAR-XL,1,C02177,2026-07-09T10:07:48.914Z,939.00,confirmed
OD600328663515,S0002,flipkart,HOODIE-MAR-XL,1,C01922,2026-09-01T18:50:20.027Z,939.00,delivered
MSH145487670,S0001,meesho,HOODIE-GRN-XL,4,C01019,2026-09-26T22:17:27.840Z,7356.00,delivered
907-9807727-9980053,S0001,amazon,HOODIE-GRN-XL,two,C02386,2026-09-26T00:51:58.625Z,1747.05,cancelled
MYN9463626402,S0006,myntra,SNEAKER-YEL-9,2,C02784,2026-07-13T09:06:26.940Z,2608.20,pending
MYN1806853747,S0047,myntra,KURTI-BLK-L,1,C02443,2026-07-30T06:41:41.914Z,329.00,cancelled
MYN5507691942,S0023,myntra,SAREE-RED-FREE,1,C02931,2026-09-12T12:14:32.497Z,1016.10,delivered
OD006431064398,S0003,flipkart,SAREE-MAR-FREE,1,C01638,2026-08-27T05:41:28.598Z,1509.55,delivered
MSH442345783,S0007,meesho,JEANS-BLU-36,3,C01849,2026-09-26T18:02:57.371Z,3357.00,confirmed
MSH197289696,S0007,meesho,JEANS-BLK-34,5,C01097,2026-08-28T04:23:19.558Z,4145.00,returned
OD548201812031,S0002,flipkart,HOODIE-YEL-M,1,C01242,2026-07-28T04:03:12.077Z,1149.00,delivered
OD937868321464,S0002,flipkart,HOODIE-BLK-L,4,C02432,2026-07-15T23:34:24.016Z,4076.00,shipped
MYN7668900749,S0019,myntra,WATCH-MAR-FREE,4,C02188,2026-09-23T02:40:53.874Z,5582.20,delivered
MYN4527619049,S0049,myntra,SAREE-WHT-FREE,1,C02568,2026-09-04T22:07:36.573Z,1565.10,delivered
506-6037387-8870298,S0004,amazon,KURTI-YEL-S,2,C00472,2026-07-31T11:22:27.199Z,556.20,delivered
686-9051121-4160172,S0028,amazon,JEANS-GRN-30,1,C01700,2026-08-02T22:11:55.082Z,721.05,delivered
803-1709607-7926638,S0045,amazon,WATCH-BLK-FREE,1,C02967,2026-09-04T14:54:08.014Z,3319.00,shipped
366-7760021-6596632,S0033,amazon,TSHIRT-RED-S,4,C01736,2026-09-17T23:11:56.189Z,1004.40,returned
MSH746531587,S0007,meesho,JEANS-YEL-30,1,C01198,2026-09-29T15:00:08.298Z,609.00,cancelled
MYN4023083235,S0004,myntra,KURTI-YEL-XL,1,C02448,2026-07-08T04:49:50.003Z,609.00,shipped
OD481261060674,S0009,flipkart,HANDBAG-BLK-FREE,3,C00913,2026-08-10T00:50:46.655Z,3657.00,delivered
OD974105433669,S0003,flipkart,KURTI-GRN-L,4,C02314,2026-07-05T13:21:25.259Z,1858.20,shipped
978-5799948-5094074,S0026,amazon,WATCH-MAR-FREE,2,C01679,2026-09-08T10:26:53.893Z,4804.20,cancelled
MSH895033817,S0007,meesho,HOODIE-BLK-XL,1,C01021,2026-08-22T21:41:50.481Z,1479.00,pending
MSH789147990,S0005,meesho,SNEAKER-BLU-8,2,C00282,2026-08-14T14:49:04.959Z,5518.00,shipped
MYN0416678308,S0004,myntra,KURTI-YEL-XL,1,C02398,2026-08-26T05:57:26.154Z,578.55,shipped
192-6330079-4200654,S0020,amazon,JEANS-BLK-30,3,C02661,2026-08-24T20:02:05.503Z,4101.30,delivered
449-5338366-0400934,S0012,amazon,KURTI-YEL-M,1,C02210,2026-08-07T11:22:00.408Z,749.00,delivered
092-5918947-4623080,S0001,amazon,HOODIE-GRN-XL,5,C01056,2026-08-22T11:50:26.117Z,9195.00,delivered
OD512928419720,S0003,flipkart,KURTI-MAR-XL,4,C00815,2026-08-04T09:30:14.333Z,2238.20,delivered
MSH428339168,S0029,meesho,SNEAKER-BLU-7,1,C00896,2026-08-07T04:26:58.301Z,999.00,delivered
OD816815157864,S0024,flipkart,KURTI-GRN-XL,1,C00815,2026-08-16T07:47:11.477Z,559.00,cancelled
MYN0157300809,S0003,myntra,SAREE-MAR-FREE,1,C01092,2026-08-07T11:28:24.225Z,1589.00,pending
MYN5137212993,S0050,myntra,WATCH-GRN-FREE,1,C01803,2026-09-12T19:32:37.412Z,529.00,delivered
MSH189566127,S0005,meesho,SNEAKER-RED-10,2,C01670,2026-09-20T01:09:49.872Z,3838.00,returned
MSH242064184,S0001,meesho,TSHIRT-GRN-L,2,C01387,2026-08-12T16:37:50.001Z,978.00,delivered
MYN0167039393,S0047,myntra,KURTI-YEL-M,1,C01215,2026-09-02T07:42:28.368Z,889.00,delivered
OD346305695926,S0017,flipkart,KURTI-WHT-XL,2,C00474,2026-08-19T13:15:20.844Z,1024.20,delivered
OD509347487896,S0003,flipkart,SAREE-MAR-FREE,2,C02117,2026-09-20T04:29:35.090Z,2860.20,pending
535-7857821-9325019,S0001,amazon,TSHIRT-PNK-XL,1,C01519,2026-09-24T12:34:43.395Z,332.10,delivered
OD386853550858,S0015,flipkart,WATCH-BLU-FREE,2,C02529,2026-07-14T00:33:54.559Z,2680.20,delivered
OD864957937606,S0010,flipkart,SAREE-WHT-FREE,1,C01533,2026-09-25T09:11:18.006Z,1909.00,delivered
MSH873045873,S0001,meesho,HOODIE-GRN-XL,1,C00970,2026-09-07T08:16:13.991Z,1747.05,shipped
OD624576346355,S0003,flipkart,KURTI-GRN-L,4,C00726,2026-07-07T06:01:06.433Z,1956.00,cancelled
872-3553680-8876816,S0004,amazon,KURTI-YEL-XL,1,C00737,2026-07-26T05:48:50.901Z,578.55,delivered
OD282747123923,S0010,flipkart,HANDBAG-PNK-FREE,1,C01095,2026-09-25T14:57:55.400Z,719.00,shipped
MYN0811452741,S0008,myntra,JEANS-PNK-30,3,C00158,2026-08-24T22:27:41.664Z,3183.30,cancelled
MYN7471691088,S0023,myntra,SAREE-BLK-FREE,3,C00863,2026-08-29T22:20:37.979Z,5187.00,delivered
OD010744285125,S0002,flipkart,TSHIRT-PNK-XL,1,C02355,2026-09-26T01:01:11.548Z,259.00,confirmed
OD118081867768,S0033,flipkart,TSHIRT-BLK-S,4,C00122,2026-09-10T10:50:24.189Z,2676.00,returned
170-6324181-5256086,S0001,amazon,TSHIRT-PNK-XL,1,C02669,2026-09-30T10:24:09.121Z,369.00,cancelled
MYN9281355536,S0006,myntra,SNEAKER-YEL-7,5,C00543,2026-08-29T01:50:46.782Z,6945.00,delivered
MSH938904110,S0001,meesho,HOODIE-GRN-XL,1,C02274,2026-10-01T07:35:12.582Z,1839.00,delivered
OD500312392039,S0002,flipkart,HOODIE-BLK-L,1,C00854,2026-08-17T15:22:58.688Z,968.05,delivered
669-1269835-7606694,S0001,amazon,HOODIE-GRN-XL,1,C02781,2026-07-23T12:46:42.952Z,1839.00,shipped
532-2131722-9531771,S0027,amazon,SAREE-MAR-FREE,1,C01225,2026-09-23T10:13:12.418Z,2079.00,delivered
MSH157724274,S0002,meesho,HOODIE-BLK-L,1,C00533,2026-09-15T10:13:08.183Z,917.10,delivered
MSH731833649,S0027,meesho,SAREE-BLK-FREE,4,C01269,2026-07-09T19:56:09.073Z,8116.00,delivered
OD084629312674,S0008,flipkart,JEANS-BLU-34,1,C02030,2026-09-26T08:44:32.771Z,1349.10,delivered
712-3816456-6951267,S0040,amazon,SAREE-MAR-FREE,1,C00380,2026-09-18T12:48:20.108Z,2379.00,confirmed
015-7865405-0402499,S0009,amazon,HANDBAG-BLU-FREE,1,C02954,2026-07-15T06:27:11.845Z,1405.05,delivered
MSH186688287,S0007,meesho,JEANS-BLU-36,5,C02795,2026-08-11T04:19:11.964Z,5315.25,delivered
MSH387909103,S0002,meesho,HOODIE-BLK-L,1,C00388,2026-09-19T22:50:52.532Z,1019.00,delivered
773-3017128-9407322,S0032,amazon,WATCH-GRN-FREE,1,C01660,2026-07-05T17:47:58.616Z,692.55,cancelled
OD763482843510,S0002,flipkart,TSHIRT-PNK-XL,2,C00645,2026-09-23T17:49:10.912Z,518.00,delivered
OD751826162385,S0003,flipkart,KURTI-WHT-XL,1,C01499,2026-08-04T09:26:57.012Z,404.10,delivered
927-2896531-1539540,S0023,amazon,SAREE-PNK-FREE,1,C02867,2026-07-18T05:11:16.247Z,2089.00,cancelled
796-1536041-8181090,S0004,amazon,KURTI-YEL-XL,1,C02321,2026-07-16T20:59:04.659Z,609.00,confirmed
820-8472204-4374051,S0045,amazon,WATCH-BLU-FREE,1,C02528,2026-07-19T16:45:21.949Z,909.00,delivered
624-4108445-2989256,S0001,amazon,TSHIRT-PNK-XL,1,C01044,2026-09-04T18:17:19.604Z,350.55,returned
MYN4254438939,S0016,myntra,HANDBAG-PNK-FREE,1,C00804,2026-07-15T00:28:39.138Z,521.55,delivered
120-6286050-6815815,S0001,amazon,HOODIE-PNK-M,2,C02367,2026-07-11T22:59:58.544Z,3198.00,delivered
MSH359865490,S0029,meesho,SNEAKER-MAR-10,1,C01341,2026-10-02T21:53:04.915Z,2412.05,delivered
OD804387869579,S0003,flipkart,KURTI-PNK-XL,2,C01337,2026-07-11T10:59:14.191Z,1499.10,delivered
MSH858797669,S0002,meesho,HOODIE-MAR-L,1,C02537,2026-08-21T10:17:07.282Z,917.10,pending
OD274621663508,S0002,flipkart,HOODIE-BLU-M,1,C00708,2026-08-27T00:21:34.715Z,1832.55,delivered
MYN0931209380,S0011,myntra,KURTI-BLU-M,1,C00828,2026-07-14T19:43:45.687Z,739.00,delivered
868-1920140-4512599,S0001,amazon,HOODIE-GRN-XL,2,C02170,2026-09-29T14:53:44.946Z,3494.10,confirmed
377-1362811-5756866,S0016,amazon,HANDBAG-PNK-FREE,1,C00010,2026-09-11T09:16:05.287Z,549.00,delivered
OD814243651217,S0008,flipkart,JEANS-BLK-36,4,C01873,2026-07-31T23:23:27.959Z,3196.00,delivered
428-5495403-8859045,S0001,amazon,HOODIE-GRN-XL,4,C01022,2026-08-30T09:50:51.915Z,7356.00,delivered
MYN7055253725,S0008,myntra,JEANS-YEL-32,1,C00691,2026-08-29T13:53:20.139Z,1799.00,cancelled
827-7941234-2952110,S0001,amazon,TSHIRT-PNK-XL,4,C01129,2026-08-16T20:39:25.844Z,1476.00,delivered
682-2155175-8677835,S0001,amazon,HOODIE-GRN-XL,1,C00290,2026-07-09T01:32:55.118Z,1655.10,delivered
875-9615188-9438299,S0022,amazon,HOODIE-YEL-M,1,C00334,2026-08-21T16:56:26.823Z,1219.00,confirmed
MYN9283534698,S0003,myntra,KURTI-MAR-XL,3,C01820,2026-08-25T19:53:22.898Z,1767.00,shipped
493-9936213-2585601,S0016,amazon,HANDBAG-PNK-FREE,3,C02417,2026-07-16T01:50:20.107Z,1564.65,delivered
364-8632808-9989571,S0001,amazon,TSHIRT-PNK-XL,1,C02643,2026-07-10T16:33:16.329Z,369.00,delivered
663-1031677-1116073,S0004,amazon,KURTI-BLU-S,1,C02789,2026-08-10T08:35:50.483Z,829.00,delivered
746-9353829-4113496,S0001,amazon,HOODIE-GRN-XL,1,C00623,2026-07-14T08:02:02.789Z,1655.10,delivered
MYN9773663821,S0006,myntra,SNEAKER-YEL-7,1,C01633,2026-08-12T10:20:07.090Z,1389.00,delivered
MYN6875624204,S0006,myntra,SNEAKER-RED-10,1,C00990,2026-07-26T22:12:13.829Z,2969.00,delivered
MYN5990944986,S0047,myntra,KURTI-RED-M,5,C02405,2026-07-09T07:45:15.161Z,2695.00,delivered
OD820613054431,S0017,flipkart,KURTI-WHT-XL,1,C01119,2026-08-15T00:36:48.473Z,569.00,delivered
007-6424419-1004740,S0044,amazon,HOODIE-PNK-M,1,C01026,2026-08-28T14:48:29.934Z,1281.55,delivered
680-3570903-5288471,S0033,amazon,TSHIRT-RED-S,2,C00406,2026-08-09T15:56:02.445Z,558.00,pending
MSH854390465,S0021,meesho,SNEAKER-BLK-8,1,C00813,2026-07-29T18:01:21.652Z,1049.00,delivered
MYN2040223413,S0006,myntra,SNEAKER-GRN-7,4,C02213,2026-08-09T16:30:15.647Z,3020.40,delivered
MYN8561577329,S0014,myntra,WATCH-YEL-FREE,3,C01139,2026-09-22T08:23:14.988Z,5316.30,delivered
331-3976156-6576358,S0001,amazon,HOODIE-GRN-XL,2,C00898,2026-09-03T16:30:40.345Z,3678.00,delivered
OD962464802533,S0024,flipkart,KURTI-BLK-L,1,C02302,2026-07-29T00:17:28.237Z,449.00,delivered
MSH761323477,S0002,meesho,TSHIRT-GRN-M,2,C02059,2026-09-17T09:01:15.871Z,978.00,delivered
MSH380292109,S0030,meesho,JEANS-PNK-34,2,C01018,2026-07-13T01:46:44.985Z,2038.00,delivered
867-2443543-2271066,S0040,amazon,SAREE-RED-FREE,1,C01541,2026-08-27T10:07:31.149Z,989.00,delivered
MSH468813062,S0001,meesho,HOODIE-GRN-XL,3,C00618,2026-08-10T15:41:35.180Z,5517.00,delivered
MYN7534985536,S0006,myntra,SNEAKER-GRN-7,2,C00843,2026-09-27T23:21:49.921Z,1594.10,cancelled
MYN8796686238,S0003,snapdeal,KURTI-BLK-L,4,C01577,2026-07-26T11:48:29.921Z,2922.20,delivered
MYN1860262430,S0003,myntra,SAREE-RED-FREE,1,C01615,2026-07-21T10:18:51.333Z,1079.00,delivered
MYN4426940650,S0050,myntra,WATCH-PNK-FREE,2,C00127,2026-09-21T16:35:07.159Z,4578.00,delivered
MSH651361436,S0001,meesho,HOODIE-GRN-XL,1,C02726,2026-08-09T15:51:37.025Z,1747.05,delivered
647-6922174-8362186,S0001,amazon,HOODIE-GRN-XL,1,C00198,2026-09-04T14:15:56.530Z,1839.00,delivered
656-3082702-3084304,S0041,amazon,TSHIRT-WHT-XL,1,C02366,2026-07-12T13:11:48.100Z,377.10,pending
764-1975977-8143296,S0001,amazon,TSHIRT-WHT-XL,3,C00451,2026-08-04T01:43:11.069Z,1437.00,delivered
OD097620092143,S0002,flipkart,TSHIRT-PNK-XL,1,C00241,2026-09-02T03:11:18.352Z,259.00,delivered
363-1235094-5990730,S0050,amazon,WATCH-GRN-FREE,3,C02109,2026-07-12T15:28:12.159Z,1507.65,delivered
OD620751473162,S0028,flipkart,JEANS-YEL-36,3,C00263,2026-08-14T09:48:47.511Z,2704.65,delivered
MYN3875365812,S0003,myntra,KURTI-BLK-L,1,C02233,2026-08-09T12:34:52.565Z,730.55,delivered
391-6159727-1259188,S0034,amazon,HANDBAG-YEL-FREE,5,C00320,2026-08-22T11:54:20.565Z,6245.00,shipped
MYN7812906634,S0019,myntra,WATCH-BLK-FREE,4,C01130,2026-08-05T23:10:31.015Z,5876.00,returned
OD231206515198,S0024,flipkart,JEANS-MAR-36,3,C01720,2026-09-22T20:30:02.232Z,2517.00,cancelled
MSH610930083,S0001,meesho,HOODIE-PNK-M,2,C01577,2026-08-21T18:55:42.436Z,3198.00,delivered
MSH467321670,S0011,meesho,KURTI-YEL-XL,3,C02612,2026-08-08T11:13:04.930Z,957.00,shipped
MYN4301327508,S0008,myntra,JEANS-PNK-30,1,C02922,2026-07-05T22:25:35.103Z,1179.00,returned
MSH807087740,S0011,meesho,KURTI-WHT-XL,3,C00295,2026-07-21T07:10:50.322Z,2187.00,shipped
MSH535168639,S0001,meesho,HOODIE-GRN-XL,2,C02461,2026-08-01T05:25:50.988Z,3678.00,delivered
OD380246373202,S0002,flipkart,HOODIE-BLK-L,1,C02175,2026-08-22T06:40:56.077Z,1019.00,cancelled
OD420561568431,S0024,flipkart,JEANS-RED-36,1,C01165,2026-07-11T19:50:14.413Z,799.00,delivered
OD932269830495,S0024,flipkart,KURTI-BLK-L,1,C02443,2026-07-24T04:56:05.038Z,404.10,delivered
672-2672955-0181984,S0001,amazon,TSHIRT-WHT-XL,3,C02724,2026-10-01T17:31:42.305Z,1437.00,delivered
MSH312498944,S0007,meesho,JEANS-BLU-36,2,C01194,2026-09-03T20:12:43.441Z,2238.00,delivered
MSH100133452,S0005,meesho,SNEAKER-BLU-8,1,C01278,2026-07-28T03:39:09.838Z,2621.05,confirmed
OD250030234293,S0025,flipkart,SNEAKER-RED-9,5,C00924,2026-09-30T21:50:39.557Z,12245.00,delivered
OD545944013232,S0002,flipkart,TSHIRT-PNK-XL,3,C01349,2026-07-27T19:57:20.873Z,699.30,delivered
OD342827038545,S0003,flipkart,KURTI-MAR-XL,5,C02041,2026-07-22T13:44:18.377Z,2945.00,confirmed
MYN6097740276,S0003,myntra,KURTI-BLK-L,1,C00171,2026-09-03T18:48:46.070Z,769.00,delivered
MYN6768279857,S0004,myntra,KURTI-MAR-S,1,C01015,2026-07-08T21:27:49.133Z,359.00,returned
MSH998033036,S0001,meesho,TSHIRT-GRN-L,1,C01385,2026-08-13T06:01:06.816Z,489.00,confirmed
MYN3319790906,S0008,myntra,WATCH-YEL-FREE,1,C01298,2026-08-05T20:47:20.347Z,728.10,returned
697-4063600-9548860,S0001,amazon,TSHIRT-GRN-L,3,C01220,2026-07-23T18:49:01.545Z,1467.00,delivered
OD403202429144,S0010,flipkart,SAREE-WHT-FREE,1,C00137,2026-07-31T09:36:02.546Z,1909.00,delivered
MSH681631580,S0029,meesho,SNEAKER-GRN-7,4,C02948,2026-09-26T03:59:38.842Z,3956.00,delivered
OD333352019944,S0048,flipkart,HOODIE-MAR-XL,1,C00347,2026-07-24T13:39:51.421Z,1088.10,delivered
MYN2196738856,S0004,myntra,KURTI-YEL-XL,2,C02976,2026-08-18T15:48:43.126Z,1096.20,delivered
487-7600182-2775900,S0009,amazon,HANDBAG-BLK-FREE,1,C02088,2026-09-22T18:05:44.871Z,1219.00,confirmed
OD359523071262,S0003,flipkart,SAREE-MAR-FREE,2,C00762,2026-07-08T00:25:35.221Z,3019.10,delivered
MSH560939803,S0026,meesho,WATCH-YEL-FREE,1,C01972,2026-09-09T01:19:45.709Z,1007.10,returned
648-1425869-3977896,S0009,amazon,HANDBAG-GRN-FREE,3,C02615,2026-07-23T09:09:16.327Z,1587.00,cancelled
OD456330310912,S0002,flipkart,HOODIE-YEL-M,2,C00890,2026-09-18T15:38:48.644Z,2298.00,pending
062-3026923-5549352,S0045,amazon,WATCH-BLK-FREE,2,C00082,2026-07-12T13:56:53.745Z,6638.00,confirmed
MYN2531761784,S0008,myntra,JEANS-YEL-32,1,C02774,2026-09-03T00:37:12.022Z,1619.10,cancelled
234-0695595-4730614,S0001,amazon,TSHIRT-WHT-XL,3,C00648,2026-07-14T04:16:26.216Z,1365.15,pending
565-9090446-7193005,S0008,amazon,JEANS-BLK-36,1,C01302,2026-07-07T18:08:12.808Z,719.10,delivered
662-7272001-9923691,S0001,amazon,HOODIE-GRN-XL,1,C00073,2026-08-20T21:16:36.013Z,1839.007,cancelled
MYN8567660666,S0008,myntra,JEANS-YEL-32,1,C01854,2026-08-29T21:31:31.072Z,1619.10,shipped
MYN4036895094,S0047,myntra,KURTI-WHT-S,2,C01057,2026-09-21T06:19:25.191Z,1718.00,pending
MYN0986110180,S0014,myntra,KURTI-RED-M,3,C01875,2026-08-02T23:42:47.104Z,2247.00,pending
OD008704298574,S0024,flipkart,KURTI-RED-S,2,C02088,2026-07-18T07:08:26.570Z,1038.00,delivered
OD993271085435,S0010,flipkart,SAREE-YEL-FREE,2,C00918,2026-08-13T16:52:15.163Z,1258.20,delivered
923-5583318-8932359,S0001,amazon,TSHIRT-PNK-XL,2,C01320,2026-09-19T07:57:25.870Z,738.00,cancelled
MSH881665716,S0002,meesho,TSHIRT-PNK-XL,2,C02960,2026-07-19T09:18:27.980Z,518.00,delivered
659-3637355-7295645,S0027,amazon,SAREE-WHT-FREE,4,C01518,2026-09-21T02:48:15.814Z,6584.40,delivered
MSH697699737,S0001,meesho,HOODIE-GRN-XL,2,C01577,2026-09-10T19:53:14.038Z,3678.00,delivered
MYN4692094483,S0003,myntra,SAREE-MAR-FREE,2,C01693,2026-07-29T20:51:08.550Z,3178.00,shipped
MYN0605266034,S0004,myntra,KURTI-YEL-XL,1,C00874,2026-08-11T19:57:34.755Z,548.10,delivered
MYN8994316926,S0029,myntra,SNEAKER-BLK-10,1,C01919,2026-09-25T17:06:43.481Z,1559.00,delivered
MSH376542842,S0002,meesho,HOODIE-YEL-M,1,C00867,2026-07-09T16:29:14.961Z,1091.55,cancelled
OD830211650224,S0010,flipkart,SAREE-WHT-FREE,1,C01084,2026-07-09T10:17:24.207Z,1909.00,delivered
MSH775123879,S0005,meesho,SNEAKER-PNK-9,1,C01974,2026-07-20T01:21:49.802Z,919.00,delivered
MYN2423660528,S0023,myntra,SAREE-MAR-FREE,3,C01400,2026-08-15T17:31:13.052Z,5829.30,delivered
MSH623197812,S0001,meesho,TSHIRT-WHT-XL,3,C02174,2026-08-26T23:24:13.940Z,1293.30,shipped
924-3384973-8655048,S0001,amazon,HOODIE-GRN-XL,2,C00847,2026-09-17T21:50:18.776Z,3678.00,delivered
MYN6636987777,S0047,myntra,WATCH-WHT-FREE,3,C01811,2026-09-13T05:02:15.245Z,4186.65,delivered
018-2415036-5279108,S0021,amazon,SNEAKER-PNK-7,2,C01820,2026-08-16T16:34:18.917Z,4898.00,cancelled
MYN3203790598,S0034,myntra,HANDBAG-PNK-FREE,3,C01365,2026-07-23T14:54:01.339Z,2247.00,cancelled
OD389252346755,S0003,flipkart,SAREE-MAR-FREE,3,C01621,2026-08-01T05:16:59.328Z,4767.00,shipped
MYN2537081436,S0019,myntra,WATCH-GRN-FREE,4,C01620,2026-08-06T19:02:02.785Z,9916.00,delivered
MYN6849139509,S0046,myntra,SAREE-YEL-FREE,1,C00359,2026-08-24T01:47:03.165Z,1239.00,delivered
OD274403429825,S0010,flipkart,SAREE-YEL-FREE,5,C01945,2026-08-20T23:06:21.872Z,3495.00,cancelled
490-7626416-3068835,S0009,amazon,HANDBAG-PNK-FREE,4,C00213,2026-08-28T05:48:43.900Z,4062.20,delivered
MYN7594045084,S0003,myntra,KURTI-BLK-L,3,C00400,2026-09-09T21:52:05.252Z,2191.65,delivered
OD080862016356,S0026,flipkart,WATCH-MAR-FREE,1,C01243,2026-09-01T17:16:15.533Z,2669.00,returned
OD717529636106,S0024,flipkart,JEANS-RED-36,4,C01849,2026-08-05T02:51:11.181Z,2876.40,delivered
OD382133029856,S0010,flipkart,SAREE-YEL-FREE,4,C02177,2026-09-12T05:44:02.215Z,2516.40,returned
796-4584347-5554503,S0009,amazon,HANDBAG-GRN-FREE,1,C00085,2026-07-17T05:50:32.471Z,529.00,shipped
791-2041711-7974935,S0001,amazon,HOODIE-PNK-M,5,C01535,2026-09-02T09:44:16.153Z,7995.00,confirmed
OD008282698297,S0002,flipkart,TSHIRT-GRN-M,1,C02669,2026-09-06T19:59:12.165Z,489.00,cancelled
OD429601200013,S0003,flipkart,KURTI-BLK-M,1,C02080,2026-09-05T15:09:58.472Z,701.10,cancelled
OD884330571687,S0036,flipkart,JEANS-WHT-30,1,C01560,2026-07-21T02:43:28.879Z,692.55,delivered
OD135533077317,S0003,flipkart,SAREE-GRN-FREE,2,C00716,2026-08-06T09:59:46.155Z,3078.00,cancelled
MSH047003441,S0001,meesho,HOODIE-GRN-XL,1,C00612,2026-07-30T06:00:35.389Z,1839.00,delivered
OD013972840457,S0003,flipkart,KURTI-MAR-XL,1,C01431,2026-07-31T18:34:24.080Z,530.10,confirmed
602-1263308-5564732,S0004,amazon,KURTI-YEL-S,4,C00577,2026-08-22T17:54:25.447Z,1236.00,confirmed
MSH558243808,S0002,meesho,HOODIE-YEL-M,1,C02889,2026-07-09T19:22:20.682Z,1091.55,delivered
710-6828438-2174363,S0013,amazon,SNEAKER-BLU-10,1,C00801,2026-09-20T15:10:32.676Z,959.00,confirmed
MSH359349922,S0027,meesho,SAREE-RED-FREE,1,C00328,2026-08-05T02:39:36.206Z,1965.55,returned
MSH198797795,S0002,meesho,TSHIRT-PNK-XL,5,C00644,2026-07-25T14:57:59.016Z,1295.00,pending
555-1301492-0920473,S0001,amazon,TSHIRT-PNK-XL,2,C01787,2026-08-01T00:06:06.507Z,738.00,delivered
MYN0757167010,S0041,myntra,TSHIRT-RED-L,1,C00519,2026-07-15T12:07:15.928Z,529.00,delivered
MYN7833189432,S0006,myntra,SNEAKER-GRN-7,1,C00647,2026-08-06T08:41:25.059Z,755.10,delivered
998-3843397-9481167,S0001,amazon,HOODIE-PNK-M,2,C00556,2026-08-04T07:05:31.906Z,3198.00,pending
OD572433474541,S0002,flipkart,HOODIE-YEL-M,1,C00494,2026-07-09T14:48:32.134Z,1149.00,delivered
MSH381277428,S0005,meesho,SNEAKER-RED-7,4,C01121,2026-07-10T15:07:14.030Z,8796.00,confirmed
OD159500598176,S0031,flipkart,SNEAKER-RED-8,1,C02049,2026-09-22T18:07:15.682Z,1160.10,shipped
OD748643589531,S0002,flipkart,TSHIRT-PNK-M,3,C02507,2026-09-08T06:47:26.163Z,1833.30,confirmed
MYN2694761325,S0047,myntra,WATCH-PNK-FREE,1,C01512,2026-09-25T07:29:35.891Z,929.00,delivered
MSH538548093,,meesho,JEANS-PNK-36,1,C00950,2026-07-16T08:59:58.882Z,1340.10,delivered
679-0047159-8159506,S0001,amazon,TSHIRT-WHT-XL,5,C02737,2026-09-09T19:54:42.507Z,2275.25,pending
OD923618859904,S0008,flipkart,JEANS-YEL-32,2,C00831,2026-09-30T05:10:08.717Z,3418.10,delivered
MSH016390857,S0027,meesho,SAREE-YEL-FREE,5,C01924,2026-07-28T00:58:02.343Z,6995.00,delivered
435-3193528-6201772,S0001,amazon,HOODIE-GRN-XL,2,C02399,2026-09-18T05:53:57.403Z,3678.00,delivered
666-3188311-3209943,S0009,amazon,HANDBAG-YEL-FREE,1,C02950,2026-07-20T16:37:10.644Z,809.00,delivered
OD532926106040,S0010,flipkart,SAREE-WHT-FREE,1,C01972,2026-08-29T07:23:48.640Z,1909.00,delivered
MYN1978573395,S0037,myntra,JEANS-PNK-36,1,C02000,2026-09-25T00:36:58.598Z,909.00,delivered
MSH767412870,S0002,meesho,HOODIE-YEL-M,2,C01583,2026-07-18T22:02:40.633Z,2068.20,delivered
083-8805768-3702092,S0020,amazon,JEANS-PNK-32,1,C02108,2026-09-22T10:17:56.721Z,1528.55,delivered
MYN6328830002,S0006,myntra,SNEAKER-YEL-10,2,C00046,2026-09-04T10:20:54.928Z,4246.20,pending
OD749605656004,S0036,flipkart,JEANS-WHT-30,1,C02868,2026-10-03T00:47:19.353Z,729.00,delivered
706-8585393-8792914,S0045,amazon,WATCH-RED-FREE,2,C02799,2026-08-29T05:16:17.076Z,3228.10,delivered
MYN3510739538,S0006,myntra,SNEAKER-YEL-7,2,C02907,2026-09-07T08:12:46.345Z,2778.00,delivered
952-8444484-3112756,S0001,amazon,HOODIE-GRN-XL,2,C00556,2026-07-09T07:16:25.823Z,3678.00,delivered
604-5028216-6630695,S0048,amazon,HOODIE-YEL-M,2,C02088,2026-08-12T21:09:35.311Z,1638.00,delivered
534-4272869-1580512,S0026,amazon,HANDBAG-GRN-FREE,1,C02335,2026-09-01T02:06:49.432Z,483.55,pending
MSH499742997,S0005,meesho,SNEAKER-WHT-10,1,C00623,2026-09-23T06:05:36.774Z,2839.55,shipped
327-9210807-3476161,S0009,amazon,HANDBAG-PNK-FREE,3,C00909,2026-08-10T04:20:44.637Z,3207.00,returned
OD148949724095,S0010,flipkart,SAREE-WHT-FREE,1,C00196,2026-07-07T00:59:16.266Z,1909.00,confirmed
MYN6708655502,S0003,myntra,SAREE-MAR-FREE,1,C00462,2026-07-16T18:25:45.369Z,1430.10,delivered
MSH601473805,S0001,meesho,HOODIE-GRN-XL,1,C00872,2026-09-07T17:20:28.348Z,1839.00,delivered
208-0445339-4941503,S0039,amazon,HANDBAG-YEL-FREE,1,C00189,2026-08-03T03:49:22.838Z,620.10,delivered
884-3497400-0616910,S0008,amazon,WATCH-PNK-FREE,1,C00128,2026-08-22T09:42:23.503Z,3419.00,delivered
MSH612357843,S0007,meesho,HOODIE-BLK-XL,3,C00122,2026-07-17T01:51:36.779Z,4437.00,delivered
OD329850025764,S0018,flipkart,SAREE-YEL-FREE,1,C00439,2026-09-28T04:02:57.026Z,-2269.00,delivered
MYN6156816737,S0049,myntra,SNEAKER-MAR-10,3,C01720,2026-07-13T04:30:01.000Z,3777.00,delivered
491-9480742-5180473,S0009,amazon,HANDBAG-RED-FREE,1,C00399,2026-07-16T07:57:05.406Z,845.10,confirmed
062-2737388-4201326,S0022,amazon,SNEAKER-WHT-10,1,C01144,2026-08-05T18:19:57.302Z,1369.00,delivered
MYN8825690511,S0040,myntra,JEANS-PNK-32,5,C00738,2026-10-03T09:11:32.959Z,3245.00,delivered
361-2665858-2547819,S0041,amazon,TSHIRT-RED-L,2,C01627,2026-07-28T01:19:38.488Z,1058.00,pending
MSH824201965,S0002,meesho,TSHIRT-WHT-M,3,C02935,2026-08-02T16:57:40.090Z,1317.00,confirmed
MSH495955926,S0002,meesho,HOODIE-YEL-M,1,C00485,2026-09-26T09:32:22.580Z,1149.00,cancelled
392-5200871-1617256,S0004,amazon,KURTI-BLU-S,1,C01085,2026-09-21T09:34:06.153Z,829.00,delivered
OD632718820663,S0003,flipkart,KURTI-WHT-XL,1,C02391,2026-08-26T00:48:16.561Z,449.00,delivered
OD982309698000,S0010,flipkart,SAREE-WHT-FREE,1,C02535,2026-08-11T21:03:45.850Z,1909.00,delivered
OD778394409954,S0003,flipkart,KURTI-BLK-L,3,C00632,2026-07-29T15:13:22.932Z,2307.00,delivered
667-0217246-4115551,S0001,amazon,HOODIE-GRN-XL,2,C01234,2026-09-05T05:01:02.267Z,3678.00,delivered
948-6642728-1018204,S0009,shopify,HANDBAG-BLU-FREE,2,C00697,2026-10-01T00:39:57.024Z,2662.20,pending
MSH039495100,S0001,meesho,HOODIE-GRN-XL,4,C01520,2026-07-14T13:58:34.900Z,6988.20,delivered
MSH228006492,S0007,meesho,JEANS-BLU-36,1,C01422,2026-07-24T07:04:01.862Z,1119.00,delivered
OD149188851048,S0026,flipkart,WATCH-MAR-FREE,2,C01689,2026-09-22T08:43:10.827Z,5338.00,delivered
MSH435732179,S0002,meesho,HOODIE-BLK-L,1,C02099,2026-09-14T01:33:19.249Z,968.05,delivered
291-7544389-5364604,S0043,amazon,HANDBAG-PNK-FREE,1,C01637,2026-07-18T03:32:37.656Z,1072.55,delivered
MSH041745102,S0007,meesho,JEANS-BLU-36,1,C01398,2026-09-18T07:57:26.371Z,1007.10,returned
MYN7445555206,S0006,myntra,SNEAKER-YEL-7,1,C00901,2026-08-05T12:41:43.205Z,1250.10,delivered
348-7756480-8065584,S0041,amazon,TSHIRT-RED-L,3,C00742,2026-08-02T23:28:13.206Z,1428.30,delivered
MSH367952853,S0001,meesho,HOODIE-GRN-XL,1,C00989,2026-09-10T03:12:44.887Z,1655.10,delivered
MSH622921327,S0002,meesho,TSHIRT-BLU-XL,4,C02490,2026-07-11T02:46:05.549Z,2444.40,delivered
956-2981943-8506653,S0016,amazon,HANDBAG-PNK-FREE,4,C02209,2026-09-19T12:38:14.971Z,1976.40,delivered
OD489798809251,S0010,flipkart,SAREE-WHT-FREE,3,C00740,2026-09-24T01:45:40.342Z,5154.30,pending
MSH962390639,S0007,meesho,HOODIE-YEL-M,2,C00956,2026-08-31T23:33:17.700Z,1438.00,delivered
OD941174079939,S0010,flipkart,SAREE-YEL-FREE,5,C02036,2026-10-03T10:38:46.204Z,3495.00,delivered
OD432075002814,S0010,flipkart,SAREE-WHT-FREE,1,C02970,2026-09-10T10:37:05.903Z,1909.00,delivered
MYN5100709435,S0006,myntra,SNEAKER-YEL-7,1,C02679,2026-08-23T17:06:53.264Z,1250.10,confirmed
936-9754786-7776271,S0001,amazon,HOODIE-PNK-M,1,C01749,2026-09-08T08:03:12.972Z,1599.00,delivered
MSH718698833,S0005,meesho,SNEAKER-MAR-7,4,C01915,2026-08-20T23:10:22.188Z,9596.00,confirmed
566-0154959-0917085,S0039,amazon,HANDBAG-YEL-FREE,1,C00452,2026-07-20T01:45:14.519Z,689.00,pending
MSH819592867,S0001,meesho,TSHIRT-PNK-XL,3,C02837,2026-07-05T22:41:31.349Z,1107.00,delivered
OD011164113470,S0010,flipkart,HANDBAG-RED-FREE,4,C01884,2026-07-22T07:09:20.068Z,2476.00,cancelled
OD232194971026,S0002,flipkart,HOODIE-YEL-M,1,C00262,2026-07-25T12:02:52.897Z,1149.00,cancelled
MYN8364329768,S0008,myntra,JEANS-BLU-34,1,C00542,2026-08-08T22:29:41.168Z,1499.00,delivered
876-3038443-8961965,S0031,amazon,SNEAKER-WHT-7,4,C01668,2026-07-06T16:01:01.106Z,3740.40,delivered
389-5638924-3173676,S0032,amazon,WATCH-GRN-FREE,2,C01311,2026-07-12T00:30:16.500Z,1458.00,delivered
MSH542780992,S0002,meesho,TSHIRT-PNK-M,3,C01902,2026-09-25T06:02:18.565Z,2037.00,confirmed
MSH447765434,S0010,meesho,SAREE-GRN-FREE,3,C00549,2026-10-01T04:18:49.220Z,4186.65,delivered
MYN5826482194,S0047,myntra,WATCH-WHT-FREE,1,C00368,2026-09-11T15:00:35.782Z,1469.00,delivered
OD539532631407,S0010,flipkart,SAREE-WHT-FREE,2,C01181,2026-07-31T21:09:06.733Z,3627.10,delivered
454-5384026-5801467,S0001,amazon,HOODIE-PNK-M,1,C00477,2026-07-12T10:54:23.131Z,1599.00,cancelled
MSH297550113,S0002,meesho,TSHIRT-GRN-M,2,C01528,2026-09-18T01:37:13.622Z,978.00,delivered
OD528353062814,S0018,flipkart,JEANS-BLU-30,2,C01201,2026-09-21T15:34:05.102Z,3095.10,delivered
MSH476692896,S0040,meesho,JEANS-GRN-34,2,C01046,2026-07-31T01:20:38.285Z,2278.00,delivered
MSH003663455,S0036,meesho,JEANS-BLU-36,2,C01005,2026-09-11T08:03:50.524Z,1860.10,pending
739-8623095-7681357,S0012,amazon,KURTI-PNK-XL,1,C01895,2026-09-03T03:11:10.665Z,589.00,cancelled
352-8121017-4228903,S0001,amazon,TSHIRT-WHT-XL,3,C02651,2026-07-09T02:56:23.825Z,1437.00,confirmed
068-6479037-4714086,S0001,amazon,TSHIRT-WHT-XL,2,C00921,2026-09-28T12:14:46.515Z,958.00,delivered
MSH509933918,S0001,meesho,HOODIE-PNK-M,1,C00617,2026-09-03T22:47:25.051Z,1519.05,delivered
XXXXXXXXXXXXXXXXXXXXXXXXXXXXXXXXXXXXXXXXXXXXXXXXXXXXXXXXXXXXXXXXXXXXXX,S0004,amazon,KURTI-YEL-M,3,C01028,2026-09-22T22:07:15.050Z,2607.00,returned
MYN9943737001,S0049,myntra,SNEAKER-BLK-8,1,C02742,2026-07-23T15:44:21.202Z,2819.00,delivered
181-0878251-9573318,S0004,amazon,KURTI-YEL-XL,1,C02126,2026-08-13T04:18:04.563Z,548.10,pending
OD110789600317,S0028,flipkart,JEANS-BLU-32,3,C00954,2026-09-04T16:16:32.333Z,3117.00,cancelled
MYN9358066899,S0003,myntra,KURTI-BLK-M,4,C00758,2026-09-24T20:37:12.967Z,abc,delivered
OD528481693849,S0024,flipkart,JEANS-MAR-36,1,C00965,2026-09-03T20:27:27.408Z,797.05,delivered
MYN6249491032,S0049,myntra,SNEAKER-BLU-7,two,C01963,2026-08-16T00:02:45.137Z,1160.10,delivered
129-3714218-3536641,S0009,amazon,HANDBAG-BLK-FREE,2,C00077,2026-09-18T20:48:11.555Z,2194.20,delivered
083-5231488-9495376,S0001,amazon,TSHIRT-WHT-XL,4,C00147,2026-07-15T23:20:32.827Z,1916.00,pending
OD329873814625,S0002,flipkart,TSHIRT-BLU-XL,4,C02547,2026-10-03T00:38:34.433Z,2716.00,delivered
387-0485874-0116880,S0045,amazon,WATCH-RED-FREE,2,C01902,2026-08-16T17:18:21.966Z,3058.20,delivered
OD162694628563,S0010,flipkart,SAREE-WHT-FREE,1,C01180,2026-07-29T03:40:21.704Z,1718.10,delivered
942-5706805-0954494,S0008,amazon,JEANS-YEL-32,1,C02821,2026-07-18T13:35:32.062Z,1799.00,delivered
MSH519639372,S0002,meesho,TSHIRT-PNK-XL,1,C01454,2026-09-16T00:42:28.161Z,259.00,delivered
MYN7913399411,S0015,myntra,SAREE-PNK-FREE,5,C01581,2026-08-13T22:57:01.657Z,3595.50,delivered
MYN4107760154,S0004,myntra,KURTI-YEL-XL,1,C00599,2026-08-26T20:28:50.670Z,609.00,delivered
MSH189184570,S0030,meesho,JEANS-PNK-34,1,C02490,2026-07-31T03:33:51.464Z,1019.00,cancelled
OD062965717226,S0024,flipkart,JEANS-BLU-30,1,C00099,2026-07-15T03:03:06.944Z,1429.00,pending
MSH609965936,S0001,meesho,HOODIE-GRN-XL,1,C00198,2026-09-12T14:54:00.311Z,1747.05,delivered
OD032853573896,S0036,flipkart,HOODIE-GRN-XL,1,C01043,2026-07-27T10:39:23.951Z,1879.00,delivered
MSH031737986,S0001,meesho,TSHIRT-WHT-XL,2,C01334,2026-09-28T22:38:52.053Z,958.00,delivered
MYN3210213311,S0003,myntra,KURTI-WHT-XL,4,C00289,2026-07-09T09:51:04.526Z,1706.20,delivered
OD213949811397,S0028,flipkart,JEANS-YEL-36,4,C02255,2026-07-17T02:11:27.851Z,3416.40,delivered
752-6512294-9478610,S0001,amazon,HOODIE-GRN-XL,2,C02516,2026-10-02T11:05:18.981Z,3494.10,delivered
433-2402947-0722266,S0016,amazon,HANDBAG-PNK-FREE,2,C01515,2026-07-16T10:50:05.007Z,1098.00,delivered
407-8827623-3453247,S0009,amazon,HANDBAG-PNK-FREE,2,C01250,2026-09-15T19:00:07.667Z,2138.00,delivered
049-6389657-0399795,S0001,amazon,TSHIRT-WHT-XL,4,C01630,2026-10-02T19:01:45.781Z,1916.00,cancelled
MYN8910660678,S0040,myntra,JEANS-PNK-32,3,C00516,2026-07-07T18:53:12.173Z,1752.30,delivered
508-9798827-6359017,S0041,amazon,TSHIRT-RED-L,1,C01837,2026-07-19T08:34:05.288Z,529.00,cancelled
OD859060071921,S0002,flipkart,HOODIE-MAR-L,2,C00323,2026-07-25T06:07:12.407Z,1834.20,cancelled
OD273580356463,S0010,flipkart,SAREE-WHT-FREE,4,C01531,2026-09-19T10:57:19.903Z,6872.40,delivered
200-1029547-2129777,S0009,amazon,HANDBAG-PNK-FREE,5,C02356,2026-07-13T18:59:56.939Z,4810.50,pending
OD618993914687,S0002,flipkart,HOODIE-YEL-M,1,C02590,2026-08-11T17:35:24.342Z,1091.55,confirmed
OD561766021802,S0002,flipkart,HOODIE-YEL-M,4,C02659,2026-07-19T16:13:49.578Z,4596.00,delivered
589-7600569-4272269,S0028,amazon,JEANS-YEL-36,5,C02481,2026-09-19T00:19:32.156Z,4745.00,delivered
MYN8295301030,S0003,myntra,KURTI-BLK-M,2,C02425,2026-07-26T07:13:51.549Z,1558.00,delivered
506-1870447-3060328,S0001,amazon,HOODIE-GRN-XL,1,C01460,2026-09-02T06:36:43.259Z,1839.00,delivered
OD868905199989,S0010,flipkart,HANDBAG-RED-FREE,1,C01744,2026-09-03T05:17:07.801Z,557.10,delivered
MYN8864601937,S0038,myntra,TSHIRT-WHT-S,4,C02571,2026-08-19T04:08:43.025Z,2596.00,delivered
MSH868431672,S0005,meesho,SNEAKER-WHT-10,1,C02574,2026-09-13T03:32:16.284Z,2690.10,delivered
MSH823687691,S0001,meesho,TSHIRT-PNK-XL,1,C01076,2026-09-16T04:04:03.370Z,369.00,confirmed
OD290198671602,S0003,flipkart,SAREE-MAR-FREE,4,C01536,2026-09-04T03:52:28.721Z,6356.00,delivered
MYN8978367950,S0006,myntra,SNEAKER-RED-10,3,C00012,2026-08-31T18:47:37.417Z,8461.65,returned
198-3972670-7295927,S0028,amazon,JEANS-GRN-36,3,C01517,2026-08-18T09:34:52.141Z,2397.00,pending
MYN0445357987,S0029,myntra,SNEAKER-PNK-7,1,C00077,2026-07-30T03:15:20.259Z,2539.00,confirmed
MSH219559670,S0007,meesho,JEANS-YEL-30,1,C01694,2026-09-20T02:44:36.732Z,609.00,delivered
OD311048813985,S0010,flipkart,SAREE-GRN-FREE,1,C00063,2026-08-18T14:06:52.976Z,1322.10,returned
OD732952347461,S0014,flipkart,KURTI-RED-M,1,C00818,2026-08-04T18:15:57.497Z,749.00,delivered
OD733524334122,S0002,flipkart,TSHIRT-WHT-M,2,C00989,2026-08-23T08:50:23.842Z,790.20,confirmed
MSH631631388,S0005,meesho,SNEAKER-BLU-7,1,C01243,2026-09-18T14:32:57.426Z,2469.00,delivered
MSH619223688,S0002,meesho,HOODIE-YEL-M,2,C01095,2026-08-01T00:06:43.529Z,2183.10,delivered
OD646577768013,S0003,flipkart,KURTI-YEL-M,1,C02614,2026-08-27T15:59:49.603Z,329.00,confirmed
OD139725588007,S0003,flipkart,SAREE-MAR-FREE,2,C00313,2026-08-28T18:12:30.282Z,3019.10,returned
MYN7819558644,S0040,myntra,JEANS-MAR-30,3,C00831,2026-08-13T00:45:47.530Z,4437.00,delivered
402-3811058-7975682,S0001,amazon,TSHIRT-GRN-L,4,C01848,2026-07-26T07:13:22.296Z,1956.00,delivered
OD662563140649,S0036,flipkart,HOODIE-GRN-L,3,C00705,2026-07-10T04:18:27.990Z,3207.00,confirmed
OD306923085232,S0003,flipkart,SAREE-MAR-FREE,1,C00671,2026-09-20T18:39:00.814Z,1509.55,delivered
OD633436653479,S0003,flipkart,SAREE-YEL-FREE,1,C01796,2026-07-13T07:06:47.997Z,1160.10,shipped
MYN9057155969,S0008,myntra,JEANS-BLU-34,1,C02374,2026-09-26T22:10:05.114Z,1424.05,delivered
525-9715295-0626504,S0031,amazon,HOODIE-MAR-M,4,C01941,2026-08-31T04:37:28.993Z,4604.40,shipped
OD093895045570,S0018,flipkart,SAREE-YEL-FREE,2,C01376,2026-07-22T11:18:03.446Z,4084.20,delivered
MYN3755708869,S0019,myntra,WATCH-WHT-FREE,1,C02306,2026-08-06T13:25:31.888Z,2479.00,delivered
MYN0557601518,S0003,myntra,KURTI-MAR-M,1,C00542,2026-08-21T15:58:53.322Z,550.05,returned
OD115608334901,S0003,flipkart,KURTI-GRN-L,2,C01608,2026-07-22T02:53:44.214Z,978.00,delivered
MSH789961698,S0036,meesho,HOODIE-GRN-XL,2,C00933,2026-08-17T07:29:14.621Z,3758.00,cancelled
MYN1962579345,S0003,myntra,KURTI-PNK-XL,1,C02594,2026-08-11T02:32:33.893Z,789.00,shipped
OD521215672382,S0002,flipkart,HOODIE-YEL-M,1,C02153,2026-08-12T20:40:14.069Z,1091.55,delivered
MSH354702007,S0001,meesho,TSHIRT-WHT-XL,5,C00759,2026-09-03T17:34:35.720Z,2395.00,delivered
MSH099739415,S0002,meesho,HOODIE-MAR-L,1,C02992,2026-07-26T13:06:20.424Z,968.05,delivered
548-5185540-8460734,S0001,amazon,HOODIE-GRN-XL,1,C01675,2026-09-04T19:53:05.929Z,1747.05,delivered
OD523896262532,S0010,flipkart,SAREE-WHT-FREE,2,C00599,2026-08-11T11:55:28.615Z,3818.00,delivered
MYN2714379857,S0028,myntra,JEANS-GRN-36,3,C02997,2026-08-04T00:20:49.341Z,2157.30,delivered
844-4748067-8508379,S0001,amazon,HOODIE-GRN-XL,1,C02924,2026-08-21T04:49:37.684Z,1839.00,cancelled
MSH480034378,S0001,meesho,HOODIE-GRN-XL,2,C00082,2026-07-29T19:57:38.229Z,3494.10,shipped
565-6930359-6039213,S0009,amazon,HANDBAG-RED-FREE,1,C02645,2026-08-10T16:56:47.905Z,939.00,delivered
MYN4136874919,S0008,myntra,WATCH-YEL-FREE,2,C02895,2026-09-28T13:56:23.148Z,1537.10,returned
MSH093333032,S0009,meesho,HANDBAG-PNK-FREE,2,C02148,2026-08-05T02:53:36.877Z,2031.10,delivered
035-6882805-2687554,S0001,amazon,TSHIRT-PNK-XL,1,C01694,2026-09-21T19:34:31.634Z,332.10,pending
302-9121529-9900536,S0044,amazon,HOODIE-WHT-M,3,C01109,2026-07-06T05:31:33.529Z,3958.65,returned
OD266590269386,S0033,flipkart,TSHIRT-RED-S,1,C00071,2026-09-26T22:36:38.255Z,279.00,pending
OD379410771254,S0002,flipkart,HOODIE-BLK-L,1,C02778,2026-08-03T22:59:25.326Z,1019.00,returned
MSH832258549,S0005,meesho,SNEAKER-PNK-9,2,C00064,2026-09-20T20:15:51.513Z,1838.00,delivered
OD080953790942,S0038,flipkart,SNEAKER-BLK-8,2,C00371,2026-08-27T16:33:04.208Z,4398.00,delivered
357-5819980-5151932,S0041,amazon,KURTI-RED-XL,2,C01879,2026-09-22T20:55:12.077Z,986.10,delivered
457-7012187-4554454,S0001,amazon,TSHIRT-WHT-XL,1,C02956,2026-08-07T07:56:19.572Z,455.05,cancelled
MSH791132942,S0002,meesho,HOODIE-YEL-M,2,C02721,2026-09-22T21:22:35.956Z,2298.00,delivered
MSH906025670,S0009,meesho,HANDBAG-GRN-FREE,3,C02353,2026-09-26T22:02:16.329Z,1587.00,returned
OD586964818102,S0002,flipkart,HOODIE-BLU-M,2,C00271,2026-09-19T02:43:21.770Z,3858.00,delivered
542-5452844-6783394,S0009,amazon,HANDBAG-PNK-FREE,5,C02498,2026-08-19T00:39:06.774Z,5345.00,delivered
OD584623838789,S0015,flipkart,WATCH-RED-FREE,1,C01896,2026-07-25T11:31:36.560Z,1781.10,confirmed
374-9732865-2276627,S0045,amazon,WATCH-BLK-FREE,2,C02192,2026-08-21T16:31:01.091Z,6638.00,delivered
MYN5979993515,S0019,myntra,WATCH-BLU-FREE,1,C01940,2026-09-22T01:17:30.646Z,1908.55,delivered
985-2328244-4745616,S0012,amazon,KURTI-WHT-L,2,C01720,2026-07-08T14:26:48.801Z,1018.00,delivered
MSH362463116,S0011,meesho,KURTI-BLU-M,3,C01010,2026-07-05T22:06:56.202Z,2217.00,shipped
MSH775525669,S0002,meesho,HOODIE-YEL-M,1,C02268,2026-08-27T05:01:40.797Z,1149.00,delivered
MYN9885606009,S0041,myntra,TSHIRT-YEL-S,2,C02903,2026-09-20T06:43:36.947Z,1118.00,returned
MSH984666968,S0001,meesho,HOODIE-GRN-XL,1,C02699,2026-09-07T14:59:10.289Z,1839.00,delivered
OD426040277077,S0010,flipkart,SAREE-WHT-FREE,3,C01474,2026-08-08T00:33:47.815Z,5727.00,returned
MYN9264116313,S0034,myntra,HANDBAG-MAR-FREE,1,C00287,2026-08-25T13:11:11.401Z,673.55,confirmed
MSH728194412,S0009,meesho,HANDBAG-RED-FREE,3,C02401,2026-08-15T06:48:06.930Z,2817.00,delivered
684-0015815-5913822,S0001,amazon,HOODIE-GRN-XL,1,C02300,2026-08-13T01:16:37.537Z,1839.00,delivered
OD747266034244,S0002,flipkart,HOODIE-YEL-M,4,C00440,2026-09-14T00:24:24.835Z,4596.00,shipped
315-6376547-4738747,S0046,amazon,SAREE-MAR-FREE,1,C00312,2026-09-28T23:10:40.564Z,1589.00,delivered
MYN5830376887,S0004,myntra,KURTI-YEL-XL,1,C02349,2026-08-11T22:51:11.183Z,578.55,pending
OD620026377237,S0003,flipkart,KURTI-YEL-M,1,C00991,2026-07-06T04:45:42.588Z,329.00,delivered
MSH962069789,S0030,meesho,JEANS-PNK-34,2,C00179,2026-08-22T06:24:09.750Z,1834.20,delivered
604-5659741-1165239,S0004,amazon,KURTI-YEL-S,4,C00360,2026-07-12T20:05:01.652Z,1174.20,shipped
853-2987993-4983829,S0031,amazon,SNEAKER-BLU-10,4,C02458,2026-07-28T03:16:57.585Z,7356.00,shipped
MSH036162673,S0039,meesho,HANDBAG-BLU-FREE,1,C00308,2026-10-03T05:18:49.226Z,589.00,delivered
OD011762274457,S0034,flipkart,HANDBAG-BLU-FREE,1,C01174,2026-09-18T05:24:11.061Z,1262.55,delivered
MSH817199910,S0030,meesho,JEANS-PNK-34,3,C01338,2026-09-27T00:55:13.187Z,2751.30,delivered
OD567805985306,S0014,flipkart,KURTI-WHT-XL,3,C02954,2026-07-09T06:38:14.650Z,1497.00,confirmed
MYN4269112819,S0049,myntra,SAREE-WHT-FREE,2,C02550,2026-07-24T13:41:00.442Z,3478.00,delivered
MSH861407296,S0036,meesho,JEANS-PNK-36,1,C00024,2026-07-30T13:01:28.313Z,1489.00,delivered
MSH769696262,S0007,meesho,JEANS-BLU-36,1,C00448,2026-07-30T20:30:43.967Z,1007.10,delivered
OD979988138849,S0046,flipkart,HOODIE-BLU-L,1,C02632,2026-08-02T14:05:46.559Z,1479.00,delivered
OD753852233843,S0050,flipkart,WATCH-GRN-FREE,2,C00977,2026-07-26T19:41:57.158Z,1058.00,returned
MSH971521890,S0012,meesho,KURTI-BLU-XL,1,C00126,2026-09-25T18:48:30.876Z,859.00,shipped
MYN4706962586,S0011,myntra,KURTI-BLU-M,1,C00353,2026-09-21T17:33:01.888Z,739.00,confirmed
OD154145626908,S0003,flipkart,SAREE-MAR-FREE,3,C02515,2026-08-07T15:25:29.224Z,4528.65,delivered
MYN9296552517,S0003,myntra,KURTI-WHT-XL,2,C00435,2026-07-07T19:02:55.920Z,898.00,delivered
MYN7701083575,S0019,myntra,WATCH-MAR-FREE,1,C01198,2026-08-22T02:45:13.991Z,1469.00,delivered
727-1911925-7560471,S0012,amazon,KURTI-BLU-XL,2,C00368,2026-09-06T22:31:10.564Z,1632.10,shipped
OD149431647266,S0002,flipkart,HOODIE-BLK-L,1,C01690,2026-08-08T01:58:28.948Z,917.10,pending
361-5290367-7815660,S0044,amazon,HOODIE-GRN-L,1,C00390,2026-08-19T17:51:27.561Z,1379.00,delivered
MSH323950481,S0001,meesho,TSHIRT-GRN-L,1,C02370,2026-08-09T07:31:35.768Z,489.00,delivered
MSH300607434,S0010,meesho,SAREE-GRN-FREE,3,C02949,2026-07-17T17:10:13.929Z,3966.30,delivered
OD824966125193,S0028,flipkart,JEANS-MAR-32,2,C00147,2026-07-22T11:05:01.796Z,1330.20,delivered
OD357105825817,S0010,flipkart,HANDBAG-WHT-FREE,2,C01662,2026-07-12T14:54:02.551Z,1312.20,delivered
MYN2433518563,S0016,myntra,HANDBAG-PNK-FREE,1,C02657,2026-08-05T06:12:16.182Z,521.55,delivered
OD568644780437,S0015,flipkart,WATCH-RED-FREE,2,,2026-08-10T18:52:39.267Z,3760.10,delivered
MSH075846996,S0026,meesho,HANDBAG-GRN-FREE,1,C01212,2026-08-14T01:52:32.007Z,509.00,delivered
466-3503488-1335767,S0016,amazon,HANDBAG-MAR-FREE,1,C00618,2026-08-16T16:12:20.438Z,1109.00,delivered
OD977241720013,S0025,flipkart,SNEAKER-GRN-7,1,C02199,2026-07-25T16:13:37.481Z,2169.00,delivered
OD616484517976,S0002,flipkart,TSHIRT-PNK-M,2,C01708,2026-08-31T19:54:07.264Z,1358.00,delivered
426-3290214-6819909,S0001,amazon,TSHIRT-WHT-XL,1,C02647,2026-08-08T13:25:42.138Z,479.00,delivered
OD438131929418,S0026,flipkart,HANDBAG-GRN-FREE,2,C01038,2026-07-15T07:48:58.034Z,1018.00,pending
MYN8338348503,S0003,myntra,SAREE-MAR-FREE,2,C00414,2026-07-06T23:13:48.278Z,3019.10,shipped
MYN1188927508,S0043,myntra,HANDBAG-BLK-FREE,1,C02861,2026-07-17T05:13:36.808Z,529.00,confirmed
MYN2060957496,S0008,myntra,JEANS-YEL-32,1,C00830,2026-08-03T21:01:36.544Z,1619.10,delivered
OD102167335522,S0002,flipkart,HOODIE-YEL-M,1,C00774,2026-09-01T02:39:49.517Z,1149.00,returned
MSH689348170,S0001,meesho,TSHIRT-GRN-L,4,C01624,2026-07-06T14:45:41.534Z,1956.00,shipped
OD044528263056,S0002,flipkart,HOODIE-YEL-M,1,C01012,2026-08-07T05:35:01.565Z,1034.10,confirmed
MSH744223160,S0005,meesho,SNEAKER-MAR-7,3,C00953,2026-09-09T05:46:09.367Z,7197.00,delivered
OD188388112255,S0044,flipkart,HOODIE-PNK-M,3,C00584,2026-10-03T00:04:49.895Z,3844.65,delivered
MSH216659519,S0030,meesho,JEANS-PNK-34,1,C02423,2026-09-16T17:54:01.651Z,1019.00,pending
MYN7470738730,S0003,myntra,KURTI-YEL-L,1,C01467,2026-09-26T12:15:58.713Z,540.55,shipped
MSH596654234,S0030,meesho,JEANS-PNK-34,2,C01341,2026-08-30T04:59:56.968Z,2038.00,delivered
OD154658965023,S0048,flipkart,HOODIE-BLK-L,1,C01268,2026-07-07T15:23:38.044Z,1289.00,delivered
MYN2857537761,S0048,myntra,HOODIE-GRN-XL,4,C01266,2026-09-26T21:01:42.436Z,6296.40,delivered
OD570268815620,S0003,flipkart,KURTI-BLK-M,5,C01000,2026-08-11T14:43:07.214Z,3505.50,shipped
MYN7496140134,S0016,myntra,HANDBAG-PNK-FREE,1,C02734,2026-07-24T14:40:16.446Z,521.55,delivered
OD623408293937,S0003,flipkart,SAREE-MAR-FREE,2,C00794,2026-07-12T17:53:12.177Z,3178.00,confirmed
OD843595967014,S0002,flipkart,HOODIE-BLU-M,1,C02410,2026-09-01T08:10:10.705Z,1832.55,shipped
MYN4308675489,S0029,myntra,SNEAKER-RED-9,2,C02875,2026-07-20T06:54:45.979Z,5272.20,delivered
OD192956083877,S0042,flipkart,KURTI-WHT-XL,1,C01999,2026-09-18T01:43:33.088Z,589.00,delivered
MSH804044385,S0036,meesho,HOODIE-GRN-L,5,C02600,2026-08-13T21:13:44.898Z,4810.50,confirmed
904-8919508-6839907,S0001,amazon,HOODIE-GRN-XL,4,C01392,2026-08-03T15:39:52.098Z,6988.20,shipped
846-4284126-8024864,S0001,amazon,TSHIRT-WHT-XL,1,C02043,2026-09-13T10:15:25.642Z,479.00,confirmed
MSH560790965,S0005,meesho,SNEAKER-BLU-7,3,C00022,2026-08-10T04:20:41.604Z,7407.00,shipped
OD767384483781,S0002,flipkart,HOODIE-YEL-M,1,C01306,2026-07-18T09:43:13.455Z,1149.00,delivered
MSH111883476,S0030,meesho,JEANS-GRN-32,1,C02094,2026-09-26T22:32:43.446Z,1129.00,delivered
930-6837655-8459107,S0001,amazon,TSHIRT-PNK-XL,1,C02652,2026-09-12T00:14:47.098Z,332.10,confirmed
597-6422167-0600028,S0035,amazon,TSHIRT-GRN-L,1,C01595,2026-09-18T08:46:59.987Z,479.00,confirmed
MSH794195809,S0002,meesho,HOODIE-YEL-M,1,C00329,2026-07-26T22:45:22.294Z,1149.00,delivered
MSH126070175,S0001,meesho,HOODIE-PNK-M,1,C01006,2026-07-30T10:18:30.070Z,1519.05,delivered
MYN6208731819,S0003,myntra,SAREE-YEL-FREE,1,C01090,2026-09-08T18:30:17.506Z,1289.00,pending
MSH254093346,S0005,meesho,SNEAKER-BLK-7,1,C02573,2026-09-02T19:50:06.789Z,2051.10,delivered
OD539437755172,S0025,flipkart,SNEAKER-PNK-7,3,C02193,2026-07-29T14:32:59.331Z,8967.00,returned
MSH731821938,S0005,meesho,SNEAKER-MAR-7,5,C00124,2026-08-10T07:20:29.988Z,11395.25,delivered
MYN5953005892,S0008,myntra,JEANS-YEL-32,1,C01180,2026-09-24T04:46:04.886Z,1799.00,delivered
687-6028114-4237767,S0001,amazon,TSHIRT-WHT-XL,2,C00425,2026-08-19T09:13:52.409Z,958.00,shipped
OD867177916749,S0015,flipkart,SAREE-PNK-FREE,1,C02342,2026-08-10T19:28:20.282Z,799.00,delivered
OD001101285207,S0018,flipkart,JEANS-MAR-32,4,C01923,2026-07-13T12:30:14.926Z,3356.00,cancelled
OD777728152715,S0002,flipkart,HOODIE-MAR-L,3,C01708,2026-07-21T22:20:05.915Z,3057.00,returned
MSH524556787,S0001,meesho,HOODIE-PNK-M,4,C01570,2026-07-10T00:01:43.823Z,6396.00,delivered
OD113113729873,S0008,flipkart,WATCH-PNK-FREE,1,C00725,2026-08-14T10:15:31.128Z,3419.00,delivered
OD478227466131,S0018,flipkart,JEANS-BLK-32,5,C00673,2026-08-22T06:15:26.315Z,4845.00,shipped
MYN8170596758,S0034,myntra,HANDBAG-MAR-FREE,5,C02869,2026-09-19T20:37:04.295Z,3545.00,confirmed
MYN0783293821,S0006,myntra,SNEAKER-YEL-7,1,C00893,2026-09-01T22:00:35.229Z,1389.00,delivered
MYN3198584809,S0006,myntra,SNEAKER-WHT-8,2,C01364,2026-07-28T13:56:22.338Z,2898.00,confirmed
MSH770937754,S0016,meesho,HANDBAG-BLK-FREE,4,C00698,2026-07-26T20:45:15.802Z,4100.20,delivered
OD656794593238,S0003,flipkart,KURTI-YEL-M,2,C00479,2026-09-20T13:18:43.054Z,658.00,shipped
OD159300386809,S0009,flipkart,HANDBAG-BLK-FREE,1,C00761,2026-07-30T08:07:50.031Z,1219.00,delivered
100-4670387-3616870,S0001,amazon,TSHIRT-WHT-XL,1,C02582,2026-07-05T16:15:06.292Z,431.10,cancelled
MYN9391940596,S0004,myntra,KURTI-PNK-M,1,C00184,2026-07-18T07:25:12.552Z,331.55,returned
OD677447658379,S0002,flipkart,HOODIE-YEL-M,2,C01470,2026-08-09T21:51:32.548Z,2183.10,delivered
OD693488488484,S0002,flipkart,TSHIRT-PNK-XL,1,C00820,2026-08-23T05:09:58.415Z,246.05,delivered
MSH515767173,S0001,meesho,HOODIE-GRN-XL,1,C01216,2026-09-05T01:05:01.672Z,1747.05,delivered
MSH353921173,S0001,meesho,HOODIE-PNK-M,1,C02570,2026-08-23T16:49:49.457Z,1599.00,delivered
OD019117116618,S0035,flipkart,TSHIRT-YEL-S,1,C02501,2026-08-15T03:26:44.571Z,329.00,confirmed
883-4417591-5820680,S0001,amazon,TSHIRT-WHT-XL,2,C02200,2026-08-03T09:22:18.442Z,958.00,delivered
510-1442138-5142707,S0001,amazon,TSHIRT-PNK-XL,1,C01124,2026-09-14T07:21:57.859Z,369.00,cancelled
MSH310270128,S0001,meesho,HOODIE-GRN-XL,4,C01003,2026-08-01T00:05:20.687Z,7356.00,shipped
MSH533501811,S0012,meesho,KURTI-YEL-M,1,C02911,2026-08-06T18:35:52.362Z,749.00,shipped
164-3018480-2569460,S0001,amazon,TSHIRT-WHT-XL,1,C02804,2026-09-19T18:40:31.432Z,479.00,delivered
238-5475974-4496531,S0009,amazon,HANDBAG-BLK-FREE,1,C02928,2026-07-30T08:19:49.162Z,1219.00,delivered
MSH859754856,S0001,meesho,HOODIE-GRN-XL,2,C02062,2026-09-09T16:34:07.233Z,3494.10,delivered
OD562148276075,S0015,flipkart,SAREE-BLK-FREE,1,C01352,2026-07-15T16:23:19.266Z,1139.05,cancelled
526-3400745-9784396,S0001,amazon,HOODIE-GRN-XL,4,C01031,2026-09-01T02:16:35.039Z,7356.00,returned
MSH344182659,S0002,meesho,HOODIE-BLK-L,2,C01515,2026-08-20T12:19:04.385Z,1936.10,delivered
MYN3617460653,S0008,myntra,JEANS-YEL-32,1,C00097,2026-08-03T09:39:36.809Z,1799.00,pending
MSH618947096,S0005,meesho,SNEAKER-BLU-8,1,C02024,2026-09-29T04:28:55.397Z,2759.00,delivered
MYN7383016150,S0014,myntra,KURTI-WHT-XL,1,C00307,2026-08-30T10:50:07.183Z,474.05,delivered
MYN7340096968,S0003,myntra,KURTI-YEL-M,2,C02668,2026-09-11T18:06:22.217Z,625.10,delivered
MYN7385003451,S0003,myntra,KURTI-BLK-M,1,C00768,2026-09-22T07:21:21.888Z,701.10,delivered
OD634193036260,S0002,flipkart,TSHIRT-PNK-M,1,C02842,2026-08-24T20:00:03.402Z,679.00,confirmed
OD629522345429,S0002,flipkart,TSHIRT-RED-L,2,C01246,2026-09-18T06:36:56.877Z,862.20,returned
538-3135997-4897970,S0040,amazon,SAREE-WHT-FREE,3,C02774,2026-08-18T17:10:08.782Z,7347.00,delivered
915-3506650-5699344,S0001,amazon,TSHIRT-PNK-XL,1,C02128,2026-07-28T03:45:54.497Z,369.00,confirmed
MYN6574578339,S0008,myntra,JEANS-BLU-34,2,C02906,2026-08-24T14:08:15.766Z,2998.00,cancelled
OD411763616821,S0018,flipkart,JEANS-MAR-30,1,C01544,2026-09-30T20:26:36.025Z,1623.55,delivered
MYN6443095091,S0049,myntra,SAREE-WHT-FREE,2,C00329,2026-09-05T06:40:42.232Z,3478.00,delivered
606-7434899-3868538,S0009,amazon,HANDBAG-WHT-FREE,1,C02847,2026-09-02T22:40:26.642Z,1479.00,delivered
MYN2642424775,S0003,myntra,KURTI-BLK-M,2,C00931,2026-08-05T16:27:36.619Z,1402.20,pending
031-0527643-3734438,S0009,amazon,HANDBAG-BLK-FREE,3,C00953,2026-08-16T03:02:29.056Z,3657.00,delivered
513-6244409-5907866,S0001,amazon,HOODIE-GRN-XL,2,C01307,2026-07-16T19:28:50.530Z,3494.10,delivered
MSH168732806,S0001,meesho,HOODIE-GRN-XL,2,C00597,2026-09-05T00:42:55.976Z,3678.00,cancelled
347-6139630-0613442,S0045,amazon,WATCH-BLK-FREE,1,C01922,2026-09-14T19:43:48.825Z,3319.00,delivered
OD437719761284,S0025,flipkart,SNEAKER-PNK-8,2,C01726,2026-08-21T13:54:26.859Z,2458.00,cancelled
788-7128673-4644711,S0037,amazon,JEANS-BLU-30,5,C01167,2026-08-03T03:42:03.940Z,3177.75,delivered
795-9470675-8318111,S0009,amazon,HANDBAG-GRN-FREE,4,C01148,2026-07-19T09:43:58.367Z,1904.40,pending
OD398807069545,S0010,flipkart,SAREE-YEL-FREE,4,C02688,2026-08-16T14:00:51.136Z,2656.20,delivered
MYN7074333058,S0008,myntra,JEANS-YEL-32,2,C01531,2026-08-25T19:38:05.507Z,3598.00,shipping
776-8184750-4984041,S0021,amazon,SNEAKER-GRN-8,3,C02134,2026-10-03T04:45:51.223Z,7797.00,delivered
481-4878867-4806666,S0022,amazon,HOODIE-YEL-M,1,C00203,2026-08-31T13:24:12.529Z,1219.00,delivered
160-7222701-2008163,S0001,amazon,TSHIRT-WHT-XL,1,C01890,2026-07-09T03:31:09.602Z,479.00,delivered
416-7365147-2481896,S0032,amazon,WATCH-GRN-FREE,2,C01586,2026-08-04T21:43:43.604Z,1458.00,delivered
758-1639181-1634355,S0045,amazon,WATCH-BLK-FREE,1,C01270,2026-09-12T23:58:23.716Z,3319.00,delivered
MSH791076397,S0001,meesho,TSHIRT-PNK-XL,1,C01921,2026-10-01T13:57:02.455Z,332.10,pending
OD704774227940,S0010,flipkart,SAREE-WHT-FREE,1,C00399,2026-07-30T23:15:13.137Z,1909.00,pending
MYN0192567908,S0019,myntra,WATCH-MAR-FREE,1,C00625,2026-08-30T01:53:11.549Z,1469.00,delivered
MYN5776409211,S0003,myntra,KURTI-YEL-M,1,C02194,2026-07-16T12:51:03.537Z,296.10,pending
OD113941851176,S0042,flipkart,KURTI-YEL-L,1,C02419,2026-07-19T17:26:28.164Z,579.00,delivered
MYN1475335023,S0035,myntra,TSHIRT-GRN-L,5,C00856,2026-08-24T05:30:33.433Z,2275.25,cancelled
MYN8036401953,S0003,myntra,KURTI-WHT-XL,1,C02696,2026-07-19T04:33:18.373Z,449.00,delivered
MYN0716179400,S0008,myntra,JEANS-YEL-32,3,C00436,2026-09-20T00:09:23.795Z,5127.15,delivered
566-1550986-6370206,S0001,amazon,HOODIE-PNK-M,1,C02024,2026-08-18T03:32:04.744Z,1599.00,cancelled
MSH275915534,S0001,meesho,HOODIE-GRN-XL,2,C00247,2026-07-20T17:38:46.444Z,3678.00,delivered
MSH591396804,S0029,meesho,SNEAKER-BLK-10,1,C01898,2026-08-19T08:15:53.853Z,1559.00,delivered
OD746358304066,S0002,flipkart,HOODIE-BLK-L,1,C02354,2026-09-24T22:38:51.082Z,1019.00,delivered
MSH457363629,S0023,meesho,SAREE-MAR-FREE,1,C00735,2026-09-04T17:35:24.415Z,2159.00,returned
OD934146672421,S0002,flipkart,HOODIE-YEL-M,1,C01617,2026-07-08T15:34:11.334Z,1149.00,delivered
649-1567813-7290450,S0041,amazon,TSHIRT-WHT-XL,4,C00051,2026-08-10T10:30:20.480Z,1676.00,delivered
OD166440555297,S0010,flipkart,SAREE-WHT-FREE,2,C02795,2026-08-26T05:17:57.836Z,3627.10,confirmed
MSH462104596,S0001,meesho,TSHIRT-WHT-XL,2,C01810,2026-09-26T00:58:00.860Z,910.10,pending
432-7057467-3304697,S0001,amazon,HOODIE-GRN-XL,1,C00531,2026-08-25T16:24:54.316Z,1839.00,delivered
362-8898181-9806112,S0001,amazon,TSHIRT-WHT-XL,1,C01575,2026-08-19T11:52:45.847Z,479.00,returned
281-2763294-6532195,S0001,amazon,HOODIE-GRN-XL,1,C01668,2026-10-02T03:56:47.616Z,1839.00,delivered
MSH343529439,S0009,meesho,HANDBAG-RED-FREE,1,C01770,2026-09-10T11:18:25.747Z,939.00,returned
OD072194090167,S0017,flipkart,KURTI-BLK-XL,1,C01486,2026-08-01T17:26:32.933Z,319.00,confirmed
MYN3005356199,S0006,myntra,SNEAKER-MAR-9,1,C00688,2026-09-14T13:24:53.075Z,1929.00,delivered
OD716886910038,S0035,flipkart,WATCH-YEL-FREE,2,C01632,2026-07-12T13:41:21.364Z,3278.00,delivered
MSH276046836,S0007,meesho,JEANS-BLU-36,4,C02079,2026-09-23T07:51:28.768Z,4252.20,delivered
MSH388953063,S0007,meesho,JEANS-BLU-36,1,C01643,2026-08-31T12:53:39.998Z,1119.00,delivered
MSH022301717,S0002,meesho,HOODIE-YEL-M,1,C01283,2026-08-15T08:48:19.302Z,1091.55,returned
OD512304685660,S0003,flipkart,KURTI-BLK-L,1,C02844,2026-09-01T23:30:08.589Z,769.00,pending
MYN3765167672,S0008,myntra,JEANS-BLU-34,4,C00305,2026-08-04T20:32:04.140Z,5996.00,confirmed
OD686805884939,S0002,flipkart,TSHIRT-WHT-M,3,C00556,2026-09-19T15:01:36.892Z,1251.15,delivered
MSH987271250,S0036,meesho,HOODIE-GRN-L,1,C02532,2026-09-26T20:39:59.292Z,962.10,confirmed
221-1776048-1717372,S0018,amazon,JEANS-RED-30,1,C02936,2026-08-03T02:34:04.775Z,1115.10,delivered
OD029844793382,S0034,flipkart,HANDBAG-RED-FREE,2,C02474,2026-08-19T16:44:53.852Z,2218.00,delivered
MYN4545520386,S0006,myntra,SNEAKER-YEL-7,2,C01712,2026-07-23T06:44:10.801Z,2778.00,cancelled
OD973201829166,S0009,flipkart,HANDBAG-RED-FREE,2,C01185,2026-09-11T16:20:14.296Z,1878.00,confirmed
MYN1462194273,S0003,myntra,KURTI-MAR-XL,4,C00515,2026-07-28T02:17:43.196Z,2120.40,delivered
MSH193377693,S0030,meesho,JEANS-PNK-34,1,C00898,2026-07-31T07:11:14.904Z,1019.00,pending
MYN0588108340,S0008,myntra,JEANS-PNK-30,5,C02333,2026-07-22T20:16:07.046Z,5895.00,delivered
MSH574264416,S0001,meesho,TSHIRT-WHT-XL,3,C01404,2026-08-26T15:58:25.735Z,1365.15,delivered
162-4168957-4891213,S0008,amazon,JEANS-YEL-32,1,C00522,2026-08-06T04:20:50.295Z,1709.05,shipped
MSH242906472,S0007,meesho,JEANS-GRN-34,2,C01582,2026-08-18T03:55:07.561Z,1366.10,delivered
MYN3701739124,S0003,myntra,SAREE-RED-FREE,3,C00693,2026-07-08T09:34:56.989Z,3075.15,delivered
MSH390428962,S0005,meesho,SNEAKER-GRN-7,4,C02831,2026-07-28T19:19:29.944Z,8384.40,shipped
457-8545453-8977089,S0001,amazon,HOODIE-GRN-XL,1,C00074,2026-07-14T19:56:57.697Z,1747.05,shipped
620-5036175-5956379,S0045,amazon,WATCH-BLK-FREE,1,C00317,2026-07-23T14:44:38.992Z,3319.00,delivered
048-3610672-2224591,S0012,amazon,KURTI-PNK-XL,3,C00267,2026-08-09T18:51:06.836Z,1767.00,delivered
MYN6671462520,S0043,myntra,HANDBAG-BLU-FREE,4,C02272,2026-07-26T02:25:31.627Z,4756.00,shipped
MYN3685006745,S0003,myntra,KURTI-YEL-M,1,C01881,2026-07-31T23:23:00.930Z,329.00,delivered
MYN5470103554,S0028,myntra,JEANS-PNK-32,1,C01536,2026-08-23T16:29:54.812Z,1178.10,shipped
MSH567990862,S0011,meesho,KURTI-WHT-M,1,C01830,2026-09-07T06:39:17.487Z,699.00,delivered
MYN2329051638,S0003,myntra,KURTI-MAR-M,1,C02483,2026-08-29T07:53:17.685Z,579.00,delivered
MYN8275474477,S0035,myntra,TSHIRT-YEL-S,2,C00679,2026-07-25T17:19:57.775Z,658.00,returned
823-1929335-8573051,S0022,amazon,HOODIE-PNK-XL,2,C00598,2026-09-27T12:12:52.695Z,2098.00,delivered
MYN7845999632,S0033,myntra,SAREE-BLU-FREE,2,C01856,2026-08-17T14:15:51.128Z,3358.00,shipped
MSH392332629,S0026,meesho,HANDBAG-GRN-FREE,2,C00518,2026-07-25T19:26:44.919Z,1018.00,pending
MYN6103913533,S0038,myntra,SNEAKER-RED-10,5,C01374,2026-09-08T01:31:13.453Z,10145.00,delivered
555-2737221-4213532,S0009,amazon,HANDBAG-PNK-FREE,1,C02627,2026-09-16T02:57:14.700Z,1069.00,pending
OD501236230142,S0026,flipkart,WATCH-MAR-FREE,1,C00526,2026-10-02T04:10:39.477Z,2669.00,delivered
MSH626473486,S0001,meesho,HOODIE-GRN-XL,1,C02515,2026-08-17T01:20:48.286Z,1747.05,delivered
MYN6221099371,S0047,myntra,KURTI-BLU-L,1,C00210,2026-08-26T22:25:08.620Z,379.00,delivered
MYN7591686096,S0038,myntra,SNEAKER-PNK-8,2,C01400,2026-08-21T11:48:26.299Z,2506.10,delivered
722-4686124-3352743,S0009,amazon,HANDBAG-BLK-FREE,2,C02379,2026-08-03T00:05:15.491Z,2438.00,delivered
934-5454934-0702631,S0001,amazon,HOODIE-GRN-XL,5,C01455,2026-07-21T05:47:15.769Z,9195.00,delivered
OD487926609874,S0009,flipkart,HANDBAG-PNK-FREE,2,C01948,2026-08-30T08:48:53.883Z,1924.20,delivered
MYN3967873651,S0003,myntra,KURTI-BLK-L,1,C00677,2026-07-11T15:37:58.856Z,730.55,delivered
868-5502714-6894227,S0048,amazon,HOODIE-YEL-L,1,C00033,2026-08-08T15:31:46.122Z,1979.00,confirmed
OD188406864137,S0035,flipkart,TSHIRT-YEL-S,2,C00726,2026-08-04T06:21:40.529Z,625.10,delivered
MSH002847235,S0001,meesho,HOODIE-GRN-XL,3,C00807,2026-08-11T08:40:52.439Z,5517.00,shipped
MYN0017737076,S0003,myntra,KURTI-BLK-L,1,C01008,2026-09-12T16:31:31.239Z,769.00,delivered
OD683726934078,S0003,flipkart,SAREE-RED-FREE,5,C00099,2026-08-25T02:52:57.133Z,5395.00,returned
MYN3218572339,S0046,myntra,HOODIE-BLU-L,1,C02455,2026-09-29T11:50:06.863Z,1331.10,delivered
MYN2835102862,S0006,myntra,SNEAKER-YEL-9,1,C01109,2026-07-22T20:08:59.571Z,1449.00,delivered
MSH889330344,S0007,meesho,JEANS-BLK-34,1,C01885,2026-09-07T18:50:59.311Z,746.10,delivered
OD606464607495,S0010,flipkart,SAREE-YEL-FREE,3,C01751,2026-07-18T10:57:38.246Z,2097.00,delivered
868-2285769-5146364,S0044,amazon,HOODIE-YEL-XL,2,C01892,2026-08-12T11:23:32.071Z,3858.00,delivered
MYN2297651842,S0006,myntra,SNEAKER-WHT-8,5,C02339,2026-07-06T04:22:20.672Z,7245.00,confirmed
MYN5720457302,S0006,myntra,SNEAKER-YEL-7,1,C00386,2026-07-15T14:24:20.060Z,1389.00,delivered
MSH066507746,S0001,meesho,TSHIRT-GRN-L,1,C02257,2026-07-18T03:32:34.489Z,489.00,returned
421-2643415-6686856,S0026,amazon,WATCH-MAR-FREE,2,C01119,2026-08-29T19:03:57.776Z,4804.20,delivered
OD970515546131,S0002,flipkart,HOODIE-YEL-M,1,C00878,2026-08-30T12:41:12.854Z,1034.10,delivered
580-4103612-7175345,S0001,amazon,HOODIE-GRN-XL,1,C00217,2026-09-01T15:15:55.277Z,1655.10,delivered
OD118170058236,S0036,flipkart,HOODIE-GRN-XL,4,C02639,2026-08-17T15:48:21.670Z,7516.00,returned
MYN5194650506,S0019,myntra,WATCH-GRN-FREE,1,C02447,2026-07-07T16:25:49.642Z,2231.10,delivered
MYN9140155093,S0047,myntra,WATCH-PNK-FREE,4,C00720,2026-08-28T06:52:07.649Z,3716.00,shipped
445-2617229-1609175,S0020,amazon,JEANS-PNK-34,1,C01107,2026-07-10T03:03:16.037Z,1039.00,returned
OD874514478137,S0002,flipkart,HOODIE-YEL-M,2,C01163,2026-08-06T03:49:24.462Z,2068.20,delivered
OD967300271181,S0002,flipkart,HOODIE-BLK-L,1,C02989,2026-07-14T14:09:22.016Z,1019.00,cancelled
428-4781669-7269506,S0013,amazon,SNEAKER-MAR-8,2,C01677,2026-07-14T02:46:25.041Z,3918.00,delivered
OD605009835390,S0002,flipkart,TSHIRT-RED-L,1,C02963,2026-09-29T10:25:12.003Z,431.10,delivered
MYN2332628332,S0004,myntra,KURTI-BLU-S,2,C00875,2026-09-20T21:36:23.697Z,1575.10,returned
MSH939354672,S0002,meesho,HOODIE-YEL-M,3,C01688,2026-09-05T16:32:24.483Z,3447.00,delivered
MSH383304970,S0002,meesho,TSHIRT-WHT-M,1,C00833,2026-09-21T04:47:47.109Z,439.00,shipped
MSH413489584,S0029,meesho,SNEAKER-RED-7,2,C02157,2026-09-01T03:14:24.420Z,5738.00,cancelled
216-8400831-4859182,S0022,amazon,HOODIE-YEL-M,5,C02709,2026-08-28T14:53:25.994Z,6095.00,delivered
824-8819647-1750366,S0008,amazon,JEANS-YEL-32,1,C00734,2026-07-19T05:50:26.576Z,1799.00,delivered
OD844498972492,S0048,flipkart,HOODIE-YEL-M,2,C02208,2026-07-15T11:17:45.229Z,1638.00,returned
MYN0156957643,S0014,myntra,WATCH-YEL-FREE,2,C02165,2026-09-28T06:29:40.015Z,3741.10,returned
839-0159608-8075878,S0001,amazon,TSHIRT-WHT-XL,2,C00269,2026-07-21T02:52:51.476Z,958.00,delivered
789-6358226-6589343,S0044,amazon,HOODIE-WHT-M,2,C01024,2026-08-19T23:11:30.408Z,2639.10,delivered
MYN4868815471,S0048,myntra,HOODIE-BLK-L,1,C00668,2026-07-08T06:15:44.664Z,1289.00,shipped
190-6681492-2306516,S0008,amazon,WATCH-PNK-FREE,3,C01945,2026-10-01T17:49:59.853Z,9231.30,delivered
283-7285188-3856606,S0046,amazon,SAREE-YEL-FREE,3,C01187,2026-09-23T20:17:11.153Z,3345.30,delivered
,S0003,myntra,SAREE-MAR-FREE,1,C02243,2026-09-20T00:01:30.021Z,1589.00,delivered
436-3256481-3548661,S0013,amazon,SNEAKER-RED-9,2,C00646,2026-07-14T08:21:47.469Z,4598.00,delivered
MSH940479964,S0009,meesho,HANDBAG-PNK-FREE,2,C01144,2026-09-08T19:26:41.385Z,2138.00,pending
MYN1823328487,S0047,myntra,KURTI-BLK-L,3,C00122,2026-08-30T17:55:12.203Z,987.00,delivered
OD411706098905,S0002,flipkart,TSHIRT-WHT-M,1,C00295,2026-09-19T14:29:28.373Z,abc,delivered
231-9142830-1772915,S0001,amazon,TSHIRT-PNK-XL,2,C01487,2026-09-09T16:20:00.773Z,701.10,delivered
MSH595121418,S0005,meesho,SNEAKER-MAR-7,1,C01802,2026-08-05T05:41:59.696Z,2399.00,delivered
MYN7247278794,S0019,myntra,WATCH-GRN-FREE,4,C02720,2026-07-06T08:19:43.572Z,9916.00,delivered
726-8814247-6731087,S0023,amazon,SAREE-GRN-FREE,5,C02066,2026-08-11T03:12:03.297Z,2995.00,delivered
357-0565946-9320284,S0045,amazon,WATCH-BLU-FREE,1,C01141,2026-08-09T14:28:05.441Z,863.55,delivered
OD871160923263,S0038,flipkart,SNEAKER-PNK-8,2,C01294,2026-09-11T01:32:21.997Z,2638.00,shipped
OD183785766785,S0002,flipkart,TSHIRT-BLU-XL,2,C00179,2026-08-16T18:00:30.018Z,1222.20,delivered
MSH630564602,S0002,meesho,HOODIE-YEL-M,2,C02480,2026-07-12T14:31:01.532Z,2183.10,delivered
823-3216534-1591853,S0001,amazon,HOODIE-GRN-XL,1,C01553,2026-08-04T21:28:09.112Z,1839.00,delivered
MSH472574420,S0005,meesho,SNEAKER-GRN-7,2,C02663,2026-08-03T02:25:24.183Z,4658.00,cancelled
OD892444938345,S0003,flipkart,KURTI-YEL-M,2,C01561,2026-09-22T11:24:42.485Z,658.00,cancelled
MYN4867689929,S0006,myntra,SNEAKER-YEL-7,3,C01267,2026-07-28T01:10:29.708Z,3750.30,delivered
315-7058987-4469102,S0045,amazon,WATCH-BLK-FREE,3,C00483,2026-09-12T19:13:26.604Z,9957.00,shipped
OD130394238755,S0002,flipkart,HOODIE-YEL-M,1,C01965,2026-07-23T21:05:11.700Z,1091.55,delivered
MYN1305218988,S0006,myntra,SNEAKER-RED-10,1,C02390,2026-09-07T01:08:02.360Z,2969.00,delivered
OD316049421424,S0024,flipkart,JEANS-BLU-30,1,C00764,2026-07-10T09:07:08.312Z,1286.10,delivered
MYN8139966746,S0004,myntra,KURTI-BLU-S,2,C01287,2026-08-19T23:25:27.484Z,1492.20,delivered
272-0792530-5565046,S0016,amazon,HANDBAG-GRN-FREE,2,C01932,2026-09-29T21:33:00.992Z,2198.00,delivered
857-5294677-5913541,S0009,amazon,HANDBAG-WHT-FREE,1,C00633,2026-07-25T23:56:50.130Z,1479.00,returned
745-8274075-3985190,S0033,amazon,TSHIRT-WHT-L,1,C01178,2026-08-05T14:05:52.737Z,549.00,delivered
OD306066115820,S0002,flipkart,TSHIRT-PNK-XL,4,C01844,2026-08-05T19:25:43.590Z,1036.00,delivered
MSH088554747,S0040,meesho,JEANS-PNK-32,1,C00250,2026-08-09T21:23:07.909Z,616.55,delivered
532-7056716-0348462,S0022,amazon,HOODIE-BLU-M,1,C00283,2026-09-19T02:50:58.609Z,1214.10,delivered
MYN5084286399,S0019,myntra,WATCH-BLK-FREE,1,C01501,2026-09-12T04:53:43.681Z,1395.55,pending
827-4212868-5990575,S0001,amazon,TSHIRT-PNK-XL,3,C01991,2026-09-14T02:23:53.344Z,1051.65,delivered
297-9724237-4478318,S0050,amazon,SAREE-GRN-FREE,1,C00634,2026-10-01T15:42:37.374Z,1443.05,cancelled
OD982828320494,S0003,flipkart,KURTI-BLK-L,1,C01348,2026-08-28T05:22:51.628Z,769.00,cancelled
OD788196099837,S0015,flipkart,SAREE-PNK-FREE,2,C02151,2026-10-02T03:42:19.542Z,1598.00,cancelled
345-4763624-3355991,S0037,amazon,JEANS-BLU-30,5,C01907,2026-07-30T17:59:08.802Z,3345.00,shipped
MYN2122783400,S0004,myntra,KURTI-MAR-S,2,C00121,2026-09-05T03:49:31.555Z,718.00,delivered
962-3469338-6924752,S0025,amazon,SNEAKER-MAR-8,1,C01637,2026-08-18T18:01:31.197Z,1268.10,shipped
MSH360890043,S0039,meesho,HANDBAG-YEL-FREE,1,C02156,2026-07-05T18:51:26.510Z,654.55,delivered
757-1685483-5994491,S0001,amazon,TSHIRT-WHT-XL,4,C00418,2026-08-11T18:12:54.654Z,1820.20,delivered
919-9716376-8532523,S0009,amazon,HANDBAG-BLK-FREE,5,C00459,2026-08-14T10:20:46.129Z,5790.25,delivered
728-1924323-2119525,S0004,amazon,KURTI-MAR-S,5,C02305,2026-07-29T16:22:39.222Z,1795.00,confirmed
MSH476224470,S0002,meesho,TSHIRT-PNK-M,1,C00541,2026-07-10T03:20:09.459Z,611.10,delivered
OD626804763439,S0010,flipkart,HANDBAG-PNK-FREE,1,C02930,2026-08-17T08:52:29.176Z,719.00,delivered
MSH430968268,S0001,meesho,HOODIE-GRN-XL,5,C00565,2026-09-15T02:32:48.164Z,8735.25,delivered
709-3114679-5588153,S0001,amazon,TSHIRT-WHT-XL,3,C02815,2026-08-07T18:37:03.913Z,1437.00,delivered
OD188664197294,S0010,flipkart,SAREE-WHT-FREE,1,C02642,2026-09-12T10:00:18.043Z,1718.10,shipped
MYN3530226298,S0004,myntra,KURTI-BLU-S,1,C01442,2026-07-29T15:57:34.304Z,829.00,delivered
MSH776162701,S0002,meesho,TSHIRT-WHT-M,1,C02025,2026-07-09T20:42:48.118Z,395.10,cancelled
OD153961946461,S0024,flipkart,KURTI-PNK-XL,1,C00081,2026-09-15T07:53:05.020Z,459.00,returned
MYN2455549361,S0028,myntra,JEANS-GRN-30,3,C01434,2026-09-27T11:27:30.209Z,2277.00,confirmed
499-4994035-5470773,S0041,amazon,TSHIRT-RED-L,4,C00042,2026-07-21T15:55:42.703Z,1904.40,delivered
MSH448286334,S0002,meesho,TSHIRT-WHT-M,1,C01905,2026-07-15T07:33:48.235Z,395.10,delivered
845-9422361-2540889,S0001,amazon,TSHIRT-WHT-XL,1,C00796,2026-08-10T21:51:14.329Z,455.05,delivered
OD895477655489,S0010,flipkart,SAREE-MAR-FREE,5,C01915,2026-08-03T04:03:34.518Z,5600.25,delivered
OD310696687021,S0048,flipkart,HOODIE-BLK-L,1,C02388,2026-09-13T21:08:02.498Z,1289.00,delivered
389-9919078-6724414,S0001,amazon,TSHIRT-WHT-XL,2,C01197,2026-07-09T10:05:48.187Z,862.20,shipped
MSH283449256,S0001,meesho,TSHIRT-GRN-L,2,C00740,2026-09-09T02:58:10.159Z,978.00,delivered
195-4856077-2181131,S0001,amazon,HOODIE-GRN-XL,1,C01342,2026-08-17T06:19:38.387Z,1839.00,shipped
OD219351518368,S0002,flipkart,HOODIE-BLK-L,2,C02877,2026-08-22T20:08:54.907Z,1936.10,cancelled
MSH501871915,S0012,meesho,KURTI-BLU-XL,2,C00547,2026-09-06T15:18:30.685Z,1718.00,delivered
923-4636733-3147887,S0045,amazon,WATCH-MAR-FREE,4,C02877,2026-08-25T00:01:56.774Z,5276.00,delivered
OD779112273505,S0021,flipkart,SNEAKER-BLK-8,1,C01930,2026-07-07T14:20:30.788Z,1049.00,delivered
MSH360824561,S0005,meesho,SNEAKER-MAR-7,1,C02266,2026-07-18T06:48:23.030Z,2399.00,delivered
MYN6342370618,S0019,myntra,WATCH-BLK-FREE,2,C01546,2026-09-19T07:36:31.945Z,2938.00,delivered
OD788037134353,S0002,flipkart,HOODIE-YEL-M,1,C01089,2026-08-04T13:24:37.365Z,1034.10,confirmed
OD311178607199,S0002,flipkart,HOODIE-MAR-L,2,C02233,2026-08-05T14:34:58.789Z,1834.20,shipped
MSH587098128,S0009,meesho,HANDBAG-GRN-FREE,1,C00209,2026-09-29T18:20:27.212Z,529.00,cancelled
MYN3779424700,S0006,myntra,SNEAKER-YEL-7,5,C02920,2026-07-13T14:27:57.586Z,6945.00,pending
OD468312279753,S0037,flipkart,JEANS-PNK-36,1,C00963,2026-08-12T10:17:16.640Z,909.00,delivered
185-2333084-9653389,S0025,amazon,SNEAKER-BLU-9,1,C00325,2026-07-26T03:05:21.409Z,1829.00,delivered
170-4084381-8700437,S0013,amazon,SNEAKER-GRN-8,3,C00142,2026-09-24T08:15:43.059Z,7179.15,delivered
371-3225852-2769774,S0001,amazon,TSHIRT-WHT-XL,1,C02674,2026-09-19T04:11:39.583Z,455.05,pending
OD832711143825,S0003,flipkart,SAREE-RED-FREE,2,C02048,2026-09-24T03:30:17.411Z,2158.00,delivered
OD507396081103,S0024,flipkart,JEANS-RED-36,3,C00769,2026-07-08T12:51:57.426Z,2397.00,delivered
OD659781283229,S0002,flipkart,HOODIE-BLK-L,5,C00695,2026-08-22T20:10:12.122Z,5095.00,cancelled
MSH398198543,S0001,meesho,HOODIE-GRN-XL,1,C01560,2026-10-02T19:18:00.855Z,1839.00,returned
MYN7278534865,S0006,myntra,SNEAKER-MAR-9,4,C00204,2026-08-04T00:54:26.132Z,7716.00,pending
OD520032888504,S0028,flipkart,JEANS-YEL-36,1,C00269,2026-07-06T23:38:21.729Z,949.00,delivered
MYN8860659213,S0006,myntra,SNEAKER-BLU-7,1,C00705,2026-09-12T18:49:43.292Z,1329.05,shipped
634-5645670-6695661,S0001,amazon,HOODIE-GRN-XL,2,C00555,2026-07-17T17:00:58.671Z,3678.00,pending
739-6813523-6027041,S0044,amazon,HOODIE-BLU-XL,1,C02920,2026-08-05T21:56:16.445Z,1614.05,delivered
331-7912621-5442963,S0001,amazon,TSHIRT-PNK-XL,3,C02184,2026-09-27T23:31:33.981Z,1051.65,delivered
MSH920660371,S0007,meesho,HOODIE-YEL-M,2,C02006,2026-07-24T08:43:21.819Z,1438.00,delivered
497-4657964-6918529,S0045,amazon,WATCH-BLU-FREE,5,C01144,2026-09-18T08:08:06.508Z,4545.00,delivered
OD918937662043,S0028,flipkart,JEANS-GRN-36,1,C01830,2026-08-20T18:37:40.767Z,799.00,delivered
OD843321566282,S0003,flipkart,KURTI-MAR-XL,2,C01682,2026-09-05T06:47:06.475Z,1060.20,delivered
265-2704586-7744213,S0012,amazon,KURTI-BLU-XL,2,C02178,2026-08-23T00:19:00.865Z,1718.00,confirmed
870-9402471-0589309,S0009,amazon,HANDBAG-PNK-FREE,4,C01613,2026-08-12T11:01:03.784Z,4276.00,cancelled
OD206862184917,S0024,flipkart,JEANS-RED-36,1,C02797,2026-09-07T23:44:34.142Z,799.00,returned
MSH566726861,S0001,meesho,TSHIRT-WHT-XL,2,C00294,2026-09-10T04:18:31.703Z,958.00,delivered
215-8076760-4582491,S0040,amazon,JEANS-PNK-32,1,C02512,2026-08-21T12:54:54.691Z,616.55,delivered
MSH075428940,S0002,meesho,TSHIRT-GRN-M,2,C02886,2026-08-10T08:05:01.146Z,978.00,delivered
MSH464688085,S0001,meesho,TSHIRT-WHT-XL,4,C01508,2026-08-24T12:36:28.849Z,1916.00,delivered
OD258606945309,S0002,flipkart,HOODIE-BLK-L,2,C02084,2026-08-07T01:08:59.693Z,1834.20,delivered
MSH874186277,S0039,meesho,HANDBAG-BLK-FREE,1,C02769,2026-09-12T06:36:52.488Z,728.10,delivered
MSH729177516,S0026,meesho,WATCH-GRN-FREE,1,C02620,2026-08-10T07:30:06.993Z,709.00,delivered
MYN4524199845,S0040,myntra,JEANS-BLU-30,1,C02454,2026-09-12T00:24:08.738Z,1348.05,pending
OD181908130353,S0003,flipkart,KURTI-PNK-XL,2,C02835,2026-08-07T15:52:12.801Z,1499.10,delivered
MYN5354675506,S0003,myntra,SAREE-RED-FREE,2,C02592,2026-09-30T03:02:06.508Z,2158.00,delivered
227-4787954-2543166,S0012,amazon,KURTI-BLU-XL,1,C02400,2026-07-14T08:30:32.276Z,859.00,returned
MSH285442886,S0005,meesho,SNEAKER-PNK-9,1,C00642,2026-07-27T01:28:08.189Z,873.05,delivered
OD390864061626,S0010,flipkart,SAREE-WHT-FREE,5,C01199,2026-09-25T02:53:04.650Z,9545.00,delivered
MSH872990058,S0005,meesho,SNEAKER-PNK-9,3,C02159,2026-09-23T19:42:44.968Z,2481.30,delivered
MSH251891980,S0030,meesho,JEANS-PNK-34,2,C00896,2026-08-17T00:13:05.973Z,2038.00,delivered
319-6948625-3147003,S0033,amazon,TSHIRT-RED-S,1,C00616,2026-07-23T13:00:35.128Z,279.00,delivered
640-5359961-8614951,S0020,amazon,JEANS-BLU-36,2,C02339,2026-07-20T05:47:11.277Z,1958.00,delivered
OD144787974701,S0010,flipkart,HANDBAG-RED-FREE,1,C01401,2026-09-12T06:27:30.427Z,619.00,shipped
OD608977668480,S0003,flipkart,KURTI-GRN-L,1,C01587,2026-09-06T11:03:22.170Z,489.00,cancelled
MYN2316633220,S0029,myntra,SNEAKER-PNK-7,4,C02539,2026-08-13T03:20:17.187Z,9140.40,delivered
OD894379261488,S0015,flipkart,SAREE-PNK-FREE,2,C01168,2026-08-22T21:53:00.719Z,1598.00,delivered
OD582991585359,S0002,flipkart,HOODIE-YEL-M,3,C02489,2026-07-20T03:31:05.546Z,3274.65,pending
MYN9482284183,S0006,myntra,SNEAKER-BLU-7,4,C01229,2026-09-30T05:09:55.527Z,5596.00,delivered
951-7078409-5299781,S0045,amazon,WATCH-BLK-FREE,2,C00113,2026-09-23T14:22:09.402Z,6638.00,delivered
905-4436514-4877080,S0011,amazon,KURTI-YEL-XL,1,C01540,2026-07-31T07:50:22.454Z,287.10,delivered
MSH922673542,S0007,meesho,JEANS-BLU-36,1,C01664,2026-08-18T12:28:30.654Z,1119.00,delivered
,S0009,amazon,HANDBAG-GRN-FREE,2,C01516,2026-07-05T12:36:07.287Z,1058.00,pending
MYN3469408514,S0015,myntra,SAREE-BLK-FREE,4,C01793,2026-07-15T12:46:23.186Z,4796.00,delivered
MYN8435792230,S0008,myntra,WATCH-YEL-FREE,1,C01048,2026-08-15T23:13:23.768Z,809.00,cancelled
596-2974795-9991237,S0045,amazon,WATCH-BLU-FREE,1,C02115,2026-07-11T10:11:04.745Z,909.00,confirmed
MYN2589914558,S0006,myntra,SNEAKER-RED-10,3,C02915,2026-07-19T02:18:23.361Z,8016.30,delivered
MSH784649976,S0029,meesho,SNEAKER-PNK-7,4,C02369,2026-10-02T16:18:20.806Z,10156.00,delivered
MSH481402471,S0007,meesho,HOODIE-PNK-XL,4,C02836,2026-10-01T23:37:19.696Z,6356.00,delivered
855-0911726-7820856,S0001,amazon,TSHIRT-WHT-XL,1,C00597,2026-08-26T10:53:43.751Z,479.00,delivered
MSH243267593,S0005,meesho,SNEAKER-BLU-8,1,C00629,2026-07-18T05:14:25.523Z,2483.10,returned
OD469873006725,S0009,flipkart,HANDBAG-BLK-FREE,2,C02069,2026-09-02T08:51:31.934Z,2316.10,delivered
MSH810617538,S0030,meesho,JEANS-BLU-30,1,C02229,2026-08-18T17:07:07.220Z,659.00,delivered
MYN7644759471,S0003,myntra,KURTI-WHT-XL,1,C01774,2026-07-25T05:00:39.691Z,426.55,delivered
OD948266259325,S0010,flipkart,SAREE-WHT-FREE,1,C00814,2026-07-24T08:11:50.841Z,1813.55,delivered
MSH923221795,S0001,meesho,HOODIE-GRN-XL,2,C00438,2026-08-15T20:16:27.685Z,3310.20,confirmed
MYN3965654445,S0006,myntra,SNEAKER-YEL-10,4,C01726,2026-07-18T19:28:33.003Z,8492.40,delivered
OD319889680461,S0010,flipkart,SAREE-GRN-FREE,2,C00662,2026-08-25T18:58:34.132Z,2791.10,delivered
695-5134151-8753493,S0001,amazon,HOODIE-GRN-XL,1,C02957,2026-08-19T02:20:17.271Z,1839.00,confirmed
MSH933040572,S0011,meesho,KURTI-BLU-M,2,C02544,2026-07-08T04:04:09.976Z,1330.20,delivered
608-1673267-2287462,S0001,amazon,TSHIRT-WHT-XL,1,C02179,2026-09-24T06:18:37.912Z,455.05,confirmed
OD417513970255,S0003,flipkart,SAREE-MAR-FREE,1,C02104,2026-08-30T14:59:42.237Z,1589.00,cancelled
553-6212924-8599451,S0004,amazon,KURTI-MAR-S,1,C00479,2026-07-23T17:20:04.221Z,359.00,delivered
OD348091451095,S0050,flipkart,WATCH-GRN-FREE,5,C02101,2026-07-07T15:20:02.492Z,2512.75,delivered
567-0021731-1344192,S0022,amazon,HOODIE-YEL-M,1,C00922,2026-09-18T09:33:28.525Z,1219.00,delivered
MYN7976585794,S0008,myntra,JEANS-PNK-30,1,C02715,2026-08-18T23:28:28.016Z,1179.00,returned
OD097339697520,S0024,flipkart,JEANS-MAR-36,2,C00279,2026-09-20T03:06:47.899Z,1678.00,confirmed
MYN2696329032,S0041,myntra,TSHIRT-RED-L,3,C00423,2026-07-11T09:28:07.884Z,1587.00,delivered
MSH406029262,S0016,meesho,HANDBAG-PNK-FREE,1,C02208,2026-08-31T15:19:24.364Z,549.00,confirmed
MYN3152925510,S0008,myntra,WATCH-PNK-FREE,2,C00467,2026-09-14T16:29:30.094Z,6838.00,cancelled
MYN5764237209,S0003,myntra,SAREE-MAR-FREE,5,C00969,2026-08-08T15:12:12.956Z,7945.00,delivered
MYN4611027048,S0008,myntra,JEANS-YEL-32,5,C02817,2026-07-12T01:50:16.122Z,8545.25,delivered
MYN9375163330,S0003,myntra,KURTI-YEL-L,2,C02720,2026-07-26T08:17:21.566Z,1138.00,confirmed
MYN5032736543,S0019,myntra,WATCH-BLK-FREE,5,C00135,2026-07-24T16:17:14.392Z,7345.00,cancelled
MYN0299586364,S0003,myntra,SAREE-MAR-FREE,1,C02896,2026-09-10T13:31:55.851Z,1430.10,delivered
MYN4725465637,S0044,myntra,HOODIE-PNK-M,1,C02972,2026-07-16T09:13:15.156Z,1349.00,delivered
MYN9333394035,S0044,myntra,HOODIE-YEL-XL,2,C01820,2026-08-19T16:24:09.144Z,3472.20,delivered
MYN9095140516,S0039,myntra,HANDBAG-BLK-FREE,1,C01223,2026-08-12T06:11:26.460Z,728.10,returned
OD774432213230,S0003,flipkart,KURTI-BLK-M,1,C00561,2026-07-07T22:21:53.310Z,701.10,delivered
MYN4951544465,S0048,myntra,HOODIE-BLU-XL,1,C00688,2026-07-07T14:50:49.090Z,797.05,delivered
181-3815715-0818435,S0032,amazon,WATCH-BLK-FREE,1,C00058,2026-07-12T04:06:14.478Z,1829.00,delivered
MSH872723421,S0005,meesho,SNEAKER-RED-10,2,C01809,2026-08-19T11:58:27.064Z,3646.10,delivered
MYN4452446277,S0048,myntra,HOODIE-GRN-L,3,C00127,2026-09-09T06:36:31.984Z,3897.00,pending
MSH412079367,S0009,meesho,HANDBAG-BLK-FREE,1,C01152,2026-07-18T22:46:56.774Z,1097.10,delivered
MSH806027680,S0027,meesho,SAREE-YEL-FREE,1,C01899,2026-07-24T00:19:03.431Z,1329.05,delivered
816-0534069-5092763,S0001,amazon,HOODIE-PNK-M,1,C00109,2026-09-15T20:53:07.531Z,1599.00,delivered
MSH164080226,S0030,meesho,JEANS-PNK-34,1,C00522,2026-09-18T21:00:07.032Z,1019.00,returned
094-9699239-4669035,S0001,amazon,HOODIE-GRN-XL,1,C01065,2026-09-07T16:51:49.758Z,1655.10,cancelled
OD770585285111,S0017,flipkart,KURTI-PNK-M,1,C00848,2026-07-15T05:38:01.060Z,789.00,delivered
221-4037740-2742341,S0001,amazon,TSHIRT-WHT-XL,2,C01664,2026-08-16T03:30:17.570Z,862.20,shipped
OD222239101036,,flipkart,JEANS-RED-36,3,C01379,2026-08-10T11:53:23.260Z,2397.00,confirmed
320-9891226-2928913,S0001,amazon,HOODIE-GRN-XL,1,C01692,2026-08-07T06:59:46.168Z,1655.10,returned
OD463836000315,S0034,flipkart,HANDBAG-PNK-FREE,2,C01504,2026-07-07T05:38:41.973Z,1498.00,pending
OD768100527927,S0002,flipkart,HOODIE-YEL-M,1,C01630,2026-07-28T02:09:00.551Z,1149.00,shipped
MYN7922255145,S0003,myntra,KURTI-BLK-L,1,C02544,2026-09-15T00:31:04.109Z,692.10,confirmed
MYN1285665117,S0035,myntra,TSHIRT-GRN-L,2,C00242,2026-07-05T13:09:51.334Z,958.00,delivered
MSH212219730,S0001,meesho,HOODIE-PNK-M,1,C01649,2026-08-31T18:52:19.358Z,1439.10,returned
MYN1328987951,S0006,myntra,SNEAKER-YEL-7,1,C02748,2026-09-16T20:10:25.015Z,1250.10,delivered
MSH286280950,S0002,meesho,HOODIE-MAR-L,2,C01755,2026-09-26T23:02:15.426Z,2038.00,delivered
OD589805553825,S0002,flipkart,HOODIE-BLU-M,1,C01441,2026-07-31T09:17:56.854Z,1929.00,delivered
OD316640355003,S0010,flipkart,SAREE-MAR-FREE,2,C01609,2026-07-18T02:40:22.962Z,2122.20,delivered
308-2218851-6174061,S0001,amazon,HOODIE-GRN-XL,1,C01831,2026-07-18T00:58:04.889Z,1655.10,cancelled
MSH974032327,S0021,meesho,SNEAKER-WHT-9,1,C02097,2026-10-02T23:47:35.352Z,859.00,shipped
OD848750069632,S0002,flipkart,TSHIRT-RED-L,3,C00962,2026-07-24T13:33:09.740Z,1437.00,delivered
MYN8100985730,S0048,myntra,HOODIE-RED-XL,1,C01954,2026-09-13T01:50:59.874Z,836.10,pending
392-2109161-0636739,S0001,amazon,HOODIE-GRN-XL,3,C01684,2026-08-10T21:46:19.706Z,5241.15,delivered
908-5825947-8825069,S0001,amazon,HOODIE-GRN-XL,1,C01282,2026-08-18T14:44:34.625Z,1839.00,delivered
MSH590213762,S0002,meesho,HOODIE-BLU-M,4,C02601,2026-07-25T22:59:45.324Z,6944.40,delivered
MSH222517778,S0005,meesho,SNEAKER-MAR-7,1,C02159,2026-09-17T00:41:34.347Z,2399.00,shipped
277-0672210-4772156,S0001,amazon,HOODIE-GRN-XL,3,C01580,2026-09-04T13:24:58.712Z,5517.00,delivered
MYN4424555186,S0019,myntra,WATCH-PNK-FREE,4,C01148,2026-09-29T13:32:16.045Z,13236.00,delivered
995-9877767-3963872,S0031,amazon,HOODIE-RED-XL,4,C02561,2026-09-18T00:54:40.158Z,5000.40,delivered
OD375590384939,S0037,flipkart,JEANS-MAR-34,1,C00614,2026-09-16T13:20:32.472Z,1433.55,cancelled
MYN8233571979,S0035,myntra,WATCH-YEL-FREE,5,C02782,2026-08-24T09:07:45.630Z,7375.50,delivered
984-7281106-2987198,S0001,amazon,HOODIE-PNK-M,1,C01958,2026-09-21T05:30:58.110Z,1599.00,shipped
OD937445475940,S0002,flipkart,HOODIE-YEL-M,1,C02052,2026-07-14T07:49:50.065Z,1149.00,delivered
MYN4043469679,S0034,myntra,HANDBAG-PNK-FREE,1,C01644,2026-07-06T07:28:03.214Z,711.55,cancelled
OD022375921575,S0002,flipkart,HOODIE-BLK-L,1,C02456,2026-09-01T07:35:54.836Z,1019.00,delivered
MSH624718195,S0012,meesho,KURTI-YEL-M,1,C01881,2026-08-29T14:29:16.316Z,749.00,delivered
MYN0554819624,S0003,myntra,SAREE-MAR-FREE,1,C01655,2026-09-24T21:05:26.232Z,1589.00,confirmed
MYN1886779421,S0011,myntra,KURTI-WHT-M,2,C02256,2026-07-21T07:24:17.208Z,1398.00,shipped
OD227223908410,S0018,flipkart,JEANS-RED-30,1,C01142,2026-09-18T06:14:17.864Z,1239.00,pending
OD556347000054,S0018,flipkart,JEANS-BLK-32,1,C01430,2026-09-21T10:41:13.171Z,920.55,confirmed
OD430696982290,S0017,flipkart,KURTI-BLK-XL,1,C01495,2026-07-25T09:00:39.693Z,287.10,delivered
MYN6059850414,S0033,myntra,TSHIRT-GRN-M,5,C02125,2026-07-19T02:14:37.846Z,1945.00,cancelled
450-5611812-7496598,S0001,amazon,TSHIRT-WHT-XL,5,C00938,2026-08-14T18:41:41.081Z,2395.00,delivered
MSH575926334,S0002,meesho,TSHIRT-RED-S,3,C00550,2026-08-30T02:08:40.190Z,1023.30,confirmed
741-0837516-4577620,S0001,amazon,HOODIE-GRN-XL,3,C01553,2026-08-02T08:43:03.060Z,5517.00,delivered
OD713772512768,S0003,flipkart,KURTI-YEL-M,2,C01959,2026-07-22T03:38:17.075Z,658.00,shipped
MSH337871961,S0001,meesho,TSHIRT-WHT-XL,2,C01682,2026-07-18T09:39:12.465Z,862.20,confirmed
026-9334911-7302630,S0012,amazon,KURTI-BLU-XL,3,C01085,2026-08-26T04:58:26.260Z,2577.00,delivered
714-0923588-2014308,S0033,amazon,TSHIRT-GRN-XL,3,C00297,2026-08-12T18:39:42.727Z,1317.00,returned
MSH177618133,S0002,meesho,TSHIRT-RED-S,4,C00513,2026-07-22T03:51:26.835Z,1516.00,returned
MSH727732491,S0001,meesho,TSHIRT-GRN-L,4,C00347,2026-08-28T13:59:04.958Z,1956.00,delivered
OD208299054149,S0003,flipkart,KURTI-BLK-M,1,C01754,2026-07-27T16:30:20.830Z,701.10,delivered
OD761558615544,S0048,flipkart,HOODIE-BLK-L,1,C02755,2026-09-03T00:46:49.884Z,1224.55,delivered
390-8229825-4594089,S0001,amazon,HOODIE-PNK-M,2,C00715,2026-07-10T06:15:01.282Z,3198.00,delivered
MSH577053385,S0001,meesho,TSHIRT-WHT-XL,2,C00165,2026-08-29T01:44:47.018Z,958.00,delivered
OD572325553193,S0002,flipkart,HOODIE-BLK-L,3,C00975,2026-08-25T23:58:02.061Z,2904.15,cancelled
OD131693073023,S0026,flipkart,WATCH-MAR-FREE,1,C00382,2026-07-07T04:41:20.762Z,2669.00,delivered
OD698030901998,S0003,flipkart,SAREE-MAR-FREE,3,C01682,2026-09-25T19:21:23.766Z,4767.00,shipped
MYN9009893710,S0003,myntra,SAREE-YEL-FREE,1,C01001,2026-07-07T10:30:25.768Z,1289.00,delivered
961-9312642-4234768,S0001,amazon,TSHIRT-GRN-L,1,C01852,2026-08-06T15:37:46.899Z,489.00,shipped
762-7850893-1452550,S0008,amazon,JEANS-YEL-32,4,C01838,2026-10-01T20:50:45.627Z,7196.00,delivered
MSH547336330,S0005,meesho,SNEAKER-MAR-7,2,C02544,2026-09-17T00:18:45.387Z,4558.10,pending
759-2220812-6911053,S0040,amazon,JEANS-PNK-32,2,C02393,2026-08-14T22:44:18.648Z,1233.10,delivered
MSH230526861,S0016,meesho,HANDBAG-GRN-FREE,1,C01530,2026-07-11T16:23:55.604Z,989.10,confirmed
MSH176602129,S0001,meesho,HOODIE-GRN-XL,1,C01980,2026-09-06T02:28:48.983Z,1839.00,delivered
MSH132575108,S0005,meesho,SNEAKER-PNK-9,1,C00398,2026-07-06T03:47:01.802Z,873.05,delivered
MYN7263639808,S0003,myntra,KURTI-GRN-L,2,C01986,2026-08-23T15:40:13.735Z,929.10,cancelled
OD126366757710,S0002,flipkart,HOODIE-BLK-L,3,C02016,2026-07-25T14:14:02.629Z,3057.00,shipped
OD352227487943,S0037,flipkart,JEANS-BLU-30,1,C00104,2026-08-30T02:15:23.155Z,669.00,cancelled
006-7749787-6900623,S0045,amazon,WATCH-BLK-FREE,2,C02023,2026-09-10T15:22:08.811Z,5974.20,confirmed
MYN1184889984,S0029,myntra,SNEAKER-BLU-7,1,C01979,2026-08-15T04:22:14.768Z,999.00,delivered
MYN4561329540,S0047,myntra,KURTI-GRN-L,1,C00011,2026-07-11T07:20:43.800Z,559.00,confirmed
OD594989034790,S0003,flipkart,KURTI-MAR-XL,1,C02266,2026-08-14T08:57:28.567Z,559.55,cancelled
090-1246459-2079825,S0001,amazon,TSHIRT-WHT-XL,1,C02742,2026-08-31T14:25:28.385Z,431.10,delivered
OD133412127723,S0015,flipkart,WATCH-PNK-FREE,5,C02202,2026-08-17T07:13:11.425Z,9645.00,delivered
800-0981629-0477638,S0009,amazon,HANDBAG-PNK-FREE,3,C00625,2026-09-08T05:45:35.031Z,3207.00,delivered
851-3566222-4992371,S0022,amazon,HOODIE-BLU-M,4,C02930,2026-08-23T22:37:30.285Z,5396.00,delivered
MYN1061220591,S0019,myntra,WATCH-GRN-FREE,5,C00155,2026-09-30T12:55:18.174Z,11775.25,delivered
OD409540820705,S0033,flipkart,TSHIRT-RED-S,5,C00679,2026-08-13T01:26:23.885Z,1395.00,delivered
MYN8318519417,S0006,myntra,SNEAKER-RED-10,1,C01120,2026-07-15T09:45:44.652Z,2820.55,shipped
665-0984446-4736374,S0001,amazon,HOODIE-PNK-M,2,C01304,2026-09-25T05:36:26.498Z,3198.00,shipped
MSH688877357,S0007,meesho,JEANS-GRN-34,2,C02971,2026-07-28T23:25:54.624Z,1438.00,delivered
MYN1910859997,S0023,myntra,SAREE-WHT-FREE,1,C01884,2026-09-14T18:22:12.289Z,2260.05,confirmed
885-2871314-1007760,S0004,amazon,KURTI-YEL-XL,4,C01968,2026-09-17T13:35:17.509Z,2436.00,shipped
MYN4175929732,S0035,myntra,TSHIRT-GRN-L,2,C01907,2026-09-22T13:01:38.577Z,958.00,delivered
993-3423561-0660830,S0035,amazon,WATCH-WHT-FREE,2,C02622,2026-08-25T16:18:33.807Z,3380.10,delivered
MSH566405700,S0002,meesho,HOODIE-YEL-M,1,C00949,2026-09-12T10:38:46.708Z,1034.10,returned
OD120778106940,S0010,flipkart,SAREE-PNK-FREE,3,C01847,2026-09-08T00:46:19.118Z,5046.30,shipped
698-1588727-0513474,S0034,amazon,HANDBAG-YEL-FREE,1,C01895,2026-07-28T16:13:14.597Z,1186.55,returned
859-5732355-6573186,S0004,amazon,KURTI-MAR-L,1,C02502,2026-09-09T15:07:39.773Z,309.00,delivered
OD195012133600,S0035,flipkart,TSHIRT-GRN-L,1,C02661,2026-09-21T23:56:47.650Z,455.05,confirmed
MSH035181750,S0001,meesho,HOODIE-PNK-M,1,C02431,2026-07-16T11:59:38.260Z,1599.00,cancelled
OD263947956383,S0003,flipkart,KURTI-BLK-L,1,C00114,2026-08-22T11:43:39.666Z,730.55,delivered
MSH479091270,S0005,meesho,SNEAKER-MAR-7,1,C02864,2026-08-09T06:05:50.215Z,2159.10,pending
MSH285339456,S0030,meesho,JEANS-BLU-30,2,C00557,2026-07-07T09:03:05.745Z,1252.10,delivered
853-3601891-2275189,S0022,amazon,HOODIE-BLU-M,1,C01859,2026-08-09T18:37:33.587Z,1214.10,delivered
986-8414628-4076732,S0009,amazon,HANDBAG-BLU-FREE,1,C00988,2026-08-22T11:14:35.759Z,1479.00,delivered
180-7906674-5820186,S0004,amazon,KURTI-MAR-L,1,C02372,2026-09-29T16:45:22.585Z,309.00,shipped
MYN5897027887,S0008,myntra,JEANS-YEL-32,1,C02326,2026-08-16T01:51:49.536Z,1799.00,returned
OD860305912437,S0010,flipkart,SAREE-WHT-FREE,4,C00330,2026-08-10T12:25:20.950Z,6872.40,returned
OD256371557420,S0024,flipkart,JEANS-RED-36,1,C01785,2026-09-27T18:06:01.428Z,759.05,delivered
MSH971222246,S0002,meesho,HOODIE-YEL-M,1,C00155,2026-09-14T20:33:21.800Z,1034.10,delivered
OD941302544170,S0002,flipkart,TSHIRT-RED-S,2,C01925,2026-09-21T02:54:09.562Z,720.10,confirmed
OD713752151142,S0048,flipkart,HOODIE-BLK-L,5,C02469,2026-08-18T22:25:59.476Z,6445.00,returned
MYN8142181176,S0019,myntra,WATCH-PNK-FREE,1,C00404,2026-09-07T22:24:25.845Z,2978.10,delivered
OD585354608438,S0003,flipkart,KURTI-BLK-L,1,C00204,2026-08-12T22:54:31.592Z,769.00,delivered
OD681462446738,S0044,flipkart,HOODIE-YEL-XL,1,C00941,2026-09-13T15:44:35.860Z,1832.55,cancelled
598-2226530-1848584,S0001,amazon,HOODIE-PNK-M,1,C02572,2026-08-18T06:51:23.451Z,1599.00,cancelled
MSH636222148,S0007,meesho,JEANS-BLU-36,2,C02278,2026-09-22T18:14:49.326Z,2126.10,delivered
OD695003436928,S0025,flipkart,SNEAKER-BLK-7,3,C00769,2026-10-02T17:05:05.928Z,5532.30,shipped
MSH898008060,S0005,meesho,SNEAKER-BLK-7,3,C00153,2026-09-25T12:19:57.707Z,6153.30,pending
MYN9759102526,S0006,myntra,SNEAKER-RED-10,2,C00801,2026-08-06T12:32:17.536Z,5641.10,delivered
967-4407319-2951745,S0025,amazon,SNEAKER-MAR-8,1,C02952,2026-08-10T06:01:57.879Z,1338.55,confirmed
MSH793729301,S0007,meesho,HOODIE-PNK-M,3,C01139,2026-08-16T11:18:56.600Z,3588.15,delivered
OD229505935197,S0002,flipkart,HOODIE-BLU-M,2,C00359,2026-08-13T01:37:28.739Z,3858.00,delivered
MSH538471100,S0001,meesho,TSHIRT-GRN-L,2,C01380,2026-09-02T12:19:49.211Z,978.00,shipped
MYN9807414214,S0006,myntra,SNEAKER-MAR-9,1,C02902,2026-08-12T04:58:20.249Z,1929.00,shipped
MYN1470659119,S0008,myntra,JEANS-YEL-32,1,C00994,2026-08-06T12:14:46.388Z,1619.10,delivered
666-5717220-6284415,S0012,amazon,KURTI-YEL-M,1,C01796,2026-08-07T06:06:52.580Z,749.00,delivered
947-9313039-0765712,S0048,amazon,HOODIE-MAR-XL,1,C02402,2026-07-10T20:12:53.959Z,1209.00,delivered
MYN8568848403,S0004,myntra,KURTI-BLU-S,2,C02764,2026-07-15T06:17:27.299Z,1658.00,delivered
MSH044066553,S0001,meesho,TSHIRT-WHT-XL,2,C00869,2026-07-13T06:00:18.453Z,862.20,shipped
OD437164296941,S0002,flipkart,HOODIE-BLK-L,1,C01415,2026-07-06T18:40:15.814Z,1019.00,cancelled
XXXXXXXXXXXXXXXXXXXXXXXXXXXXXXXXXXXXXXXXXXXXXXXXXXXXXXXXXXXXXXXXXXXXXX,S0009,meesho,HANDBAG-GRN-FREE,4,C01475,2026-07-08T06:26:55.299Z,1904.40,pending
408-1245779-3768826,S0001,amazon,HOODIE-GRN-XL,1,C02149,2026-09-24T04:46:24.697Z,1655.10,confirmed
OD905987745950,S0002,flipkart,TSHIRT-RED-L,1,C02012,2026-08-01T20:11:52.702Z,479.00,delivered
MSH637124780,S0001,meesho,TSHIRT-WHT-XL,4,C00723,2026-09-18T03:28:54.755Z,1724.40,delivered
MSH839284523,S0029,meesho,WATCH-RED-FREE,2,C01087,2026-09-21T03:29:54.820Z,1510.20,delivered
317-8534803-5440582,S0044,amazon,HOODIE-RED-L,1,C00988,2026-08-22T22:15:06.886Z,1809.00,delivered
300-9699305-7066612,S0035,amazon,TSHIRT-GRN-L,1,C02450,2026-07-17T01:01:28.212Z,479.00,delivered
906-9467143-5421027,S0001,amazon,TSHIRT-WHT-XL,2,C01517,2026-08-30T07:46:38.659Z,862.20,delivered
OD338944463429,S0010,flipkart,HANDBAG-RED-FREE,2,C02759,2026-07-17T13:20:04.146Z,1238.00,shipped
MSH027947658,S0001,meesho,TSHIRT-PNK-XL,1,C01080,2026-07-17T20:46:54.162Z,369.00,delivered
MYN5627485609,S0004,myntra,KURTI-YEL-XL,1,C00485,2026-07-13T03:56:21.977Z,578.55,delivered
MSH877876627,S0005,meesho,SNEAKER-BLK-9,1,C02227,2026-09-23T14:21:00.680Z,abc,pending
MSH796759980,S0011,meesho,KURTI-YEL-XL,1,C02995,2026-08-27T03:47:39.465Z,303.05,returned
MYN2221863374,S0003,myntra,SAREE-MAR-FREE,1,C01735,2026-08-01T11:04:33.394Z,1509.55,cancelled
MSH620063284,S0007,meesho,HOODIE-PNK-XL,1,C02183,2026-08-24T17:28:29.882Z,1589.00,delivered
OD927220225404,S0003,flipkart,KURTI-GRN-L,2,C02386,2026-08-18T14:16:36.749Z,978.00,confirmed
818-8674839-5484709,S0009,amazon,HANDBAG-BLK-FREE,1,C01204,2026-09-08T21:11:36.057Z,1219.00,delivered
OD112859955319,S0002,flipkart,TSHIRT-PNK-M,1,C01580,2026-09-17T16:24:55.076Z,679.00,delivered
OD071981439393,S0002,flipkart,TSHIRT-PNK-XL,1,C00546,2026-08-20T11:28:16.335Z,246.05,delivered
354-1620057-7251653,S0008,amazon,WATCH-YEL-FREE,2,C01133,2026-08-05T01:36:55.832Z,1618.00,delivered
469-6591076-2275022,S0001,amazon,TSHIRT-PNK-XL,1,C01273,2026-08-21T10:11:57.516Z,350.55,delivered
MSH122985646,S0007,meesho,JEANS-BLU-36,1,C02363,2026-08-06T21:50:28.005Z,1119.00,delivered
MYN6482913506,S0016,myntra,HANDBAG-GRN-FREE,2,C00672,2026-08-17T16:06:46.598Z,1978.20,pending
MYN2120122810,S0049,myntra,SNEAKER-GRN-8,3,C02968,2026-08-23T02:18:06.758Z,4557.00,cancelled
149-5530925-7414525,S0044,amazon,HOODIE-WHT-M,1,C02257,2026-09-28T08:06:51.522Z,1389.00,pending
MSH877437481,S0029,meesho,WATCH-BLK-FREE,1,C00607,2026-09-29T07:51:30.602Z,1279.00,shipped
OD105922750689,S0017,flipkart,KURTI-WHT-XL,2,C02688,2026-07-05T14:49:49.759Z,1138.00,delivered
076-8037302-7162060,S0031,amazon,HOODIE-RED-XL,3,C00178,2026-07-05T16:59:42.211Z,4167.00,delivered
MYN7787960781,S0035,myntra,TSHIRT-GRN-L,1,C01255,2026-09-25T10:54:06.250Z,479.00,pending
OD548467337362,S0003,flipkart,KURTI-YEL-L,1,C02947,2026-08-08T15:47:39.032Z,569.00,confirmed
OD826499239008,S0002,flipkart,HOODIE-YEL-M,3,C00192,2026-08-31T20:19:48.332Z,3447.00,shipped
MSH321784822,S0002,meesho,TSHIRT-BLU-XL,2,C00513,2026-07-17T11:47:27.982Z,1358.00,delivered
OD591085322243,S0002,flipkart,HOODIE-MAR-XL,2,C01908,2026-09-10T22:02:23.823Z,1784.10,delivered
MYN8795607676,S0008,myntra,WATCH-YEL-FREE,1,C00205,2026-08-10T04:53:49.020Z,809.00,delivered
MYN2468720977,S0003,myntra,KURTI-WHT-XL,3,C00728,2026-07-30T17:48:28.768Z,1347.00,delivered
OD011099370902,S0015,flipkart,WATCH-RED-FREE,1,C00680,2026-09-13T01:04:22.722Z,1781.10,delivered
MSH615333205,S0029,meesho,SNEAKER-RED-9,1,C02091,2026-09-15T08:38:12.827Z,2929.00,delivered
MYN7424946513,S0043,myntra,HANDBAG-GRN-FREE,3,C00316,2026-08-18T22:02:43.008Z,1737.00,delivered
MSH788698964,S0002,meesho,HOODIE-BLK-L,1,C02731,2026-07-09T09:54:09.660Z,968.05,confirmed
593-6879775-2505745,S0016,amazon,HANDBAG-PNK-FREE,5,C00261,2026-09-03T08:35:07.217Z,2470.50,delivered
106-2137135-7159253,S0035,amazon,TSHIRT-GRN-L,2,C02739,2026-09-27T11:09:58.967Z,910.10,delivered
MYN2241782639,S0003,myntra,KURTI-PNK-XL,1,C00943,2026-08-21T06:57:04.360Z,749.55,delivered
OD774912572699,S0024,flipkart,JEANS-RED-36,4,C02168,2026-08-13T17:02:32.462Z,3196.00,delivered
811-9249931-1010034,S0009,amazon,HANDBAG-GRN-FREE,5,C02326,2026-08-19T19:01:39.415Z,2380.50,delivered
272-3957028-7181327,S0009,amazon,HANDBAG-PNK-FREE,3,C02067,2026-08-01T17:18:27.864Z,3207.00,delivered
MYN7150772816,S0037,myntra,JEANS-BLU-30,2,C01679,2026-09-10T17:33:06.925Z,1338.00,confirmed
MSH779210437,S0005,meesho,SNEAKER-MAR-7,1,C01782,2026-07-26T14:42:22.212Z,2399.00,cancelled
OD331373494300,S0010,flipkart,SAREE-WHT-FREE,2,C02500,2026-08-08T01:05:32.341Z,3818.00,delivered
MSH746873817,S0039,meesho,HANDBAG-YEL-FREE,2,C00733,2026-08-27T07:01:13.447Z,1378.00,delivered
MYN1687661836,S0023,myntra,SAREE-BLU-FREE,1,C01377,2026-10-03T08:20:11.770Z,2479.00,returned
604-0413011-0830984,S0040,amazon,SAREE-RED-FREE,3,C01587,2026-09-07T12:03:36.562Z,2818.65,delivered
MSH216858995,S0001,meesho,TSHIRT-WHT-XL,3,C02380,2026-09-06T03:07:06.525Z,1437.00,delivered
OD294258807662,S0003,flipkart,KURTI-YEL-L,2,C02318,2026-08-22T06:57:43.231Z,1024.20,delivered
MSH232268834,S0002,meesho,HOODIE-YEL-M,1,C00161,2026-09-11T01:07:00.198Z,1149.00,delivered
MSH742175001,S0002,meesho,TSHIRT-WHT-M,2,C00795,2026-08-23T20:42:01.917Z,878.00,cancelled
OD669387238715,S0015,flipkart,SAREE-GRN-FREE,3,C01212,2026-10-01T02:31:11.711Z,6552.15,confirmed
MSH590694310,S0001,meesho,TSHIRT-WHT-XL,1,C01169,2026-07-16T07:49:25.535Z,479.00,delivered
MSH134971461,S0010,meesho,HANDBAG-RED-FREE,3,C00481,2026-07-20T03:48:19.090Z,1857.00,delivered
OD963516112664,S0002,flipkart,TSHIRT-RED-L,1,C02510,2026-08-10T13:44:59.269Z,455.05,delivered
OD771985288674,S0024,flipkart,KURTI-GRN-XL,2,C02524,2026-08-16T00:43:16.592Z,1118.00,returned
OD555258164637,S0018,flipkart,JEANS-MAR-34,1,C00489,2026-09-28T12:17:43.436Z,949.00,pending
OD528302364503,S0002,flipkart,TSHIRT-PNK-XL,1,C00338,2026-10-01T01:33:25.924Z,259.00,delivered
MYN8094965171,S0006,myntra,SNEAKER-RED-10,3,C02472,2026-08-31T03:22:39.623Z,8016.30,returned
MSH372246867,S0026,meesho,WATCH-YEL-FREE,4,C02668,2026-07-08T18:09:48.504Z,4252.20,shipped
036-4297872-5715442,S0004,amazon,KURTI-YEL-XL,1,C00947,2026-08-28T22:19:08.441Z,609.00,confirmed
MYN6046797868,S0006,myntra,SNEAKER-RED-10,2,C01245,2026-08-10T18:49:39.294Z,5938.00,pending
OD325203953886,S0002,flipkart,HOODIE-MAR-XL,2,C01569,2026-08-23T08:35:58.757Z,1878.00,delivered
MYN1758358726,S0008,myntra,JEANS-PNK-30,1,C01652,2026-08-16T14:20:05.509Z,1179.00,shipped
OD196360443925,S0018,flipkart,SAREE-YEL-FREE,1,C01225,2026-09-03T01:26:01.565Z,2269.00,shipped
MYN9935763419,S0033,myntra,TSHIRT-RED-S,2,C01740,2026-09-10T09:25:47.126Z,558.00,delivered
MSH537639024,S0040,meesho,JEANS-PNK-32,2,C02481,2026-09-24T15:37:29.835Z,1298.00,delivered
MSH060896015,S0009,meesho,HANDBAG-MAR-FREE,1,C00540,2026-08-24T18:43:31.717Z,702.05,delivered
OD145639875999,S0002,flipkart,TSHIRT-BLU-XL,1,C02583,2026-08-28T12:12:24.846Z,679.00,pending
659-6151289-2632886,S0001,amazon,HOODIE-PNK-M,3,C02903,2026-08-10T22:50:18.726Z,4797.00,delivered
290-1594185-0041737,S0001,amazon,HOODIE-GRN-XL,2,C01884,2026-09-05T15:34:42.294Z,3494.10,confirmed
MYN2918662397,S0014,myntra,WATCH-GRN-FREE,1,C01331,2026-08-31T02:14:54.819Z,845.10,confirmed
MSH540622229,S0027,meesho,SAREE-YEL-FREE,1,C02758,2026-08-06T21:41:52.694Z,1399.00,delivered
MSH743444409,S0030,meesho,JEANS-GRN-32,1,C00016,2026-09-23T11:17:00.419Z,1129.00,returned
OD299767902947,S0031,flipkart,HOODIE-RED-XL,1,C02077,2026-07-27T06:42:22.180Z,1389.00,shipped
566-0876254-0870619,S0001,amazon,HOODIE-GRN-XL,1,C01574,2026-08-17T22:12:19.923Z,1839.00,cancelled
OD293300434616,S0002,flipkart,TSHIRT-WHT-M,1,C02342,2026-09-06T21:34:57.016Z,417.05,confirmed
333-4230297-0513531,S0001,amazon,TSHIRT-WHT-XL,2,C01496,2026-08-11T02:30:48.100Z,910.10,delivered
OD914945596318,S0002,flipkart,HOODIE-YEL-M,3,C00448,2026-09-13T09:04:00.173Z,3102.30,delivered
OD618495217455,S0021,flipkart,SNEAKER-GRN-7,2,C01670,2026-08-24T12:11:45.827Z,4358.00,delivered
OD559376352220,S0003,flipkart,SAREE-MAR-FREE,4,C00822,2026-07-20T16:30:20.899Z,6356.00,delivered
213-5802793-0497100,S0025,amazon,SNEAKER-BLK-8,2,C00304,2026-09-19T12:39:20.910Z,1510.20,delivered
MSH255862501,S0001,meesho,TSHIRT-PNK-XL,1,C01206,2026-08-31T23:13:18.563Z,332.10,delivered
OD207177171421,S0009,flipkart,HANDBAG-PNK-FREE,1,C02841,2026-07-30T15:39:07.042Z,962.10,confirmed
OD762387661642,S0002,flipkart,HOODIE-YEL-M,1,C00759,2026-10-01T08:40:30.612Z,1149.00,delivered
OD727580767962,S0002,flipkart,HOODIE-BLU-M,1,C01463,2026-07-09T14:34:29.488Z,1929.00,delivered
968-7321874-1569101,S0013,amazon,SNEAKER-GRN-7,1,C01879,2026-08-24T07:36:08.662Z,1129.00,returned
666-4607706-6476014,S0012,amazon,KURTI-BLU-XL,2,C01976,2026-09-09T03:26:27.726Z,1632.10,delivered
MYN2142960544,S0029,myntra,WATCH-RED-FREE,1,C01232,2026-07-14T11:49:55.953Z,839.00,confirmed
659-7056279-1713006,S0028,amazon,JEANS-GRN-36,2,C02350,2026-09-04T22:48:06.153Z,1438.20,confirmed
358-5945058-3291236,S0045,amazon,WATCH-GRN-FREE,2,C02511,2026-07-31T21:30:09.317Z,3478.00,shipped
MSH118692784,S0001,meesho,HOODIE-GRN-XL,1,C01742,2026-07-09T08:49:27.793Z,1839.00,delivered
OD942732630464,S0010,flipkart,SAREE-WHT-FREE,3,C02768,2026-10-01T01:24:01.224Z,5727.00,cancelled
MSH343783324,S0001,meesho,TSHIRT-WHT-XL,1,C02116,2026-10-01T02:24:31.547Z,479.00,shipped
OD800850743726,S0002,flipkart,HOODIE-YEL-M,1,C01954,2026-09-24T01:15:19.260Z,1091.55,delivered
MSH421654377,S0001,meesho,TSHIRT-WHT-XL,3,C00577,2026-08-23T08:34:20.105Z,1365.15,cancelled
MYN8799078705,S0003,myntra,SAREE-GRN-FREE,1,C00541,2026-09-18T00:36:20.524Z,1462.05,delivered
071-9630182-1306996,S0033,amazon,TSHIRT-RED-XL,1,C00650,2026-07-18T08:30:46.249Z,349.00,shipped
OD844562634396,S0002,flipkart,HOODIE-YEL-M,2,C02083,2026-09-14T04:12:22.369Z,2298.00,cancelled
538-2124225-4527805,S0001,amazon,TSHIRT-WHT-XL,1,C02117,2026-10-01T02:01:05.221Z,455.05,delivered
MSH840191364,S0002,meesho,HOODIE-YEL-M,1,C02986,2026-09-27T13:22:45.665Z,1149.00,confirmed
MSH654219894,S0001,meesho,HOODIE-GRN-XL,1,C01864,2026-08-03T23:54:58.722Z,1839.00,delivered
MYN7763860924,S0033,myntra,TSHIRT-RED-S,3,C01600,2026-08-17T22:17:35.498Z,837.00,shipped
MSH950919533,S0029,meesho,WATCH-BLK-FREE,1,C02973,2026-08-03T21:44:28.788Z,1279.00,delivered
992-0344145-1329172,S0026,amazon,HANDBAG-BLK-FREE,2,C02845,2026-10-02T00:11:02.224Z,858.00,delivered
931-0751370-2178666,S0009,amazon,HANDBAG-YEL-FREE,2,C00076,2026-08-30T16:55:44.056Z,1456.20,delivered
140-7065492-7375670,S0001,amazon,HOODIE-PNK-M,2,C00405,2026-07-26T10:33:57.648Z,3198.00,delivered
MYN4894109709,S0003,myntra,KURTI-WHT-XL,4,C01645,2026-07-14T10:07:22.923Z,1616.40,delivered
372-2812389-4980959,S0048,amazon,HOODIE-BLK-L,2,C01269,2026-09-22T19:09:03.390Z,2578.00,delivered
MSH659488287,S0007,meesho,HOODIE-YEL-M,1,C00224,2026-09-10T07:10:08.446Z,719.00,delivered
OD117485289166,S0015,flipkart,SAREE-MAR-FREE,2,C01180,2026-09-20T07:09:13.685Z,4478.00,delivered
MYN7450495041,S0006,myntra,SNEAKER-GRN-7,1,C02612,2026-07-26T19:01:07.640Z,797.05,delivered
MSH652236885,S0002,meesho,TSHIRT-PNK-M,3,C00288,2026-09-01T16:05:58.577Z,2037.00,delivered
OD063861699727,S0002,flipkart,HOODIE-BLK-L,2,C02711,2026-09-30T06:56:45.446Z,2038.00,confirmed
401-5497291-7182922,S0032,amazon,WATCH-WHT-FREE,1,C00919,2026-09-11T11:02:11.387Z,1609.00,cancelled
OD677933318120,S0002,flipkart,HOODIE-BLK-L,2,C02472,2026-08-20T00:37:59.616Z,2038.00,delivered
MSH013489803,S0001,meesho,HOODIE-GRN-XL,1,C01433,2026-08-15T11:00:43.931Z,1839.00,delivered
OD923533859145,S0010,flipkart,SAREE-WHT-FREE,3,C02396,2026-08-09T23:29:09.423Z,5727.00,delivered
OD210254770969,S0002,flipkart,HOODIE-YEL-M,5,C00429,2026-08-31T07:28:20.471Z,5745.00,delivered
OD894058442514,S0010,flipkart,HANDBAG-RED-FREE,5,C01426,2026-08-09T21:05:51.526Z,3095.00,returned
MYN5466970808,S0039,myntra,HANDBAG-BLK-FREE,1,C01979,2026-09-10T19:12:45.089Z,809.00,delivered
MSH589473738,S0001,meesho,TSHIRT-GRN-L,1,C02016,2026-07-15T01:48:49.911Z,464.55,delivered
127-8879121-3358004,S0009,amazon,HANDBAG-BLK-FREE,1,C02415,2026-08-13T13:33:53.429Z,1097.10,delivered
098-3814179-1187437,S0001,amazon,HOODIE-GRN-XL,1,C00472,2026-07-09T17:38:38.372Z,1839.00,delivered
OD849415168081,S0025,flipkart,SNEAKER-BLK-7,1,C02779,2026-07-26T16:30:36.784Z,1946.55,delivered
551-7802564-9673632,S0001,amazon,HOODIE-GRN-XL,2,C02868,2026-08-11T03:12:20.408Z,3494.10,shipped
MSH649418462,S0007,meesho,HOODIE-PNK-M,1,C01787,2026-07-07T12:03:50.545Z,1133.10,delivered
295-3909559-4780294,S0001,amazon,TSHIRT-PNK-XL,4,C00673,2026-07-09T02:32:59.232Z,1476.00,pending
MYN9729634899,S0003,myntra,KURTI-WHT-XL,1,C00876,2026-09-07T13:52:26.587Z,449.00,delivered
OD278341204748,S0010,flipkart,SAREE-PNK-FREE,2,C00635,2026-07-09T17:00:03.731Z,3738.00,delivered
OD887644250196,S0002,flipkart,HOODIE-MAR-L,3,C02457,2026-09-27T14:53:13.563Z,3057.00,delivered
OD154487856480,S0018,flipkart,JEANS-RED-30,3,C02000,2026-07-23T08:50:32.609Z,3531.15,cancelled
MSH835171296,S0010,meesho,SAREE-PNK-FREE,1,C00910,2026-09-23T06:25:07.597Z,1869.00,delivered
MSH871228176,S0001,meesho,HOODIE-GRN-XL,2,C01711,2026-09-10T00:22:09.053Z,3678.00,delivered
759-8942055-5240796,S0023,amazon,SAREE-BLU-FREE,5,C00433,2026-09-03T15:47:55.115Z,11155.50,confirmed
516-5305463-5959138,S0009,amazon,HANDBAG-YEL-FREE,1,C01562,2026-08-30T23:50:42.888Z,728.10,cancelled
MSH809268701,S0002,meesho,HOODIE-BLK-L,3,C02660,2026-09-10T23:44:56.250Z,2751.30,returned
MSH591056199,S0002,meesho,HOODIE-YEL-M,1,C02429,2026-07-27T04:36:13.288Z,1149.00,delivered
MYN0793915665,S0003,myntra,KURTI-BLK-M,1,C02392,2026-07-17T14:52:25.257Z,779.00,confirmed
337-9314559-2208330,S0020,amazon,JEANS-GRN-32,2,C00312,2026-07-14T00:08:12.050Z,2958.00,delivered
917-0004296-2404559,S0004,amazon,KURTI-YEL-XL,1,C02112,2026-07-24T18:20:53.458Z,578.55,cancelled
MSH803275686,S0001,meesho,TSHIRT-WHT-XL,4,C00774,2026-07-12T06:19:12.948Z,1916.00,delivered
MSH276202019,S0009,meesho,HANDBAG-PNK-FREE,2,C01693,2026-07-27T01:11:20.953Z,2138.00,shipped
OD667203020089,S0003,flipkart,SAREE-MAR-FREE,2,C01346,2026-08-29T08:24:41.179Z,3178.00,delivered
429-4538680-0360313,S0009,amazon,HANDBAG-PNK-FREE,1,C02055,2026-07-08T17:21:18.065Z,1015.55,delivered
278-9896241-3792378,S0004,amazon,KURTI-YEL-XL,5,C01535,2026-09-18T01:42:05.115Z,2740.50,delivered
196-6770151-6287330,S0001,amazon,TSHIRT-PNK-XL,1,C01002,2026-08-17T04:06:51.996Z,369.00,delivered
,S0001,meesho,HOODIE-GRN-XL,1,C02969,2026-08-16T19:52:22.924Z,1747.05,delivered
OD551157998051,S0035,flipkart,TSHIRT-BLK-M,1,C01189,2026-08-20T06:23:42.295Z,620.10,delivered
MSH018927240,S0001,meesho,TSHIRT-GRN-L,3,C02857,2026-07-06T10:55:51.447Z,1320.30,delivered
OD584678767848,S0026,flipkart,HANDBAG-MAR-FREE,1,C01766,2026-08-02T18:47:58.110Z,1079.00,delivered
MYN6318160788,S0003,myntra,KURTI-MAR-XL,1,C00814,2026-07-26T21:38:25.390Z,589.00,delivered
MSH438101311,S0001,meesho,HOODIE-GRN-XL,2,C02698,2026-09-18T03:16:20.944Z,3494.10,delivered
MSH158796431,S0001,meesho,TSHIRT-PNK-XL,2,C00765,2026-07-27T12:57:52.147Z,701.10,delivered
MYN4465046681,S0033,myntra,TSHIRT-BLK-S,2,C01016,2026-09-09T22:42:26.319Z,1271.10,delivered
MYN4794281805,S0004,myntra,KURTI-YEL-M,2,C01933,2026-09-05T17:59:18.922Z,1738.00,delivered
812-5564158-4303127,S0009,amazon,HANDBAG-PNK-FREE,3,C02039,2026-07-22T15:08:13.630Z,3046.65,returned
MSH049273618,S0030,meesho,JEANS-GRN-36,1,C01802,2026-09-22T15:04:43.092Z,1652.05,pending
339-2638172-7109092,S0001,amazon,HOODIE-GRN-XL,1,C02219,2026-07-28T22:16:14.122Z,1839.00,delivered
MSH100553177,S0009,meesho,HANDBAG-BLU-FREE,5,C00595,2026-08-13T15:43:56.873Z,7395.00,confirmed
OD569674527991,S0010,flipkart,SAREE-YEL-FREE,4,C00642,2026-07-16T03:36:47.972Z,2656.20,shipped
MSH337828267,S0002,meesho,HOODIE-YEL-M,5,C00548,2026-09-29T03:34:03.470Z,5745.00,pending
MSH058466479,S0001,meesho,HOODIE-GRN-XL,2,C01394,2026-08-26T13:24:50.861Z,3678.00,returned
MSH504342842,S0001,meesho,HOODIE-PNK-M,1,C02648,2026-08-27T08:45:51.448Z,1599.00,delivered
MSH758344209,S0007,meesho,JEANS-BLU-36,2,C02227,2026-08-26T17:11:04.536Z,2014.20,delivered
781-3509477-2314220,S0012,amazon,KURTI-BLU-XL,3,C01741,2026-07-13T08:58:33.140Z,2577.00,delivered
MSH550713786,S0005,meesho,SNEAKER-BLU-8,1,C00573,2026-08-21T19:47:26.686Z,2759.00,delivered
OD318663947836,S0002,flipkart,TSHIRT-WHT-M,2,C00331,2026-08-09T16:41:21.113Z,878.00,shipped
MYN5207010570,S0041,myntra,TSHIRT-RED-L,5,C01760,2026-09-18T10:25:17.656Z,2380.50,delivered
OD958580986793,S0003,flipkart,KURTI-MAR-XL,1,C01632,2026-09-21T11:02:08.458Z,589.00,delivered
MSH202258779,S0002,meesho,TSHIRT-RED-L,1,C00561,2026-08-30T12:34:50.435Z,479.00,delivered
260-4066810-4286975,S0033,amazon,TSHIRT-WHT-L,1,C02607,2026-07-24T16:34:47.420Z,521.55,delivered
OD864701771167,S0035,flipkart,WATCH-YEL-FREE,1,C01888,2026-08-31T16:51:28.703Z,1639.00,delivered
OD952835054687,S0028,flipkart,JEANS-GRN-36,1,C00954,2026-09-12T23:40:12.413Z,799.00,delivered
416-4611143-5705097,S0001,amazon,HOODIE-PNK-M,2,C00800,2026-08-30T06:25:57.663Z,3198.00,delivered
355-4813413-8515532,S0001,amazon,HOODIE-GRN-XL,1,C00162,2026-08-01T00:34:14.239Z,1747.05,delivered
289-5305267-7033677,S0001,amazon,TSHIRT-WHT-XL,1,C01053,2026-09-13T04:41:48.313Z,479.00,delivered
OD152247724536,S0048,flipkart,HOODIE-MAR-XL,1,C00182,2026-08-04T00:50:02.581Z,1209.00,pending
MYN0835617859,S0003,myntra,KURTI-GRN-L,5,C00779,2026-09-19T12:37:25.422Z,2445.00,confirmed
496-9766211-0394406,S0050,amazon,WATCH-RED-FREE,1,C02168,2026-09-05T20:47:21.974Z,2078.10,confirmed
MYN1772197328,S0047,myntra,WATCH-MAR-FREE,1,C00112,2026-09-25T04:36:15.179Z,1817.10,delivered
643-1342249-3114899,S0001,amazon,HOODIE-GRN-XL,1,C02655,2026-08-15T23:17:32.784Z,1839.00,pending
MYN9142332309,S0019,myntra,WATCH-WHT-FREE,4,C00988,2026-09-18T07:16:15.395Z,9916.00,shipped
904-4706439-0037122,S0022,amazon,HOODIE-YEL-M,1,C02659,2026-08-21T06:28:04.534Z,1158.05,returned
462-2746600-5037594,S0016,amazon,HANDBAG-RED-FREE,4,C00389,2026-09-06T22:05:26.097Z,1782.20,delivered
MSH386847337,S0001,meesho,HOODIE-GRN-XL,1,C00415,2026-09-05T00:15:45.948Z,1839.00,delivered
777-8775428-5318802,S0008,amazon,JEANS-YEL-32,4,C00660,2026-09-06T00:36:32.578Z,6476.40,delivered
OD761622472397,S0024,flipkart,JEANS-GRN-30,4,C00414,2026-08-29T18:08:34.940Z,3758.20,shipped
MYN2831206126,S0004,myntra,KURTI-BLU-S,1,C02525,2026-09-17T10:48:08.397Z,787.55,delivered
OD043763555032,S0002,flipkart,TSHIRT-BLU-XL,2,C00047,2026-09-06T19:32:28.528Z,1358.00,delivered
OD054291130971,S0010,flipkart,SAREE-WHT-FREE,2,C00383,2026-08-25T15:11:02.352Z,3818.00,delivered
532-8573537-7753464,S0004,amazon,KURTI-MAR-S,1,C02502,2026-09-15T05:45:58.528Z,359.00,returned
902-7347487-3493082,S0009,amazon,HANDBAG-BLU-FREE,2,C00224,2026-09-27T18:00:41.682Z,2958.00,delivered
632-8746793-0307575,S0004,amazon,KURTI-BLU-S,3,C01339,2026-09-03T14:14:02.907Z,2238.30,confirmed
MSH611308973,S0007,meesho,JEANS-BLK-34,2,C01687,2026-09-01T11:37:19.301Z,1658.00,delivered
MYN5536777744,S0003,myntra,KURTI-MAR-M,4,C02004,2026-08-06T06:29:08.036Z,2316.00,delivered
OD241692627989,S0002,flipkart,TSHIRT-WHT-M,1,C02779,2026-08-09T13:43:05.856Z,439.00,delivered
OD606851027923,S0024,flipkart,JEANS-RED-36,3,C01831,2026-08-14T11:38:07.118Z,2397.00,delivered
188-1696963-4477706,S0022,amazon,HOODIE-YEL-M,1,C01358,2026-09-09T03:00:18.892Z,1219.00,delivered
206-5219438-2328120,S0001,amazon,HOODIE-GRN-XL,3,C00885,2026-10-01T17:45:10.876Z,4965.30,delivered
780-3235687-2729550,S0012,amazon,KURTI-BLU-XL,1,C01676,2026-07-30T11:56:58.030Z,773.10,delivered
OD718371772731,S0003,flipkart,KURTI-BLK-M,1.5,C01838,2026-09-28T18:21:58.946Z,1480.10,delivered
OD472447686772,S0002,flipkart,HOODIE-YEL-M,1,C00889,2026-08-24T21:55:44.665Z,1034.10,cancelled
MYN7985031222,S0006,myntra,SNEAKER-RED-10,1,C02698,2026-09-07T15:15:38.814Z,2969.00,cancelled
MYN0870922503,S0049,myntra,SNEAKER-YEL-10,1,C02404,2026-09-21T18:37:32.547Z,2579.00,delivered
MSH984536997,S0001,meesho,TSHIRT-PNK-XL,1,C02876,2026-07-17T07:20:21.424Z,369.00,delivered
381-4096400-2254591,S0001,amazon,HOODIE-PNK-M,1,C00921,2026-09-11T07:03:44.586Z,1439.10,delivered
MYN5306295392,S0040,myntra,JEANS-BLU-30,2,C02233,2026-08-16T12:08:56.754Z,2554.20,delivered
MYN6003017263,S0004,myntra,KURTI-BLU-S,2,C01197,2026-09-25T12:15:43.260Z,1658.00,delivered
MYN7760371338,S0003,myntra,KURTI-BLK-L,1,C02287,2026-07-09T16:25:09.078Z,769.00,delivered
MSH988649818,S0001,meesho,HOODIE-GRN-XL,1,C01988,2026-07-14T08:52:28.407Z,1839.00,cancelled
503-2418484-4939814,S0009,amazon,HANDBAG-BLK-FREE,2,C02938,2026-07-07T10:00:45.849Z,2438.00,delivered
774-5334863-9346289,S0001,amazon,TSHIRT-GRN-L,1,C00783,2026-07-13T08:46:03.238Z,489.00,confirmed
MYN7558408525,S0003,myntra,SAREE-MAR-FREE,3,C01334,2026-09-23T05:31:33.330Z,4767.00,shipped
707-9104541-9945262,S0031,amazon,HOODIE-BLU-L,1,C02488,2026-09-22T12:17:42.895Z,1489.00,delivered
MSH828710203,S0005,meesho,SNEAKER-GRN-7,2,C01716,2026-09-03T05:41:54.993Z,4425.10,delivered
864-0731978-3413233,S0048,amazon,HOODIE-GRN-L,1,C02076,,1299.00,delivered
MSH904705675,S0027,meesho,SAREE-PNK-FREE,1,C01709,2026-08-15T05:29:46.752Z,799.00,delivered
OD835689890008,S0002,flipkart,TSHIRT-RED-S,1,C01210,2026-08-08T01:52:29.176Z,360.05,delivered
940-7479811-5819924,S0001,amazon,HOODIE-PNK-M,1,C00632,2026-09-07T06:12:33.468Z,1439.10,returned
OD342822794028,S0024,flipkart,JEANS-RED-36,4,C02294,2026-08-19T03:44:48.641Z,3196.00,delivered
055-6417050-2247652,S0009,amazon,HANDBAG-PNK-FREE,1,C00548,2026-07-07T19:00:26.870Z,1069.00,delivered
MSH704019334,S0002,meesho,HOODIE-BLK-L,2,C02823,2026-09-25T23:23:10.748Z,1936.10,pending
OD918397831549,S0010,flipkart,SAREE-WHT-FREE,4,C02957,2026-07-25T03:30:21.123Z,7636.00,delivered
MYN5226328916,S0006,myntra,SNEAKER-RED-10,5,C02253,2026-09-25T03:22:40.778Z,14845.00,pending
MSH377568246,S0002,meesho,HOODIE-BLK-L,2,C01495,2026-09-27T19:27:52.321Z,1834.20,delivered
MYN3376182058,S0006,myntra,SNEAKER-RED-10,1,C01427,2026-09-27T23:24:38.260Z,2672.10,delivered
MSH644835927,S0009,meesho,HANDBAG-BLK-FREE,1,C02002,2026-08-22T13:22:58.767Z,1158.05,shipped
MYN5466698540,S0015,myntra,WATCH-RED-FREE,1,C01325,2026-07-26T01:36:01.631Z,1781.10,shipped
576-8234609-4975957,S0001,amazon,HOODIE-GRN-XL,2,C00963,2026-09-03T01:45:09.140Z,3678.00,delivered
MSH192430682,S0001,meesho,TSHIRT-WHT-XL,5,C02682,2026-08-25T11:40:50.165Z,2275.25,delivered
MYN5877317694,S0003,myntra,KURTI-WHT-XL,1,C02074,2026-08-22T14:54:13.190Z,404.10,delivered
138-1112769-2901270,S0001,amazon,HOODIE-GRN-XL,1,C01926,2026-09-30T15:38:16.871Z,1655.10,delivered
438-3738520-0261381,S0022,amazon,HOODIE-YEL-M,3,C00919,2026-08-07T05:58:35.135Z,3657.00,delivered
MYN2800815842,S0008,myntra,JEANS-YEL-32,5,C01535,2026-08-15T03:16:48.391Z,8995.00,delivered
MSH814185038,S0001,meesho,HOODIE-GRN-XL,4,C01083,2026-08-07T00:04:23.216Z,6988.20,delivered
MSH010148699,S0002,meesho,HOODIE-YEL-M,1,C02771,2026-07-18T05:29:46.451Z,1149.00,shipped
MYN0661443453,S0019,myntra,WATCH-BLK-FREE,1,C02219,2026-08-10T01:48:52.861Z,1469.00,delivered
MSH705686189,S0001,meesho,HOODIE-GRN-XL,2,C01951,2026-10-02T10:51:51.325Z,3678.00,confirmed
MYN1048521047,S0003,myntra,SAREE-MAR-FREE,1,C01039,2026-09-21T19:02:17.152Z,1589.00,confirmed
OD747989309122,S0048,flipkart,HOODIE-YEL-XL,3,C02668,2026-09-13T06:06:33.858Z,5247.00,delivered
MSH968599000,S0002,meesho,TSHIRT-WHT-M,3,C02173,2026-08-19T10:42:44.988Z,1251.15,delivered
OD560157771825,S0002,flipkart,TSHIRT-BLU-XL,1,C01778,2026-08-17T02:32:21.674Z,645.05,delivered
416-2706450-0841468,S0001,amazon,TSHIRT-PNK-XL,5,C00297,2026-08-24T17:56:59.645Z,1845.00,delivered
458-1123219-8965297,S0008,amazon,JEANS-BLU-34,2,C00399,2026-09-01T11:54:36.008Z,2998.00,pending
MSH235486857,S0002,meesho,HOODIE-MAR-L,1,C01949,2026-07-21T22:12:00.889Z,1019.00,pending
MSH462161830,S0002,meesho,TSHIRT-PNK-XL,1,C01246,2026-10-03T04:45:49.016Z,259.00,delivered
MYN7454535837,S0008,myntra,WATCH-YEL-FREE,5,C00379,2026-08-15T03:40:20.000Z,3640.50,returned
OD602869805171,S0024,flipkart,JEANS-RED-30,1,C00163,2026-09-22T11:35:06.726Z,1449.00,delivered
330-9908273-8215277,S0001,amazon,HOODIE-GRN-XL,4,C02623,2026-08-15T04:10:17.846Z,7356.00,delivered
OD125245482893,S0002,flipkart,HOODIE-YEL-M,1,C00829,2026-08-04T02:30:08.300Z,1149.00,delivered
OD535676483064,S0003,flipkart,SAREE-MAR-FREE,1,C02516,2026-08-20T11:47:03.210Z,1589.00,delivered
MYN9744753422,S0015,myntra,WATCH-PNK-FREE,1,C01136,2026-07-27T03:59:44.200Z,1736.10,confirmed
MYN5641569129,S0041,myntra,KURTI-RED-XL,1,C02604,2026-07-31T07:28:18.552Z,467.10,delivered
387-6878592-7851243,S0031,amazon,HOODIE-RED-XL,4,C00832,2026-07-13T07:09:56.619Z,5556.00,confirmed
OD117115418662,S0050,flipkart,WATCH-WHT-FREE,2,C00847,2026-09-05T06:33:26.190Z,6818.00,delivered
317-3945779-3555577,S0001,amazon,HOODIE-GRN-XL,4,C02033,2026-09-23T06:00:11.834Z,6620.40,delivered
200-6606703-7866891,S0035,amazon,TSHIRT-GRN-L,2,C02203,2026-07-27T03:51:13.272Z,910.10,delivered
039-5380519-2607119,S0016,amazon,HANDBAG-WHT-FREE,5,C02181,2026-09-19T13:06:19.597Z,4095.00,cancelled
OD294944954174,S0024,flipkart,JEANS-RED-36,1,C00695,2026-07-05T20:53:42.073Z,719.10,delivered
981-6999238-5238005,S0008,amazon,JEANS-BLU-34,2,C01859,2026-07-07T14:48:12.493Z,2998.00,delivered
MSH692201401,S0029,meesho,WATCH-YEL-FREE,2,C01783,2026-09-22T09:40:29.960Z,1058.00,shipped
MSH792183474,S0002,meesho,HOODIE-YEL-M,3,C02941,2026-09-28T07:41:48.872Z,3274.65,delivered
310-5701329-6282865,S0020,amazon,JEANS-BLU-36,1,C02821,2026-09-02T06:30:13.012Z,881.10,cancelled
MSH190815796,S0009,meesho,HANDBAG-PNK-FREE,1,C01246,2026-07-16T12:09:04.657Z,962.10,confirmed
901-9936043-9929620,S0009,amazon,HANDBAG-BLK-FREE,1,C01452,2026-07-22T17:28:01.365Z,1097.10,confirmed
MSH554556722,S0007,meesho,JEANS-BLU-36,1,C00396,2026-07-12T20:30:06.336Z,1119.00,confirmed
642-0647055-0187335,S0001,amazon,HOODIE-GRN-XL,1,C01256,2026-09-07T00:09:08.372Z,1839.00,shipped
592-3135124-9457687,S0001,amazon,TSHIRT-PNK-XL,1,C01839,2026-07-14T10:43:38.939Z,350.55,cancelled
OD284800523924,S0002,flipkart,HOODIE-BLK-L,4,C01240,2026-09-20T18:31:30.369Z,4076.00,delivered
088-3006706-7603275,S0004,amazon,KURTI-YEL-XL,1,C00797,2026-07-10T14:04:31.104Z,609.00,delivered
MSH645983091,S0002,meesho,TSHIRT-WHT-M,1,C02057,2026-07-14T16:35:09.397Z,439.00,delivered
581-4932753-6565873,S0039,amazon,HANDBAG-BLU-FREE,5,C00958,2026-08-10T13:48:09.256Z,2945.00,returned
OD866200603553,S0002,shopify,TSHIRT-GRN-M,3,C02387,2026-08-18T11:08:02.009Z,1467.00,delivered
941-5762274-3426701,S0012,amazon,KURTI-BLU-XL,2,C00335,2026-09-12T20:46:48.685Z,1546.20,delivered
MYN2217110018,S0041,myntra,KURTI-WHT-L,1,C01006,2026-08-15T10:53:11.715Z,557.107,pending
MYN9618983435,S0006,myntra,SNEAKER-RED-10,2,C02940,2026-08-30T19:19:49.284Z,5344.20,delivered
303-7348676-7730782,S0041,amazon,TSHIRT-RED-L,5,C02510,2026-08-22T04:43:12.940Z,2512.75,delivered
OD874172970284,S0002,flipkart,TSHIRT-WHT-M,1,C00309,2026-09-08T23:28:38.007Z,395.10,returned
OD650570698904,S0048,flipkart,HOODIE-BLU-XL,3,C02183,2026-09-30T10:09:00.242Z,2265.30,shipped
MYN1361565477,S0016,myntra,HANDBAG-PNK-FREE,2,C00167,2026-07-26T19:42:16.554Z,988.20,delivered
MYN4570801223,S0008,myntra,JEANS-YEL-32,1,C00349,2026-09-19T08:21:13.648Z,1709.05,delivered
MSH414971336,S0001,meesho,HOODIE-GRN-XL,5,C00848,2026-08-28T14:50:23.327Z,8735.25,shipped
771-7163386-7244812,S0043,amazon,HANDBAG-RED-FREE,5,C00970,2026-09-03T22:27:46.734Z,6195.00,shipped
MYN8831504063,S0003,myntra,SAREE-MAR-FREE,2,C01726,2026-07-18T21:11:36.701Z,3178.00,cancelled
916-6366075-1514349,S0001,amazon,HOODIE-GRN-XL,2,C01257,2026-09-16T03:56:55.744Z,3678.00,delivered
MYN1383969077,S0003,ebay,SAREE-YEL-FREE,3,C01634,2026-09-30T03:48:19.738Z,3867.00,delivered
047-4597920-4346000,S0001,amazon,TSHIRT-WHT-XL,4,C00777,2026-09-16T04:22:02.835Z,1916.00,shipped
MYN1771043898,S0003,myntra,SAREE-MAR-FREE,2,C02419,2026-07-08T20:34:46.474Z,3178.00,cancelled
MYN4731770213,S0003,myntra,KURTI-YEL-L,2,C00236,2026-08-02T17:49:04.066Z,1024.20,cancelled
MSH707488723,S0002,meesho,TSHIRT-GRN-M,2,C02549,2026-07-15T14:05:31.608Z,978.00,cancelled
715-9608812-5301452,S0001,amazon,TSHIRT-GRN-L,5,C02670,2026-09-11T00:02:27.058Z,2445.00,delivered
OD509761105934,S0002,flipkart,HOODIE-YEL-M,2,C00483,2026-08-21T19:11:15.283Z,2298.00,delivered
MYN5213164562,S0035,myntra,TSHIRT-PNK-S,1.5,C00614,2026-09-06T05:21:24.101Z,969.30,shipped
OD614291310126,S0028,flipkart,JEANS-GRN-36,2,C02736,2026-08-26T23:21:51.119Z,1518.10,shipped
370-4423976-2792413,S0013,amazon,SNEAKER-GRN-7,1,C02781,2026-07-27T17:37:07.575Z,1129.00,confirmed
OD638691720876,S0024,flipkart,JEANS-MAR-36,2,C01766,2026-07-29T23:38:12.747Z,1678.00,delivered
MSH160238441,S0002,meesho,HOODIE-YEL-M,2,C01555,2026-09-11T10:09:33.829Z,2183.10,confirmed
016-0703794-2816647,S0001,amazon,TSHIRT-PNK-XL,1,C02463,2026-08-26T16:46:07.691Z,369.00,lost
MSH513805056,S0011,meesho,KURTI-WHT-M,5,C00871,2026-08-14T07:29:04.112Z,3495.00,delivered
OD732164728929,S0035,flipkart,WATCH-YEL-FREE,1,C02594,2026-09-03T03:33:17.297Z,1639.00,delivered
MSH585100801,S0001,meesho,HOODIE-GRN-XL,1,C00885,2026-09-29T23:08:09.843Z,1839.00,cancelled
MSH614631856,S0002,meesho,TSHIRT-WHT-M,3,C01242,2026-08-03T03:19:25.279Z,1251.15,returned
MYN4199304951,S0040,myntra,JEANS-MAR-36,1,C02589,2026-07-21T09:55:35.986Z,1219.00,returned
MYN0681720967,S0043,myntra,HANDBAG-GRN-FREE,1,C00010,2026-08-01T05:06:33.025Z,579.00,cancelled
OD849276671684,S0002,flipkart,HOODIE-MAR-XL,2,C02542,2026-09-05T19:51:36.811Z,1878.00,delivered
MYN1881617889,S0003,myntra,KURTI-BLK-M,2,C01859,2026-07-28T02:22:00.443Z,1558.00,delivered
822-8697806-9349376,S0009,amazon,HANDBAG-BLK-FREE,1,C01557,2026-09-22T09:54:51.058Z,1097.10,confirmed
OD327279228892,S0009,flipkart,HANDBAG-YEL-FREE,1,C00535,2026-09-20T08:13:27.559Z,768.55,delivered
OD662757857759,S0002,flipkart,TSHIRT-PNK-M,2,C01649,2026-07-23T01:34:06.206Z,1222.20,delivered
MYN1746520872,S0003,myntra,KURTI-YEL-L,1,C01618,2026-07-07T13:20:18.419Z,569.00,delivered
MYN9161617901,S0019,myntra,WATCH-YEL-FREE,1,C00527,2026-09-30T04:05:17.703Z,2839.00,delivered
848-1200251-7738279,S0022,amazon,HOODIE-YEL-M,1,C01943,2026-07-15T19:15:45.229Z,1097.10,delivered
OD033252299608,S0002,flipkart,TSHIRT-WHT-M,1,C01090,2026-08-13T01:04:48.500Z,439.00,delivered
OD147613187567,S0002,flipkart,TSHIRT-GRN-M,5,C01653,2026-08-16T07:37:07.492Z,2445.00,cancelled
MYN9156918687,S0003,myntra,SAREE-MAR-FREE,1,C02678,2026-07-14T09:20:25.002Z,1589.00,delivered
953-4867020-0106350,S0045,amazon,WATCH-BLU-FREE,1,C00612,2026-09-25T08:17:02.924Z,909.00,delivered
266-7796316-6755194,S0025,amazon,SNEAKER-BLK-8,1,C02103,2026-07-28T22:26:51.592Z,839.00,returned
MSH051569071,S0005,meesho,SNEAKER-BLK-9,2,C02831,2026-07-20T20:08:59.556Z,2500.20,delivered
MYN1891787731,S0044,myntra,HOODIE-GRN-L,1,C00320,2026-08-27T15:06:06.078Z,1241.10,pending
MSH244292058,S0001,meesho,HOODIE-PNK-M,1,C00167,2026-08-13T02:24:30.259Z,1599.00,delivered
924-6043067-5231941,S0045,amazon,WATCH-PNK-FREE,2,C00973,2026-08-12T05:09:38.267Z,1312.20,shipped
MYN9885009490,S0041,myntra,TSHIRT-YEL-S,1,C00519,2026-08-13T12:37:57.615Z,531.05,delivered
OD314139840765,S0010,flipkart,SAREE-YEL-FREE,4,C02291,2026-09-29T11:22:09.455Z,2796.00,delivered
708-5265593-9501551,S0001,amazon,TSHIRT-WHT-XL,1,C00981,2026-09-17T22:03:53.691Z,479.00,delivered
073-7221791-6608991,S0012,amazon,KURTI-YEL-M,1,C02800,2026-07-19T08:03:40.408Z,749.00,delivered
MSH409291570,S0030,meesho,JEANS-RED-30,1,C01601,2026-07-23T11:09:19.916Z,1759.00,delivered
MSH603813967,S0001,meesho,HOODIE-GRN-XL,1,C00659,2026-08-14T16:24:32.207Z,1839.00,confirmed
MYN5218958228,S0004,myntra,KURTI-YEL-XL,2,C02302,2026-09-12T08:29:46.611Z,1218.00,returned
413-6644821-2899917,S0020,amazon,JEANS-MAR-32,2,C00965,2026-07-09T10:40:02.347Z,2378.00,delivered
OD936636110579,S0002,flipkart,HOODIE-YEL-M,3,C02704,2026-07-30T19:48:46.586Z,3102.30,shipped
561-9037271-7805369,S0001,amazon,HOODIE-PNK-M,1,C01205,2026-07-19T11:48:43.047Z,1599.00,returned
MSH708536046,S0001,meesho,HOODIE-GRN-XL,1,C00492,2026-07-10T10:04:05.075Z,1839.00,delivered
MSH179152660,S0005,meesho,SNEAKER-BLU-8,4,C00212,2026-09-25T15:06:43.147Z,10484.20,delivered
665-9960438-8199327,S0041,amazon,TSHIRT-RED-L,1,C02278,2026-07-28T18:17:08.770Z,529.00,shipped
MYN3171827853,S0003,myntra,SAREE-MAR-FREE,3,C00784,2026-08-22T14:58:46.927Z,4767.00,returned
MSH934960818,S0002,meesho,HOODIE-YEL-M,3,C00632,2026-08-22T20:27:21.124Z,3274.65,delivered
176-5818177-3828507,S0009,amazon,HANDBAG-WHT-FREE,1,C02537,2026-09-27T17:32:14.941Z,1479.00,delivered
OD278230381527,S0024,flipkart,KURTI-RED-XL,5,C00687,2026-08-10T13:38:11.446Z,2740.50,delivered
MSH104529808,S0001,meesho,TSHIRT-WHT-XL,1,C02711,2026-07-07T12:05:18.139Z,431.10,delivered
MYN6024763811,S0041,myntra,TSHIRT-RED-L,1,C00891,2026-08-01T23:16:17.956Z,502.55,confirmed
800-6682708-9902923,S0001,amazon,HOODIE-GRN-XL,1,C01882,2026-07-19T06:23:28.794Z,1839.00,delivered
MSH166666201,S0001,meesho,TSHIRT-WHT-XL,1,C00028,2026-09-30T02:43:46.008Z,431.10,cancelled
258-5427803-7887454,S0037,amazon,JEANS-BLK-36,2,C02504,2026-08-07T22:18:16.411Z,2014.20,delivered
MSH377687688,S0001,meesho,HOODIE-GRN-XL,2,C02396,2026-07-19T18:36:50.441Z,3678.00,shipped
594-3846210-8441410,S0001,amazon,HOODIE-GRN-XL,1,C00176,2026-08-12T03:27:59.843Z,1655.10,confirmed
OD228998489083,S0028,flipkart,JEANS-YEL-34,1,C00036,2026-07-13T12:15:34.866Z,1272.05,delivered
MYN9924601323,S0041,myntra,TSHIRT-RED-L,3,C00417,2026-09-25T23:03:49.906Z,1507.65,delivered
238-1151133-6737880,S0031,amazon,SNEAKER-MAR-8,1,C02114,2026-08-18T07:21:08.010Z,1129.00,confirmed
631-6815166-8197676,S0001,amazon,TSHIRT-GRN-L,1,C00746,2026-07-30T23:47:49.725Z,440.10,cancelled
963-7465174-2222923,S0001,amazon,HOODIE-GRN-XL,2,C02566,2026-08-26T13:27:40.670Z,3310.20,delivered
OD537712894283,S0018,flipkart,JEANS-BLK-36,1,C01815,2026-08-17T09:39:10.136Z,779.00,cancelled
MSH202791695,S0007,meesho,JEANS-YEL-30,4,C00034,2026-09-06T18:50:12.841Z,2436.00,cancelled
784-4435317-5175461,S0012,amazon,KURTI-WHT-L,1,C00310,2026-08-09T08:21:46.401Z,509.00,confirmed
686-7387973-0911271,S0001,amazon,HOODIE-GRN-XL,1,C00630,2026-08-07T13:43:25.665Z,1839.00,delivered
439-1792687-6310894,S0001,amazon,TSHIRT-WHT-XL,2,C01804,2026-07-09T22:21:48.319Z,958.00,confirmed
MSH261714907,S0001,meesho,HOODIE-PNK-M,1,C02017,2026-10-01T01:11:58.227Z,1599.00,delivered
330-0340007-9559904,S0009,amazon,HANDBAG-PNK-FREE,3,C01834,2026-09-17T18:19:44.499Z,2886.30,delivered
MYN6418387916,S0014,myntra,KURTI-RED-M,1,C00725,2026-09-19T00:00:27.730Z,749.00,confirmed
MSH262767542,S0001,meesho,HOODIE-GRN-XL,1,C02694,2026-07-08T16:11:12.794Z,1839.00,shipped
862-2536162-4551267,S0041,amazon,TSHIRT-YEL-S,1,C02293,2026-09-20T13:27:57.892Z,531.05,delivered
MYN2131754619,S0029,myntra,SNEAKER-BLK-8,3,C00041,2026-07-28T03:06:51.123Z,5817.00,delivered
182-6419314-5308126,S0022,amazon,HOODIE-YEL-M,1,C01193,2026-09-20T15:46:31.181Z,1219.00,delivered
259-9339521-9191677,S0001,amazon,TSHIRT-PNK-XL,3,C02276,2026-07-09T06:41:24.728Z,1107.00,delivered
407-0034240-7966990,S0001,amazon,TSHIRT-GRN-L,2,C02811,2026-09-01T15:49:23.151Z,978.00,delivered
MSH709377920,S0026,meesho,WATCH-MAR-FREE,1,C00117,2026-08-27T20:51:24.514Z,2669.00,pending
MSH624428478,S0027,meesho,SAREE-WHT-FREE,2,C02084,2026-07-18T09:26:42.329Z,3658.00,cancelled
157-2019722-9416534,S0001,amazon,HOODIE-GRN-XL,2,C02283,2026-07-24T19:35:47.995Z,3310.20,cancelled
MYN7900929395,S0019,myntra,WATCH-BLK-FREE,3,C01482,2026-08-05T09:46:51.072Z,4186.65,delivered
MSH071973320,S0002,meesho,HOODIE-YEL-M,1,C00477,2026-09-08T06:31:22.953Z,1091.55,cancelled
MSH621710757,S0007,meesho,HOODIE-YEL-M,3,C00233,2026-10-01T01:00:15.233Z,2157.00,confirmed
MYN6654470875,S0004,myntra,KURTI-YEL-S,3,C02363,2026-08-14T00:54:05.913Z,927.00,delivered
MYN0163005811,S0023,myntra,SAREE-BLU-FREE,4,C01704,2026-09-08T04:52:01.425Z,9420.20,pending
OD087252761122,S0002,flipkart,HOODIE-YEL-M,5,C00128,2026-08-12T11:27:48.013Z,5745.00,returned
MSH914094475,S0002,meesho,HOODIE-YEL-M,2,C00884,2026-07-14T21:01:54.413Z,2298.00,returned
277-7078935-9146657,S0022,amazon,HOODIE-PNK-XL,1,C02116,2026-09-08T23:01:14.275Z,1049.00,shipped
MYN2551329529,S0003,myntra,KURTI-YEL-M,1,C00825,2026-08-24T13:09:47.735Z,329.00,delivered
OD345371360972,S0002,flipkart,HOODIE-YEL-M,2,C02051,2026-09-20T21:16:13.081Z,2298.00,confirmed
OD054695169086,S0009,flipkart,HANDBAG-YEL-FREE,1,C00348,2026-08-17T11:21:58.730Z,728.10,returned
OD390770687938,S0003,flipkart,SAREE-RED-FREE,3,C00643,2026-08-22T20:38:02.367Z,3237.00,shipped
MSH467989179,S0002,meesho,HOODIE-YEL-M,2,C01608,2026-07-19T20:55:58.067Z,2183.10,confirmed
MSH376396456,S0005,meesho,SNEAKER-MAR-7,1,C00224,2026-07-11T22:19:36.003Z,2399.00,confirmed
MYN0699317924,S0038,myntra,SNEAKER-PNK-8,1,C02452,2026-07-20T05:24:15.050Z,1319.00,delivered
313-5519798-5609313,S0001,amazon,TSHIRT-GRN-L,1,C00969,2026-09-28T14:48:03.330Z,489.00,delivered
MYN8797483891,S0048,myntra,HOODIE-RED-XL,1,C01463,2026-08-06T06:43:16.655Z,836.10,delivered
OD057834356699,S0044,flipkart,HOODIE-YEL-XL,5,C02992,2026-09-26T20:04:17.944Z,9162.75,delivered
OD852569842225,S0002,flipkart,TSHIRT-RED-L,5,C02853,2026-09-29T04:26:57.389Z,2395.00,pending
OD843250732744,S0009,flipkart,HANDBAG-GRN-FREE,1,C01768,2026-07-22T00:58:34.877Z,502.55,delivered
MSH084224489,S0036,meesho,HOODIE-GRN-XL,1,C02123,2026-07-06T00:05:07.553Z,1879.00,delivered
OD712974261329,S0003,flipkart,SAREE-MAR-FREE,3,C00231,2026-08-31T22:00:41.982Z,4528.65,pending
383-3929958-2991943,S0001,amazon,TSHIRT-PNK-XL,1,C00486,2026-09-12T11:41:54.198Z,369.00,delivered
MSH984141071,S0001,meesho,HOODIE-PNK-M,1,C01635,2026-08-24T10:54:37.759Z,1599.00,delivered
220-1846249-9521134,S0004,amazon,KURTI-YEL-S,1,C02566,2026-07-09T21:35:02.905Z,278.10,delivered
885-6958808-2358543,S0001,amazon,TSHIRT-PNK-XL,1,C02255,2026-08-20T00:30:35.499Z,369.00,delivered
708-7397072-2950354,S0022,amazon,HOODIE-BLU-M,1,C00479,2026-08-19T04:14:45.295Z,1281.55,delivered
OD205655099886,S0002,flipkart,HOODIE-YEL-M,2,C02716,2026-08-10T14:00:26.081Z,2298.00,delivered
MYN1291843934,S0006,myntra,SNEAKER-WHT-8,1,C02640,2026-10-01T04:54:40.846Z,1449.00,delivered
MSH431857072,S0002,meesho,HOODIE-BLK-L,2,C01700,2026-07-06T02:35:56.629Z,2038.00,cancelled
MSH513808931,S0002,meesho,HOODIE-YEL-M,1,C01463,2026-07-19T02:00:03.424Z,1091.55,shipped
MYN9823789022,S0008,myntra,JEANS-YEL-32,2,C01968,2026-07-10T12:47:50.878Z,3598.00,delivered
OD708479262505,S0002,flipkart,HOODIE-YEL-M,1,C02109,2026-09-27T20:57:03.322Z,1034.10,pending
OD405678738591,S0024,flipkart,JEANS-RED-36,1,C01871,2026-08-04T03:53:23.773Z,799.00,delivered
416-7416486-6714781,S0022,amazon,HOODIE-BLK-XL,1,C01545,2026-08-12T13:09:53.228Z,1339.00,delivered
838-5387353-9275981,S0001,amazon,HOODIE-GRN-XL,1,C01969,2026-07-11T22:15:26.318Z,1839.00,delivered
013-0030395-4466860,S0001,amazon,TSHIRT-GRN-L,1,C00019,2026-08-20T06:41:49.115Z,489.00,delivered
553-9409300-2548149,S0048,amazon,HOODIE-YEL-XL,1,C02397,2026-08-31T01:10:58.329Z,1661.55,cancelled
MYN3581589750,S0047,myntra,KURTI-BLK-L,5,C01764,2026-07-27T11:15:11.192Z,1645.00,delivered
OD629335352451,S0033,flipkart,TSHIRT-BLK-S,1,C02818,2026-08-06T19:00:20.954Z,669.00,delivered
MSH972404781,S0005,meesho,SNEAKER-BLU-8,5,C00057,2026-08-12T03:24:03.610Z,13795.00,cancelled
MYN7584199016,S0049,myntra,SNEAKER-YEL-10,1,C00184,2026-08-10T23:13:16.602Z,2579.00,delivered
OD081939829313,S0002,flipkart,HOODIE-BLK-L,2,C00041,2026-09-24T03:27:24.053Z,2038.00,pending
MYN6029365531,S0049,myntra,SNEAKER-YEL-10,2,C01821,2026-09-28T03:50:29.260Z,5158.00,confirmed
MSH820470447,S0001,meesho,HOODIE-GRN-XL,1,C00903,2026-09-24T21:15:35.004Z,1839.00,delivered
971-6832524-2445902,S0001,amazon,TSHIRT-PNK-XL,1,C00374,2026-09-14T21:32:58.192Z,350.55,delivered
MSH495946421,S0009,meesho,HANDBAG-RED-FREE,4,C00356,2026-08-27T18:39:15.115Z,3568.20,delivered
MYN2149540422,S0044,myntra,HOODIE-YEL-XL,1,C02077,2026-09-09T03:24:39.254Z,1736.10,confirmed
594-9535320-4096128,S0046,amazon,HOODIE-BLU-L,1,C00965,2026-09-18T10:35:23.535Z,1405.05,shipped
285-0105379-2285932,S0032,amazon,WATCH-WHT-FREE,2,C01545,2026-07-28T09:07:21.697Z,abc,delivered
573-4898994-3630975,S0001,amazon,TSHIRT-WHT-XL,2,C01981,2026-07-12T09:39:11.389Z,958.00,delivered
MSH569012250,S0007,meesho,HOODIE-PNK-M,2,C02446,2026-09-20T01:00:43.135Z,2392.10,delivered
MYN8919268230,S0041,myntra,TSHIRT-RED-L,1,C00353,2026-07-16T15:19:19.128Z,502.55,returned
480-9607658-4622718,S0001,amazon,HOODIE-GRN-XL,2,C00013,2026-09-19T00:51:50.597Z,3678.00,delivered
825-6337576-2977292,S0009,amazon,HANDBAG-PNK-FREE,4,C00890,2026-08-20T11:03:45.825Z,3848.40,delivered
886-4196429-0412609,S0031,amazon,SNEAKER-RED-8,1,C01693,2026-08-29T12:53:11.682Z,1224.55,pending
OD221380750611,S0002,flipkart,HOODIE-YEL-M,2,C00027,2026-09-12T20:14:02.760Z,2298.00,delivered
201-9585882-4469429,S0037,amazon,JEANS-PNK-36,3,C02904,2026-09-11T19:40:20.656Z,2590.65,confirmed
MSH989188572,S0005,meesho,SNEAKER-MAR-7,2,C00197,2026-09-08T05:24:51.310Z,4798.00,delivered
OD483531105224,S0010,flipkart,SAREE-WHT-FREE,2,C00657,2026-09-06T14:02:37.363Z,3818.00,delivered
MYN1147941721,S0003,myntra,KURTI-WHT-XL,1,C00143,2026-08-16T03:44:56.114Z,404.10,cancelled
OD786863258952,S0036,flipkart,JEANS-WHT-30,2,C00999,2026-07-19T15:11:51.722Z,1458.00,delivered
249-5619651-3048180,S0045,amazon,WATCH-BLK-FREE,2,C00508,2026-07-22T10:18:58.468Z,6638.00,delivered
OD653515132691,S0010,flipkart,SAREE-WHT-FREE,1,C01683,2026-09-25T21:42:03.710Z,1909.00,cancelled
659-9308704-7254511,S0009,amazon,HANDBAG-RED-FREE,2,C01971,2026-08-09T12:06:24.273Z,1878.00,cancelled
MSH253044895,S0001,meesho,HOODIE-GRN-XL,1,C02425,2026-07-13T20:02:29.694Z,-1839.00,shipped
282-4996801-9285963,S0045,amazon,WATCH-BLK-FREE,1,C01302,2026-08-14T10:15:13.453Z,2987.10,delivered
983-1714989-8983137,S0012,amazon,KURTI-BLU-XL,1,C00156,2026-07-15T18:14:05.090Z,773.10,returned
249-6931227-4844530,S0001,amazon,HOODIE-GRN-XL,2,C02906,2026-09-08T22:19:45.416Z,3678.00,cancelled
MSH224469040,S0007,meesho,JEANS-BLU-36,1,C01534,2026-10-01T10:34:10.074Z,1119.00,delivered
OD119957418964,S0003,flipkart,SAREE-MAR-FREE,2,C00266,2026-09-08T14:08:18.540Z,2860.20,delivered
MYN4900285539,S0003,myntra,KURTI-WHT-XL,3,C00131,2026-09-17T02:09:47.500Z,1347.00,delivered
MYN4989375361,S0006,myntra,SNEAKER-BLU-7,2,C00034,2026-09-27T14:49:07.148Z,2658.10,delivered
MSH784440103,S0001,meesho,HOODIE-GRN-XL,3,C02562,2026-08-17T17:05:16.698Z,5241.15,delivered
OD659585297256,S0010,flipkart,HANDBAG-RED-FREE,1,C00999,2026-08-11T23:25:44.842Z,619.00,shipped
MYN4926211786,S0038,myntra,SNEAKER-PNK-8,1,C01808,2026-08-08T08:33:57.841Z,1187.10,delivered
MYN6736230244,S0033,myntra,TSHIRT-MAR-M,4,C01604,2026-07-24T20:34:16.542Z,2556.00,delivered
883-8582791-3514368,S0004,amazon,KURTI-BLU-S,1,C01422,2026-08-24T22:13:29.864Z,746.10,pending
599-1373014-4235142,S0023,amazon,SAREE-RED-FREE,1,C02941,2026-07-21T01:44:00.859Z,1129.00,delivered
090-4500266-6944788,S0009,amazon,HANDBAG-BLK-FREE,1,C02215,2026-09-17T01:24:10.220Z,1219.00,delivered
OD093961298751,S0018,flipkart,JEANS-MAR-36,1,C00548,2026-07-07T22:44:03.965Z,1149.00,cancelled
017-2257341-8634068,S0001,amazon,HOODIE-GRN-XL,1,C00431,2026-09-25T23:10:18.358Z,1655.10,delivered
372-4521202-5883825,S0001,amazon,TSHIRT-WHT-XL,2,C02020,2026-08-12T09:14:13.521Z,862.20,delivered
MYN3405451622,S0019,myntra,WATCH-PNK-FREE,5,C01280,2026-08-12T07:08:37.681Z,14890.50,delivered
OD533761843206,S0010,flipkart,SAREE-YEL-FREE,4,C01135,2026-08-06T20:11:18.177Z,2796.00,delivered
MYN8496275014,S0008,myntra,JEANS-PNK-30,3,C01499,2026-08-31T03:11:08.980Z,3360.15,delivered
MSH634354135,S0001,meesho,TSHIRT-WHT-XL,1,C01302,2026-07-10T11:23:34.812Z,455.05,delivered
531-5525459-1582012,S0001,amazon,TSHIRT-WHT-XL,2,C01025,2026-08-10T00:22:53.593Z,958.00,pending
MYN5548884900,S0033,myntra,SAREE-BLU-FREE,2,C02077,2026-09-18T04:13:32.504Z,3190.10,delivered
OD323832485632,S0025,flipkart,SNEAKER-BLK-8,5,C02428,2026-08-17T18:36:43.915Z,3775.50,delivered
888-1491977-7420874,S0001,amazon,TSHIRT-GRN-L,1,C01180,2026-07-06T09:35:27.042Z,489.00,shipped
OD874061533385,S0003,flipkart,KURTI-WHT-XL,1,C00664,2026-08-09T02:13:38.921Z,426.55,delivered
OD127492124870,S0026,flipkart,HANDBAG-GRN-FREE,1,C01926,2026-07-26T00:38:06.972Z,458.10,cancelled
OD047432120191,S0002,flipkart,HOODIE-YEL-M,1,C02755,2026-07-06T11:25:04.133Z,1149.00,delivered
MSH693994552,S0021,meesho,SNEAKER-YEL-8,1,C00150,2026-07-30T23:07:51.768Z,909.00,delivered
356-7872188-4782193,S0001,amazon,TSHIRT-PNK-XL,3,C01639,2026-09-19T03:15:47.398Z,1107.00,delivered
872-0673183-4982787,S0001,amazon,HOODIE-GRN-XL,2,C02687,2026-09-29T17:58:38.396Z,3678.00,delivered
MYN8522700866,S0003,myntra,KURTI-BLK-L,2,C01741,2026-08-25T06:25:13.735Z,1384.20,returned
MSH484549210,S0001,meesho,HOODIE-GRN-XL,2,C02139,2026-07-14T09:16:43.320Z,3678.00,cancelled
MYN9117006368,S0014,myntra,KURTI-RED-M,1,C02796,2026-07-22T10:49:04.607Z,749.00,confirmed
OD226330892971,S0010,flipkart,HANDBAG-WHT-FREE,1,C00193,2026-08-29T06:41:34.834Z,656.10,delivered
405-3684536-3810694,S0001,amazon,TSHIRT-PNK-XL,1,C02905,2026-09-07T10:22:15.231Z,369.00,delivered
MSH251988195,S0001,meesho,TSHIRT-PNK-XL,1,C00804,2026-08-07T04:08:37.793Z,369.00,delivered
MYN9135251742,S0035,myntra,TSHIRT-PNK-S,2,C02188,2026-07-25T01:08:26.610Z,718.00,delivered
MSH810605482,S0002,meesho,HOODIE-MAR-L,1,C00200,2026-07-23T12:34:37.177Z,1019.00,delivered
OD889984039594,S0048,flipkart,HOODIE-BLK-L,1,C00019,2026-08-11T08:20:52.071Z,1289.00,delivered
MYN9473264280,S0035,myntra,TSHIRT-GRN-L,4,C02826,2026-07-29T13:18:38.152Z,1916.00,returned
MYN6144728436,S0003,myntra,SAREE-MAR-FREE,5,C01085,2026-07-29T00:26:22.969Z,7150.50,delivered
OD497270950770,S0010,flipkart,SAREE-YEL-FREE,1,C02409,2026-07-20T18:29:10.406Z,629.10,delivered
MSH943597865,S0007,meesho,HOODIE-YEL-M,1,C01773,2026-09-04T00:14:39.774Z,647.10,confirmed
MSH493285257,S0001,meesho,TSHIRT-WHT-XL,1,C02629,2026-09-18T20:03:35.877Z,479.00,delivered
OD199581048672,S0002,flipkart,TSHIRT-PNK-XL,1,C00176,2026-08-25T11:47:31.858Z,259.00,delivered
MSH909119411,S0002,meesho,TSHIRT-PNK-M,1,C01945,2026-07-31T08:17:19.467Z,611.10,delivered
MSH222214643,S0005,meesho,SNEAKER-BLK-7,1,C00990,2026-07-11T06:22:57.166Z,2279.00,delivered
523-7725034-3121784,S0004,amazon,KURTI-YEL-XL,2,C02650,2026-07-21T18:46:32.864Z,1218.00,delivered
445-9117643-9884240,S0008,amazon,JEANS-BLU-34,1,C00557,2026-09-14T04:38:56.858Z,1499.00,delivered
843-6472521-8321945,S0041,amazon,KURTI-WHT-L,3,C00973,2026-07-29T03:18:35.677Z,1764.15,delivered
784-9134756-2008800,S0008,amazon,JEANS-YEL-32,2,C02531,2026-08-22T05:39:24.991Z,3238.20,delivered
OD408754354312,S0010,flipkart,SAREE-GRN-FREE,1,C01581,2026-09-08T14:50:51.157Z,1395.55,delivered
MSH592272482,S0007,meesho,HOODIE-BLU-L,1,C00099,2026-08-31T07:17:13.372Z,881.10,delivered
OD092705557087,S0002,flipkart,HOODIE-YEL-M,2,C02102,2026-09-11T11:14:20.790Z,2298.00,cancelled
MYN7618538693,S0004,myntra,KURTI-BLU-S,1,C00992,2026-08-16T16:17:20.719Z,829.00,delivered
OD161156758266,S0003,flipkart,SAREE-RED-FREE,1,C03000,2026-09-06T22:15:36.319Z,1079.00,pending
MSH457532645,S0007,meesho,HOODIE-YEL-M,1,C01354,2026-07-29T06:36:39.370Z,719.00,delivered
MSH958352093,S0002,meesho,HOODIE-BLK-L,2,C01398,2026-09-17T10:37:14.424Z,2038.00,pending
287-3365826-8342716,S0041,amazon,TSHIRT-RED-L,1,C02950,2026-08-31T19:41:12.625Z,529.00,delivered
OD111907266674,S0003,flipkart,KURTI-MAR-XL,1,C02739,2026-07-18T07:15:42.459Z,559.55,delivered
278-8811952-4462918,S0033,amazon,TSHIRT-RED-S,4,C00958,2026-07-21T11:10:28.853Z,1116.00,shipped
MSH781847171,S0005,meesho,SNEAKER-BLU-8,1,C00053,2026-07-23T11:51:59.090Z,2759.00,returned
MYN5724784339,S0043,myntra,HANDBAG-RED-FREE,1,C00130,2026-07-21T03:36:12.406Z,1239.00,pending
MSH962306208,S0002,meesho,TSHIRT-WHT-M,4,C00093,2026-07-09T00:21:28.848Z,1756.00,delivered
MSH384465691,S0001,meesho,HOODIE-GRN-XL,2,C00789,2026-09-30T13:25:08.005Z,3678.00,delivered
240-9297598-7447607,S0001,amazon,TSHIRT-GRN-L,1,C02191,2026-09-19T01:59:23.098Z,464.55,delivered
505-5893343-5063569,S0012,amazon,KURTI-YEL-M,1,C00267,2026-07-30T01:10:21.635Z,749.00,delivered
MYN9817674455,S0019,myntra,WATCH-BLK-FREE,2,C02542,2026-08-15T06:51:27.007Z,2938.00,cancelled
MYN7958493680,S0003,myntra,KURTI-WHT-XL,2,C00757,2026-08-31T21:34:34.857Z,853.10,confirmed
774-7081267-0325437,S0011,amazon,KURTI-BLU-XL,1,C01555,2026-09-04T14:42:08.614Z,599.00,delivered
OD455802523738,S0002,flipkart,TSHIRT-PNK-M,2,C02543,2026-08-17T07:39:38.210Z,1358.00,delivered
MSH289771073,S0001,meesho,HOODIE-GRN-XL,3,C01601,2026-09-20T06:02:13.341Z,5517.00,delivered
OD258110695601,S0009,flipkart,HANDBAG-WHT-FREE,4,C00008,2026-09-04T17:07:23.161Z,5916.00,delivered
OD841861267494,S0003,flipkart,SAREE-RED-FREE,2,C01678,2026-09-11T17:05:11.336Z,2158.00,delivered
MYN2301203488,S0006,myntra,SNEAKER-YEL-10,1,C02282,2026-08-29T17:02:11.293Z,2359.00,delivered
OD583212246845,S0025,flipkart,SNEAKER-PNK-8,1,C01883,2026-09-30T10:02:29.263Z,1229.00,delivered
393-6784709-9028541,S0004,amazon,KURTI-YEL-S,1,C01559,2026-08-27T20:35:57.150Z,293.55,pending
MYN6344610037,S0023,myntra,SAREE-BLU-FREE,4,C02466,2026-09-15T19:36:30.734Z,8924.40,delivered
394-3795874-5546364,S0001,amazon,HOODIE-GRN-XL,2,C00661,2026-09-10T12:21:42.284Z,3678.00,delivered
MYN7009027291,S0019,myntra,WATCH-PNK-FREE,2,C02000,2026-07-18T05:46:50.515Z,6287.10,pending
OD168849169796,S0015,flipkart,SAREE-GRN-FREE,1,C02383,2026-08-16T18:32:27.500Z,2299.00,cancelled
MYN4893452141,S0041,myntra,KURTI-WHT-L,1,C01213,2026-08-04T11:44:53.795Z,619.00,cancelled
OD850752097049,S0010,flipkart,SAREE-MAR-FREE,2,C02667,2026-07-07T14:22:27.406Z,2240.10,confirmed
MYN7001586576,S0047,myntra,WATCH-WHT-FREE,1,C00982,2026-09-02T07:48:43.361Z,1322.10,confirmed
472-1366782-6765501,S0001,amazon,HOODIE-GRN-XL,1,C01064,2026-07-21T00:04:02.744Z,1747.05,delivered
MSH372705659,S0007,meesho,HOODIE-YEL-M,3,C00156,2026-07-21T04:51:38.920Z,1941.30,delivered
OD976404248442,S0026,flipkart,WATCH-PNK-FREE,2,C02045,2026-08-29T06:25:01.028Z,2318.00,delivered
MYN0679691579,S0040,myntra,JEANS-PNK-32,1,C01669,2026-08-07T08:20:45.371Z,616.55,delivered
694-3674630-8667279,S0044,amazon,HOODIE-WHT-M,1,C00353,2026-10-01T03:43:12.850Z,1250.10,cancelled
441-7092731-4853647,S0001,amazon,HOODIE-GRN-XL,1,C02740,2026-09-09T02:33:08.610Z,1839.00,cancelled
OD920227668161,S0050,flipkart,WATCH-WHT-FREE,1,C02443,2026-07-24T17:33:51.078Z,3409.00,delivered
OD019480123609,S0010,flipkart,SAREE-PNK-FREE,2,C02691,2026-08-04T03:48:03.844Z,3738.00,delivered
OD826708364053,S0002,flipkart,HOODIE-YEL-M,2,C00653,2026-08-16T09:40:10.658Z,2068.20,cancelled
MSH310162455,S0007,meesho,HOODIE-YEL-M,1,C01035,2026-08-13T07:26:01.201Z,647.10,shipped
OD909328108827,S0002,flipkart,HOODIE-BLU-M,1,C00738,2026-07-29T00:19:11.062Z,1736.10,delivered
OD105605457738,S0002,flipkart,HOODIE-BLK-L,2,C02070,2026-07-13T15:17:06.855Z,1834.20,delivered
OD152231113736,S0003,flipkart,SAREE-MAR-FREE,2,C01831,2026-08-13T08:32:07.596Z,2860.20,delivered
OD259120333833,S0010,flipkart,SAREE-PNK-FREE,1,C01194,2026-08-25T14:09:16.325Z,1869.00,returned
459-0050449-0363229,S0033,amazon,TSHIRT-RED-M,1,C00136,2026-07-29T01:24:44.510Z,669.00,delivered
OD247394751034,S0010,flipkart,HANDBAG-RED-FREE,3,C02597,2026-09-18T21:39:19.886Z,1764.15,returned
483-3314678-8509762,S0001,amazon,HOODIE-GRN-XL,1,C00073,2026-08-29T11:13:54.201Z,1839.00,returned
534-3437961-0713383,S0028,amazon,JEANS-PNK-32,2,C00066,2026-08-18T11:16:52.149Z,2356.20,delivered
MSH533703333,S0027,meesho,SAREE-YEL-FREE,1,C01299,2026-07-06T00:13:44.659Z,1399.00,delivered
MSH949440368,S0039,meesho,SAREE-YEL-FREE,4,C01653,2026-08-16T09:15:32.812Z,5316.00,delivered
OD937957744732,S0015,flipkart,SAREE-PNK-FREE,1,C00776,2026-08-06T06:54:30.274Z,799.00,delivered
OD044793276383,S0010,flipkart,SAREE-WHT-FREE,1,C02414,2026-07-08T11:44:46.299Z,1909.00,cancelled
MYN3962366745,S0003,myntra,SAREE-MAR-FREE,2,C01747,2026-09-14T01:12:39.324Z,3178.00,shipped
MYN2826487953,S0038,myntra,SNEAKER-RED-10,1,C00005,2026-07-13T11:49:27.003Z,2029.00,delivered
MSH954771740,S0036,meesho,JEANS-WHT-30,3,C01657,2026-07-07T16:20:11.882Z,1968.30,confirmed
OD638014539970,S0036,flipkart,JEANS-PNK-36,1,C02720,2026-09-19T08:06:42.920Z,1489.00,delivered
453-0328059-5032384,S0028,amazon,JEANS-GRN-30,1,C01057,2026-07-18T14:07:05.512Z,759.00,delivered
OD619028038023,S0002,flipkart,HOODIE-MAR-L,1,C01166,2026-08-06T22:14:49.220Z,917.10,delivered
MYN7235875455,S0006,myntra,SNEAKER-BLU-7,2,C02245,2026-07-24T00:56:30.770Z,2798.00,cancelled
142-0536316-0179421,S0008,amazon,WATCH-YEL-FREE,3,C02358,2026-08-30T12:50:08.757Z,2427.00,cancelled
OD337270399472,S0008,flipkart,JEANS-YEL-32,1,C00990,2026-08-09T16:22:22.759Z,1799.00,delivered
MYN6771587524,S0039,myntra,HANDBAG-BLK-FREE,2,C01849,2026-07-19T14:46:21.584Z,1537.10,delivered
082-9765497-7379782,S0001,amazon,HOODIE-PNK-M,1,C01443,2026-09-22T16:27:42.271Z,1519.05,delivered
MYN5931253366,S0006,myntra,SNEAKER-YEL-9,1,C01935,2026-09-19T04:32:17.869Z,1449.00,delivered
762-5853305-0958532,S0001,amazon,HOODIE-GRN-XL,1,C01632,2026-07-29T02:51:12.320Z,1839.00,delivered
MYN7869548663,S0023,myntra,SAREE-BLK-FREE,1,C02355,2026-08-23T21:07:53.365Z,1556.10,delivered
OD468987499260,S0018,flipkart,JEANS-YEL-34,2,C02716,2026-09-29T07:26:36.813Z,3258.00,cancelled
749-5365466-9002531,S0001,amazon,TSHIRT-WHT-XL,5,C00750,2026-08-25T12:33:28.664Z,2395.00,returned
OD655972693511,S0042,flipkart,WATCH-BLU-FREE,1,C00649,2026-08-23T02:59:57.139Z,1789.00,pending
MYN6539575832,S0035,myntra,TSHIRT-PNK-S,1,C00937,2026-08-20T05:10:36.317Z,341.05,pending
628-4250923-1306083,S0035,amazon,TSHIRT-GRN-L,1,C00561,2026-07-25T11:22:28.934Z,479.00,pending
MSH920884273,S0001,meesho,HOODIE-GRN-XL,1.5,C00714,2026-09-07T11:01:22.406Z,7356.00,cancelled
OD812388533841,S0003,flipkart,KURTI-PNK-XL,1,C02148,2026-09-18T02:55:34.403Z,749.55,delivered
940-1860818-7308607,S0009,amazon,HANDBAG-MAR-FREE,2,C01443,2026-10-01T01:49:53.090Z,1478.00,delivered
OD794775999725,S0002,flipkart,HOODIE-YEL-M,5,C01389,2026-09-24T15:52:10.918Z,5745.00,delivered
OD626990432547,S0003,flipkart,SAREE-MAR-FREE,3,C00340,2026-08-23T00:43:25.560Z,4767.00,cancelled
MSH547859958,S0005,meesho,SNEAKER-WHT-10,1,C00265,2026-08-06T16:13:35.120Z,2839.55,delivered
MSH978609636,S0036,meesho,JEANS-PNK-36,5,C01845,2026-07-09T19:33:16.938Z,7445.00,delivered
053-1267056-6049390,S0009,amazon,HANDBAG-PNK-FREE,2,C01423,2026-07-08T09:16:19.959Z,2138.00,delivered
MYN0257338602,S0008,myntra,WATCH-YEL-FREE,5,C02063,2026-10-03T10:27:10.130Z,4045.00,delivered
MYN0407616895,S0003,myntra,SAREE-MAR-FREE,1,C02561,2026-07-21T01:27:12.428Z,1430.10,delivered
OD714854594235,S0044,flipkart,HOODIE-WHT-M,4,C00856,2026-09-22T13:03:24.333Z,5278.20,cancelled
988-2499768-9783042,S0009,amazon,HANDBAG-RED-FREE,1,C00481,2026-09-16T13:13:57.377Z,845.10,pending
MSH928380175,S0009,meesho,HANDBAG-RED-FREE,1,C02086,2026-08-08T17:23:25.699Z,939.00,returned
OD137400936196,S0002,flipkart,HOODIE-YEL-M,1,C02846,2026-09-08T05:42:28.974Z,1149.00,delivered
MYN4975824311,S0019,myntra,WATCH-BLK-FREE,1,C01963,2026-08-21T02:38:34.306Z,1469.00,delivered
OD175645166937,S0003,flipkart,SAREE-MAR-FREE,1,C01321,2026-08-05T03:28:09.455Z,1589.00,delivered
973-1907568-6644015,S0022,amazon,HOODIE-PNK-XL,5,C01203,2026-09-25T18:18:19.197Z,5245.00,delivered
347-6139630-0613442,S0045,amazon,WATCH-BLK-FREE,1,C01922,2026-09-14T19:43:48.825Z,3319.00,delivered
MSH367916520,S0001,meesho,TSHIRT-PNK-XL,1,C01758,2026-08-09T09:27:02.636Z,350.55,delivered
MYN0320426560,S0003,myntra,SAREE-MAR-FREE,1,C02826,2026-09-02T23:44:47.471Z,1589.00,delivered
407-8148251-8650208,S0045,amazon,WATCH-MAR-FREE,5,C00759,2026-08-12T20:35:38.733Z,5935.50,returned
678-5466214-4716172,S0009,amazon,HANDBAG-BLK-FREE,1,C01664,2026-08-31T22:51:22.014Z,1219.00,delivered
711-7900537-9077220,S0050,amazon,WATCH-GRN-FREE,1,C01434,2026-07-16T16:02:58.831Z,476.10,delivered
OD493869971106,S0003,flipkart,KURTI-YEL-L,3,C00385,2026-09-05T19:35:38.745Z,1536.30,delivered
MSH688124789,S0009,meesho,HANDBAG-PNK-FREE,1,C01937,2026-08-28T17:24:33.379Z,1015.55,confirmed
OD452836891389,S0002,flipkart,HOODIE-YEL-M,1,C01754,2026-09-12T09:55:10.118Z,1149.00,shipped
MSH770947043,S0001,meesho,HOODIE-PNK-M,2,C00469,2026-09-01T02:10:16.835Z,3198.00,delivered
782-4334097-1741293,S0027,amazon,SAREE-YEL-FREE,1,C00412,2026-08-26T08:53:19.664Z,1259.10,delivered
OD389072947459,S0003,flipkart,KURTI-BLK-L,1,C02884,2026-09-09T23:27:40.781Z,730.55,delivered
MSH342054199,S0002,meesho,TSHIRT-PNK-XL,2,C00728,2026-09-24T07:02:00.772Z,466.20,cancelled
MYN3243651543,S0003,myntra,KURTI-YEL-M,1,C01014,2026-09-18T21:57:26.643Z,329.00,delivered
MSH623180090,S0026,meesho,WATCH-MAR-FREE,1,C02176,2026-07-28T05:13:12.500Z,2669.00,delivered
MYN7788676989,S0029,myntra,SNEAKER-PNK-7,1,C02170,2026-09-13T12:18:19.508Z,2539.00,delivered
MYN9463538677,S0035,myntra,TSHIRT-GRN-L,2,C01063,2026-10-02T06:55:33.680Z,958.00,confirmed
MSH253910534,S0027,meesho,SAREE-YEL-FREE,3,C02149,2026-07-10T18:15:29.833Z,4197.00,confirmed
MSH802699865,S0021,meesho,SNEAKER-BLK-8,1,C00667,2026-07-15T06:07:32.068Z,996.55,delivered
MSH975798864,S0002,meesho,HOODIE-YEL-M,1,C02412,2026-08-11T22:40:13.477Z,1091.55,confirmed
OD920890615035,S0015,flipkart,SAREE-PNK-FREE,1,C00396,2026-07-31T19:19:58.595Z,799.00,delivered
342-2418098-7881137,S0048,amazon,HOODIE-GRN-L,1,C00589,2026-08-01T08:28:39.517Z,1299.00,delivered
475-5854221-9903824,S0041,amazon,TSHIRT-RED-L,1,C00916,2026-08-30T04:34:02.783Z,502.55,delivered
074-6837014-4975284,S0009,amazon,HANDBAG-BLK-FREE,1,C01992,2026-07-29T13:17:05.021Z,1219.00,pending
MYN2065402206,S0008,myntra,WATCH-YEL-FREE,1,C02319,2026-07-26T22:35:00.133Z,809.00,delivered
MSH172171828,S0001,meesho,HOODIE-GRN-XL,5,C00715,2026-09-21T06:14:33.220Z,9195.00,returned
OD428260816074,S0025,flipkart,SNEAKER-PNK-7,2,C01519,2026-07-29T13:39:22.078Z,5679.10,delivered
MSH685260720,S0002,meesho,TSHIRT-RED-L,1,C00362,2026-08-22T03:37:35.479Z,479.00,confirmed
205-5873912-5156098,S0008,amazon,WATCH-PNK-FREE,1,C02017,2026-09-23T17:11:44.518Z,3419.00,confirmed
OD166534051189,S0018,flipkart,JEANS-MAR-36,1,C02136,2026-08-17T17:02:20.228Z,1149.00,delivered
OD144273421865,S0021,flipkart,SNEAKER-GRN-10,4,C00094,2026-08-31T21:02:37.547Z,7748.20,delivered
OD348472134370,S0002,flipkart,TSHIRT-WHT-M,2,C00120,2026-09-16T21:52:38.533Z,790.20,delivered
OD305181033436,S0002,flipkart,TSHIRT-RED-L,2,C00948,2026-08-26T02:28:45.605Z,958.00,delivered
MSH599726019,S0036,meesho,JEANS-WHT-30,3,C00849,2026-08-11T06:48:33.167Z,2187.00,returned
MSH275596243,S0001,meesho,HOODIE-PNK-M,1,C02619,2026-07-17T22:09:40.627Z,1519.05,delivered
MYN1583473338,S0049,myntra,SAREE-WHT-FREE,1,C01999,2026-09-09T12:58:07.729Z,1739.00,delivered
OD212235300315,S0003,flipkart,KURTI-YEL-M,1,C01162,2026-07-17T05:09:46.099Z,312.55,confirmed
OD977745241554,S0015,flipkart,SAREE-PNK-FREE,1,C01732,2026-07-18T20:04:39.207Z,759.05,returned
627-7139178-0230017,S0041,amazon,TSHIRT-RED-L,1,C02379,2026-07-22T22:41:58.451Z,502.55,returned
OD621450871551,S0003,flipkart,KURTI-BLK-L,5,C01924,2026-08-30T17:28:17.297Z,3845.00,delivered
MYN9967061955,S0006,myntra,SNEAKER-YEL-10,3,C02897,2026-09-26T12:43:20.733Z,6369.30,delivered
OD039541534934,S0024,flipkart,JEANS-MAR-36,5,C01362,2026-09-10T04:34:48.271Z,4195.00,cancelled
MSH603862820,S0030,meesho,JEANS-PNK-34,1,C02636,2026-07-27T22:08:30.964Z,1019.00,delivered
MYN8053791107,S0029,myntra,SNEAKER-PNK-7,1,C00454,2026-09-07T00:56:06.854Z,2539.00,delivered
MSH759570993,S0026,meesho,HANDBAG-GRN-FREE,2,C00368,2026-08-03T07:44:13.656Z,1018.00,returned
855-9442649-4411260,S0022,amazon,HOODIE-YEL-M,1,C01276,2026-08-24T13:36:34.442Z,1219.00,delivered
MYN8894926729,S0006,myntra,SNEAKER-YEL-9,5,C02590,2026-09-29T01:48:02.876Z,6520.50,delivered
OD947384968281,S0003,flipkart,KURTI-MAR-XL,2,C02054,2026-08-04T08:55:53.692Z,1119.10,returned
MYN2491052608,S0006,myntra,SNEAKER-YEL-7,1,C00258,2026-08-24T19:10:26.543Z,1389.00,cancelled
MYN9717493849,S0037,myntra,JEANS-BLU-30,1,C00082,2026-09-28T07:45:40.959Z,669.00,delivered
MYN5250027451,S0023,myntra,SAREE-GRN-FREE,3,C01000,2026-08-23T20:13:20.979Z,1617.30,returned
OD600513981281,S0028,flipkart,JEANS-RED-34,1,C01247,2026-09-24T16:04:20.828Z,1159.00,delivered
OD461018182227,S0003,flipkart,KURTI-BLK-L,1,C02040,2026-07-12T17:13:40.753Z,769.00,delivered
968-1119469-1106372,S0001,amazon,HOODIE-GRN-XL,2,C02392,2026-08-12T14:10:53.438Z,3310.20,delivered
MYN7729437287,S0019,myntra,WATCH-BLK-FREE,3,C00383,2026-08-08T04:03:14.685Z,4186.65,delivered
MSH619465901,S0007,meesho,HOODIE-PNK-M,1,C00656,2026-08-16T13:03:12.828Z,1133.10,delivered
358-7208877-7299460,S0031,amazon,SNEAKER-MAR-8,1.5,C02822,2026-09-22T15:47:34.759Z,1072.55,cancelled
OD620274206459,S0002,flipkart,HOODIE-YEL-M,1,C01244,2026-08-08T13:14:15.884Z,1149.00,pending
MYN3261409966,S0004,myntra,KURTI-YEL-XL,2,C00141,2026-09-15T23:31:05.751Z,1096.20,delivered
239-3291421-8561199,S0001,amazon,TSHIRT-WHT-XL,1,C02097,2026-07-16T23:31:57.968Z,455.05,delivered
MYN9081713132,S0008,myntra,WATCH-PNK-FREE,1,C01562,2026-09-25T23:40:58.955Z,3248.05,delivered
351-4712475-0710678,S0001,amazon,TSHIRT-WHT-XL,2,C02412,2026-08-31T09:30:48.699Z,958.00,delivered
MYN7828095697,S0041,myntra,TSHIRT-YEL-S,1,C01025,2026-09-02T23:35:01.772Z,559.00,delivered
822-9152277-5437387,S0001,amazon,HOODIE-GRN-XL,1,C02481,2026-09-17T12:40:11.905Z,1839.00,returned
OD538227937061,S0010,flipkart,SAREE-YEL-FREE,2,C02482,2026-09-11T10:04:23.118Z,1398.00,delivered
MSH603944167,S0005,meesho,SNEAKER-BLU-7,3,C02436,2026-08-21T19:56:36.022Z,6666.30,delivered
MYN3286461710,S0003,myntra,SAREE-MAR-FREE,2,C00809,2026-08-02T21:25:50.877Z,3178.00,delivered
MSH062082487,S0007,meesho,JEANS-YEL-30,1,C02310,2026-07-31T23:31:51.465Z,578.55,delivered
MYN6211635365,S0004,myntra,KURTI-MAR-L,2,C01038,2026-07-23T12:48:23.276Z,618.00,delivered
475-5690447-6723722,S0008,amazon,WATCH-PNK-FREE,1,C01559,2026-08-05T08:03:35.357Z,3419.00,pending
MSH811945398,S0001,meesho,TSHIRT-PNK-XL,1,C00207,2026-09-17T04:27:37.061Z,369.00,shipped
OD437503252598,S0024,flipkart,KURTI-BLK-L,1,C00500,2026-07-21T20:26:37.216Z,449.00,delivered
MSH432649507,S0007,meesho,JEANS-YEL-30,1,C01355,2026-09-09T11:14:37.486Z,609.00,delivered
660-0871946-3149133,S0045,amazon,WATCH-BLK-FREE,1,C01706,2026-09-01T04:32:31.120Z,3319.00,delivered
738-2399297-1141803,S0001,amazon,HOODIE-PNK-M,1,C02191,2026-08-12T10:38:58.607Z,1599.00,delivered
MYN0276442589,S0003,myntra,SAREE-MAR-FREE,1,C01297,2026-08-08T16:02:58.821Z,1589.00,shipped
MYN5966921838,S0033,myntra,SAREE-BLU-FREE,1,C02264,2026-09-21T13:32:29.592Z,1679.00,pending
OD616859512467,S0003,flipkart,SAREE-MAR-FREE,1,C00289,2026-07-07T08:29:41.769Z,1589.00,confirmed
MSH556205139,S0001,meesho,HOODIE-GRN-XL,2,C01331,2026-07-10T05:14:44.386Z,3494.10,delivered
MYN3736071769,S0033,myntra,TSHIRT-RED-S,1,C00588,2026-08-24T12:02:48.667Z,279.00,shipped
OD758034424986,S0008,flipkart,JEANS-BLU-34,3,C00298,2026-09-19T11:46:32.892Z,4497.00,shipped
MYN8336144962,S0048,myntra,HOODIE-YEL-M,1,C00013,2026-07-19T18:11:12.322Z,819.00,delivered
611-6554855-2160493,S0012,amazon,KURTI-BLU-XL,2,C00291,2026-09-20T06:22:53.176Z,1718.00,delivered
OD542654187457,S0050,flipkart,WATCH-GRN-FREE,4,C01109,2026-08-23T05:10:00.312Z,2116.00,returned
118-7476295-6779822,S0025,amazon,SNEAKER-RED-9,2,C01712,2026-08-07T10:30:16.031Z,4898.00,delivered
MSH799716386,S0005,meesho,SNEAKER-PNK-9,3,C00472,2026-10-02T23:35:48.523Z,2619.15,returned
MYN5232765153,S0008,myntra,JEANS-YEL-32,1,C01966,2026-09-17T12:50:04.209Z,1799.00,delivered
MYN8895740034,S0014,myntra,KURTI-WHT-XL,1,C00894,2026-07-29T01:26:18.201Z,499.00,cancelled
OD083862806715,S0003,flipkart,SAREE-MAR-FREE,1,C00158,2026-09-19T09:51:47.841Z,1589.00,confirmed
629-1502371-4347322,S0004,amazon,KURTI-MAR-L,1,C01070,2026-09-22T08:58:17.265Z,309.00,confirmed
MSH829868643,S0005,meesho,SNEAKER-BLU-8,2,C02036,2026-09-16T17:32:18.943Z,4966.20,delivered
OD907180009998,S0010,flipkart,SAREE-PNK-FREE,2,C01982,2026-10-01T06:58:25.521Z,3738.00,confirmed
OD497057625056,S0003,flipkart,SAREE-MAR-FREE,2,C00407,2026-07-10T05:29:40.063Z,3178.00,delivered
MSH349436254,S0002,meesho,HOODIE-YEL-M,1,C01142,2026-09-13T21:16:13.778Z,1091.55,pending
OD330673042532,S0002,flipkart,TSHIRT-PNK-XL,3,C00868,2026-09-01T04:50:33.463Z,738.15,delivered
030-6453666-0570449,S0001,amazon,HOODIE-GRN-XL,2,C02633,2026-09-15T11:26:44.306Z,3678.00,delivered
MYN8589453007,S0029,myntra,WATCH-BLK-FREE,1,C01817,2026-09-16T22:53:08.023Z,1279.00,delivered
MYN9268248331,S0033,myntra,SAREE-BLU-FREE,1,C01220,2026-08-20T00:36:25.603Z,1679.00,pending
MSH725158715,S0009,meesho,HANDBAG-YEL-FREE,1,C02295,2026-07-13T08:33:46.124Z,768.55,cancelled
159-1028995-5149461,S0013,amazon,SNEAKER-MAR-8,2,C01116,2026-09-20T13:32:28.268Z,3526.20,delivered
OD300937717629,S0010,flipkart,HANDBAG-RED-FREE,2,C01953,2026-08-09T12:27:17.992Z,1114.20,shipped
OD635999443146,S0036,flipkart,JEANS-WHT-30,3,C02127,2026-09-05T08:03:57.089Z,2187.00,delivered
OD527804325949,S0010,flipkart,SAREE-GRN-FREE,4,C00793,2026-07-11T14:58:21.699Z,5876.00,confirmed
377-2625786-5187043,S0045,amazon,WATCH-MAR-FREE,2,C01508,2026-08-12T03:58:52.721Z,2374.20,delivered
897-3147844-2066859,S0009,amazon,HANDBAG-PNK-FREE,2,C01811,2026-09-25T17:51:27.626Z,2138.00,delivered
OD334868841134,S0009,flipkart,HANDBAG-PNK-FREE,1,C02771,2026-07-11T04:08:24.880Z,1069.00,cancelled
MYN1199012809,S0050,myntra,WATCH-MAR-FREE,2,C00070,2026-07-28T07:41:53.575Z,4298.00,delivered
MSH909255910,S0030,meesho,JEANS-MAR-30,2,C01305,2026-08-13T18:59:34.993Z,1186.20,confirmed
639-5490378-2262718,S0043,amazon,HANDBAG-BLU-FREE,1,C00012,2026-07-06T05:45:34.345Z,1070.10,pending
MSH251022067,S0002,meesho,HOODIE-MAR-L,1,C00709,2026-07-07T04:14:37.887Z,1019.00,delivered
488-7261305-2275307,S0033,amazon,TSHIRT-RED-L,5,C01141,2026-09-19T00:29:30.668Z,2195.00,pending
596-8872348-5712420,S0001,amazon,TSHIRT-PNK-XL,1,C00990,2026-08-08T07:24:34.318Z,332.10,delivered
804-4221100-2576499,S0022,amazon,SNEAKER-WHT-10,4,C02262,2026-09-11T06:14:47.388Z,5476.00,confirmed
634-8352316-4400001,S0040,amazon,JEANS-MAR-30,1,C00839,2026-07-22T08:41:30.403Z,1405.05,delivered
OD122368712703,S0002,flipkart,TSHIRT-RED-S,3,C00885,2026-09-14T22:44:54.691Z,1137.00,pending
OD459077793243,S0048,flipkart,HOODIE-BLK-L,3,C01894,2026-07-20T22:39:13.339Z,3867.00,shipped
MSH392163514,S0001,meesho,HOODIE-PNK-M,2,C00862,2026-09-16T00:10:13.049Z,3198.007,delivered
MSH535782486,S0001,meesho,HOODIE-GRN-XL,1,C02264,2026-09-16T13:56:57.177Z,1839.00,delivered
MSH095113624,S0001,meesho,TSHIRT-WHT-XL,5,C01994,2026-09-07T15:22:15.047Z,2395.00,delivered
OD413182508797,S0010,flipkart,SAREE-WHT-FREE,1,C02978,2026-10-02T10:49:06.661Z,1909.00,delivered
OD271676285224,S0025,flipkart,SNEAKER-YEL-10,1,C01783,2026-08-04T09:21:03.222Z,1595.05,delivered
OD205158763402,S0010,flipkart,SAREE-WHT-FREE,4,C02561,2026-08-30T01:17:11.891Z,7254.20,delivered
MYN7293749422,S0004,myntra,KURTI-MAR-L,2,C02062,2026-09-21T00:57:32.460Z,618.00,delivered
123-3178451-7363169,S0041,amazon,TSHIRT-YEL-S,5,C00344,2026-08-13T00:01:58.141Z,2655.25,cancelled
114-7889322-5910525,S0016,amazon,HANDBAG-WHT-FREE,5,C00672,2026-09-19T22:49:16.482Z,4095.00,delivered
OD927137294082,S0036,flipkart,HOODIE-GRN-XL,1,C01613,2026-07-18T20:23:41.864Z,1691.10,returned
OD457013129566,S0025,flipkart,SNEAKER-BLU-7,1,C01086,2026-09-20T19:21:41.046Z,2389.00,delivered
OD398693787401,S0015,flipkart,SAREE-GRN-FREE,2,C02282,2026-08-04T21:04:27.391Z,4598.00,cancelled
033-0111547-3514479,S0001,amazon,HOODIE-PNK-M,1,C02697,2026-09-11T22:22:49.798Z,1439.10,delivered
MSH114749952,S0001,meesho,HOODIE-GRN-XL,1,C02026,2026-09-22T03:00:52.806Z,1839.00,cancelled
MSH472353753,S0009,meesho,HANDBAG-BLK-FREE,1,C00852,2026-09-20T11:33:21.125Z,1219.00,confirmed
OD866668878564,S0002,flipkart,HOODIE-BLK-L,1,C01532,2026-08-01T11:44:28.089Z,917.10,returned
OD113996371451,S0035,flipkart,WATCH-YEL-FREE,2,C02718,2026-08-27T05:13:25.169Z,2950.20,returned
728-1924323-2119525,S0004,amazon,KURTI-MAR-S,5,C02305,2026-07-29T16:22:39.222Z,1795.00,confirmed
OD414232434384,S0002,flipkart,HOODIE-YEL-M,2,C02674,2026-08-30T05:34:08.003Z,2183.10,shipped
OD113672199954,S0033,flipkart,TSHIRT-RED-S,1,C00903,2026-08-17T19:42:52.466Z,279.00,pending
MSH923915133,S0001,meesho,HOODIE-PNK-M,2,C01431,2026-07-26T23:51:25.817Z,3198.00,delivered
MSH623049088,S0005,meesho,SNEAKER-YEL-8,1,C00561,2026-09-18T01:50:53.633Z,2899.00,delivered
MSH977185666,S0002,meesho,HOODIE-BLK-L,2,C02131,2026-07-24T22:58:33.241Z,1936.10,returned
MYN7634832265,S0006,myntra,SNEAKER-YEL-10,1,C02038,2026-09-25T12:13:53.467Z,2359.00,returned
325-8092060-9535447,S0001,amazon,HOODIE-GRN-XL,1,C01588,2026-07-16T14:58:22.847Z,1839.00,delivered
MYN0414061876,S0019,myntra,WATCH-GRN-FREE,2,C00359,2026-07-19T20:54:01.391Z,4958.007,cancelled
MYN4103382491,S0008,myntra,JEANS-PNK-30,5,C00521,2026-07-19T03:15:41.105Z,5895.00,delivered
637-1112548-1525078,S0001,amazon,TSHIRT-PNK-XL,1,C01464,2026-09-21T08:34:58.835Z,369.00,delivered
MSH057278130,S0040,meesho,JEANS-BLU-30,1,C02618,2026-10-03T00:12:53.510Z,1348.05,returned
774-3702789-0907298,S0023,amazon,SAREE-BLU-FREE,3,C02498,2026-08-12T06:28:58.220Z,7437.00,delivered
MSH465369305,S0016,meesho,HANDBAG-PNK-FREE,3,C02880,2026-08-25T05:36:35.893Z,1647.00,delivered
MSH862350822,S0001,meesho,HOODIE-GRN-XL,3,C00227,2026-09-14T19:07:39.901Z,5517.00,delivered
MSH118750699,S0002,meesho,HOODIE-YEL-M,1,C00902,2026-08-21T20:12:13.572Z,1149.00,delivered
193-6828390-2568515,S0008,amazon,JEANS-YEL-32,1,C01276,2026-08-08T16:28:46.197Z,1799.00,delivered
MYN3071527639,S0041,myntra,TSHIRT-RED-L,1,C02413,2026-08-23T11:56:18.273Z,529.00,delivered
MSH929954224,S0010,meesho,SAREE-WHT-FREE,1,C02696,2026-07-31T07:20:10.393Z,1909.00,delivered
988-4498656-3658011,S0045,amazon,WATCH-RED-FREE,3,C02425,2026-08-14T09:06:34.301Z,4842.15,delivered
MSH373219718,S0001,meesho,TSHIRT-GRN-L,4,C02674,2026-07-21T05:48:08.576Z,1956.00,cancelled
OD576582634978,S0024,flipkart,JEANS-MAR-36,1,C02409,2026-08-24T15:45:54.113Z,797.05,delivered
MSH613322414,S0002,meesho,HOODIE-YEL-M,1,C02480,2026-07-07T23:25:28.657Z,1034.10,delivered
MSH177905677,S0005,meesho,SNEAKER-BLU-8,1,C00871,2026-07-12T13:18:57.100Z,2759.00,confirmed
801-3865125-6605325,S0041,amazon,TSHIRT-RED-L,1,C01090,2026-08-14T18:50:56.829Z,529.00,confirmed
MSH764198087,S0005,meesho,SNEAKER-RED-10,3,C01357,2026-08-19T05:11:35.956Z,5469.15,delivered
OD597845170990,S0024,flipkart,KURTI-PNK-XL,4,C01050,2026-10-03T07:38:36.176Z,1836.00,delivered
OD362194126578,S0015,flipkart,WATCH-PNK-FREE,1,C00717,2026-07-17T06:10:47.153Z,1736.10,pending
MSH141888502,S0011,meesho,KURTI-BLU-XL,1,C00835,2026-07-17T20:07:37.223Z,599.00,returned
MSH289279860,S0007,meesho,JEANS-GRN-34,1,C02829,2026-09-01T06:03:03.587Z,719.00,delivered
660-4558175-4639986,S0009,amazon,HANDBAG-BLK-FREE,2,C01592,2026-09-26T13:25:08.487Z,2438.00,delivered
136-9773530-3915543,S0001,amazon,TSHIRT-WHT-XL,1,C01968,2026-07-05T21:46:32.448Z,479.00,returned
MSH932657234,S0002,meesho,HOODIE-YEL-M,1,C01440,2026-08-14T20:55:19.405Z,1091.55,done
OD255926250824,S0003,flipkart,SAREE-GRN-FREE,2,C01565,2026-09-14T15:44:44.864Z,2770.20,delivered
513-8804978-9246428,S0043,amazon,HANDBAG-GRN-FREE,1,C00684,2026-08-30T19:01:01.406Z,579.00,pending
MYN1492979434,S0043,myntra,HANDBAG-RED-FREE,2,C02709,2026-09-01T01:36:26.271Z,2478.00,shipped
OD585397880650,S0002,flipkart,HOODIE-YEL-M,1,C02463,2026-07-19T19:17:58.214Z,1149.00,delivered
869-3794635-9631634,S0050,amazon,WATCH-WHT-FREE,4,C02295,2026-09-27T20:36:57.301Z,13636.00,delivered
OD868183639554,S0003,flipkart,KURTI-MAR-XL,1,C02818,2026-07-27T15:18:34.247Z,589.00,returned
OD799090585833,S0036,flipkart,HOODIE-GRN-XL,4,C02514,2026-07-15T08:38:22.367Z,6764.40,confirmed
OD277181176421,S0015,flipkart,SAREE-PNK-FREE,3,C01205,2026-07-29T04:59:17.233Z,2277.15,delivered
OD212337890176,S0003,flipkart,SAREE-MAR-FREE,2,C01846,2026-08-08T04:29:41.125Z,3178.00,delivered
646-9138886-8474072,S0016,amazon,HANDBAG-RED-FREE,2,C02328,2026-07-06T12:27:45.015Z,891.10,delivered
OD793543055775,S0002,flipkart,HOODIE-YEL-M,1,C00571,2026-08-20T09:33:23.623Z,1091.55,delivered
OD353472455550,S0002,flipkart,TSHIRT-BLU-XL,1,C02673,2026-09-19T16:04:41.647Z,679.00,delivered
OD988875472020,S0003,flipkart,KURTI-BLK-L,2,C02919,2026-07-20T19:52:55.086Z,1461.10,delivered
OD186609776578,S0024,flipkart,JEANS-BLU-32,1,C02097,2026-08-11T10:38:14.350Z,1124.10,delivered
810-0743944-6570260,S0037,amazon,JEANS-BLU-30,1,C02134,2026-07-08T13:22:30.434Z,669.00,delivered
MSH751142737,S0002,meesho,HOODIE-BLK-L,5,C00306,2026-07-31T22:27:08.101Z,5095.00,delivered
MYN7137694624,S0034,myntra,HANDBAG-YEL-FREE,2,C01545,2026-08-19T03:06:17.559Z,2248.20,shipped
862-1685547-5447667,S0009,amazon,HANDBAG-PNK-FREE,1,C02828,2026-08-12T23:31:42.380Z,1015.55,delivered
MYN7805868731,S0006,myntra,SNEAKER-RED-10,5,C00692,2026-07-31T19:53:42.522Z,14102.75,delivered
MSH605577271,S0007,meesho,HOODIE-WHT-M,1,C00359,2026-09-10T05:51:07.629Z,1089.00,delivered
MSH479381083,S0009,meesho,HANDBAG-PNK-FREE,1,C01202,2026-08-10T19:13:21.538Z,1069.00,delivered
OD116986046602,S0002,flipkart,HOODIE-BLK-L,2,C00168,2026-09-01T11:31:57.022Z,1834.20,returned
OD817681895043,S0003,flipkart,SAREE-MAR-FREE,3,C01944,2026-09-23T09:37:25.223Z,4767.00,delivered
MSH684676747,S0007,meesho,HOODIE-YEL-M,1,C00850,2026-07-09T19:09:26.630Z,647.10,delivered
OD573128822901,S0003,flipkart,KURTI-MAR-M,3,C00351,2026-07-25T00:47:45.223Z,1737.00,confirmed
MYN5187238657,S0014,myntra,KURTI-RED-M,2,C00986,2026-07-31T22:19:54.011Z,1423.10,delivered
OD896558382135,S0010,flipkart,SAREE-WHT-FREE,3,C02036,2026-08-13T10:02:20.545Z,5727.00,returned
MYN0360411899,S0003,myntra,KURTI-BLK-M,1,C02021,2026-07-27T01:38:54.654Z,701.10,delivered
MYN8881254115,S0008,myntra,JEANS-PNK-30,2,C00749,2026-08-03T23:12:21.436Z,2358.00,pending
MSH157728246,S0002,meesho,HOODIE-MAR-L,3,C02773,,3057.00,pending
OD979623657022,S0018,flipkart,JEANS-MAR-36,2,C01856,2026-08-06T05:32:07.189Z,2183.10,cancelled
MYN6780772462,S0029,myntra,SNEAKER-BLK-10,3,C02368,2026-09-19T04:04:16.556Z,4209.30,delivered
OD778984058146,S0038,flipkart,SNEAKER-PNK-8,3,C02619,2026-07-28T17:43:15.026Z,3561.30,delivered
OD875669632482,S0026,flipkart,WATCH-MAR-FREE,5,C01850,2026-08-13T09:28:00.043Z,13345.00,delivered
279-5561852-4615143,S0009,amazon,HANDBAG-PNK-FREE,1,C02379,2026-07-20T20:03:18.907Z,962.10,cancelled
MYN1152791516,S0048,myntra,HOODIE-BLK-L,2,C01124,2026-07-14T06:00:31.940Z,2578.00,cancelled
032-8192174-4109314,S0022,amazon,HOODIE-PNK-XL,1,C00148,2026-08-10T13:37:06.490Z,1049.00,delivered
OD179275297560,S0002,flipkart,HOODIE-YEL-M,2,C02435,2026-08-15T20:57:00.406Z,2183.10,confirmed
OD462719809687,S0002,flipkart,HOODIE-YEL-M,2,C00959,2026-09-04T14:23:50.221Z,2298.00,delivered
996-0953371-3486611,S0048,amazon,HOODIE-GRN-L,1,C00128,2026-08-14T05:38:34.202Z,1299.00,delivered
562-7323170-5040892,S0009,amazon,HANDBAG-PNK-FREE,4,C02974,2026-09-06T06:04:35.459Z,4062.20,confirmed
554-7144867-5173609,S0039,amazon,HANDBAG-BLU-FREE,1,C02441,2026-08-24T00:45:08.242Z,559.55,delivered
MYN0636805458,S0029,myntra,SNEAKER-BLK-8,2,C00034,2026-09-28T09:07:25.902Z,3490.20,cancelled
OD503437580135,S0036,flipkart,JEANS-YEL-36,1,C02295,2026-09-26T09:25:05.491Z,692.10,returned
MYN3383816568,S0003,myntra,KURTI-BLK-L,1,C02241,2026-07-18T04:48:08.953Z,769.00,delivered
MYN4420811793,S0014,myntra,KURTI-WHT-XL,1,C02137,2026-07-21T23:20:29.362Z,474.05,delivered
MSH274800297,S0005,meesho,SNEAKER-RED-10,3,C02683,2026-09-10T05:54:32.389Z,5757.00,delivered
MYN9758896082,S0006,myntra,SNEAKER-YEL-10,3,C01961,2026-09-20T04:53:44.221Z,7077.00,shipped
MSH193493447,S0001,meesho,TSHIRT-PNK-XL,1,C00411,2026-09-17T01:59:47.465Z,369.00,cancelled
OD347130056509,S0002,flipkart,HOODIE-MAR-XL,3,C02058,2026-07-13T02:51:40.056Z,2817.00,confirmed
OD620207550883,S0010,flipkart,SAREE-WHT-FREE,3,C02554,2026-09-20T09:49:24.675Z,5727.00,returned
120-2958135-3040478,S0032,amazon,WATCH-BLU-FREE,1,C02235,2026-08-12T16:50:08.660Z,2109.00,delivered
MYN0806746448,S0047,myntra,KURTI-BLK-L,1,C02220,2026-09-30T22:41:11.443Z,329.00,delivered
477-2176180-3550565,S0031,amazon,SNEAKER-GRN-9,1,C00164,2026-08-28T00:53:41.523Z,939.00,confirmed
562-9547720-2894069,S0001,amazon,TSHIRT-PNK-XL,2,C00613,2026-07-10T07:52:54.157Z,664.20,delivered
MYN6023837813,S0016,myntra,HANDBAG-PNK-FREE,3,C01373,2026-07-25T08:54:37.057Z,1647.00,delivered
MSH805795153,S0005,meesho,SNEAKER-GRN-7,2,C01348,2026-08-05T16:07:55.735Z,4658.00,returned
MYN9800996034,S0008,myntra,JEANS-YEL-32,1,C01342,2026-07-12T07:37:44.262Z,1619.10,pending
MSH509643609,S0002,meesho,HOODIE-BLU-M,1,C01553,2026-09-09T10:24:47.210Z,1929.00,pending
MSH028468042,S0001,meesho,TSHIRT-PNK-XL,1,C01203,2026-08-03T20:40:32.760Z,369.00,delivered
794-3497866-1211279,S0001,amazon,TSHIRT-WHT-XL,1,C01472,2026-08-05T03:35:10.258Z,479.00,returned
MSH274895747,S0039,meesho,SAREE-YEL-FREE,2,C01374,2026-08-04T10:34:35.166Z,2525.10,delivered
OD120481101538,S0003,flipkart,KURTI-WHT-XL,5,C01959,2026-08-24T15:49:38.435Z,2245.00,confirmed
OD420927030089,S0010,flipkart,SAREE-WHT-FREE,2,C01639,2026-07-16T15:43:33.407Z,3436.20,delivered
046-7670424-0528307,S0001,amazon,TSHIRT-WHT-XL,2,C00195,2026-08-30T21:05:37.271Z,958.00,delivered
OD238696603185,S0035,flipkart,TSHIRT-BLK-M,2,C02073,2026-08-01T20:53:49.469Z,1240.20,delivered
OD345959598130,S0003,flipkart,SAREE-MAR-FREE,1,C01826,2026-07-11T08:53:34.537Z,1589.00,returned
MSH405550916,S0002,meesho,HOODIE-YEL-M,3,C01994,2026-09-17T10:14:45.506Z,3102.30,delivered
MSH214919800,S0009,meesho,HANDBAG-PNK-FREE,1,C01105,2026-08-24T12:59:51.605Z,1069.00,returned
MYN9912168458,S0019,myntra,WATCH-BLK-FREE,2,C01696,2026-09-15T02:08:43.231Z,2938.00,delivered
202-6912960-8096840,S0026,amazon,HANDBAG-GRN-FREE,4,C02695,2026-08-31T23:01:21.926Z,1832.40,shipped
OD153490666434,S0038,flipkart,SNEAKER-PNK-8,3,C01969,2026-07-13T22:51:36.935Z,3957.00,delivered
MSH557197932,S0002,meesho,HOODIE-BLK-L,1,C02177,2026-08-07T18:15:30.849Z,1019.00,delivered
MYN1108199444,S0014,myntra,KURTI-RED-M,2,C02681,2026-08-27T05:55:36.623Z,1423.10,delivered
MSH380223798,S0001,meesho,TSHIRT-PNK-XL,1,C02504,2026-07-24T07:24:37.202Z,332.10,confirmed
451-3826847-2727262,S0009,amazon,HANDBAG-PNK-FREE,4,C02363,2026-08-19T00:32:24.782Z,4276.00,returned
OD020333319483,S0035,flipkart,TSHIRT-BLK-M,4,C02434,2026-10-02T13:44:48.960Z,2756.00,delivered
MSH588390229,S0001,meesho,HOODIE-GRN-XL,2,C00473,2026-08-10T10:00:41.546Z,3494.10,delivered
OD864180940583,S0010,flipkart,HANDBAG-PNK-FREE,3,C01717,2026-08-31T12:44:22.422Z,2157.00,confirmed
MSH948010221,S0001,meesho,TSHIRT-WHT-XL,5,C00723,2026-08-25T18:34:13.958Z,2395.00,delivered
MYN6274498160,S0006,myntra,SNEAKER-YEL-9,4,C00542,2026-09-30T13:11:05.276Z,5796.00,delivered
MSH719889401,S0001,meesho,HOODIE-GRN-XL,2,C02913,2026-09-11T17:10:16.588Z,3494.10,delivered
942-8291640-4446914,S0001,amazon,HOODIE-GRN-XL,2,C02682,2026-09-09T23:09:58.034Z,3310.20,cancelled
MYN8478431417,S0003,myntra,SAREE-MAR-FREE,1,C00236,2026-08-15T13:25:49.798Z,1430.10,confirmed
MYN9553757552,S0004,myntra,KURTI-BLU-S,3,C01499,2026-08-02T23:58:18.350Z,2487.00,shipped
655-6960987-0292287,S0020,amazon,JEANS-RED-32,1,C00694,2026-09-23T20:06:47.383Z,1139.05,delivered
MYN0475771345,S0019,myntra,WATCH-GRN-FREE,3,C01094,2026-10-02T21:37:27.422Z,6693.30,delivered
MSH631971884,S0012,meesho,KURTI-BLU-S,1,C02145,2026-08-25T19:45:25.424Z,597.55,cancelled
MYN8901358977,S0039,myntra,HANDBAG-YEL-FREE,1,C01235,2026-09-29T05:53:39.439Z,689.00,delivered
MSH043581120,S0001,meesho,TSHIRT-WHT-XL,2,C01615,2026-07-14T13:05:05.790Z,862.20,confirmed
MYN0659790016,S0006,myntra,SNEAKER-RED-10,2,C01353,2026-08-10T02:21:38.357Z,5344.20,delivered
MSH224333199,S0001,meesho,TSHIRT-WHT-XL,2,C01095,2026-09-20T11:30:55.245Z,910.10,cancelled
MYN6644269571,S0023,myntra,SAREE-MAR-FREE,2,C01481,2026-07-27T17:41:24.442Z,3886.20,delivered
882-8393427-0175244,S0045,amazon,WATCH-BLU-FREE,1,C00559,2026-07-22T09:41:57.325Z,909.00,delivered
OD601147952908,S0003,flipkart,SAREE-YEL-FREE,1,C00303,2026-07-25T13:30:25.617Z,1224.55,delivered
MYN9880513895,S0006,myntra,SNEAKER-RED-10,3,C01001,2026-07-23T12:39:28.597Z,8461.65,delivered
303-0013031-0545846,S0048,amazon,HOODIE-YEL-M,1,C01622,2026-08-19T13:50:39.643Z,778.05,returned
OD100927141832,S0036,flipkart,JEANS-YEL-36,2,C01621,2026-07-30T05:53:26.508Z,1538.00,delivered
OD409506433493,S0008,flipkart,WATCH-YEL-FREE,1,C02068,2026-09-08T02:17:49.840Z,809.00,confirmed
MYN5757614770,S0029,myntra,WATCH-BLK-FREE,1,C02923,2026-07-13T21:53:00.230Z,1279.00,delivered
312-7188548-1165402,S0001,amazon,HOODIE-GRN-XL,5,C02897,2026-09-19T13:50:49.367Z,9195.00,delivered
872-0507782-8808385,S0041,amazon,TSHIRT-RED-L,2,C00611,2026-08-21T07:44:21.271Z,1058.00,returned
357-6656800-0325670,S0012,amazon,KURTI-BLU-XL,1,C00021,2026-07-08T15:59:21.783Z,859.00,delivered
MYN0664743678,S0019,myntra,WATCH-BLU-FREE,2,C00477,2026-07-09T10:48:38.876Z,3616.20,delivered
202-1652888-1702701,S0004,amazon,KURTI-YEL-XL,2,C02445,2026-09-09T03:37:42.369Z,1218.00,delivered
MYN9541776156,S0043,myntra,HANDBAG-WHT-FREE,3,C02051,2026-08-22T07:08:32.415Z,1677.00,confirmed
MSH467649907,S0001,meesho,HOODIE-GRN-XL,2,C00841,2026-07-08T05:48:42.198Z,3678.00,delivered
362-6735190-4288307,S0001,amazon,TSHIRT-PNK-XL,1,C02330,2026-09-27T08:18:36.799Z,369.00,confirmed
MYN1527894409,S0006,myntra,SNEAKER-MAR-9,4,C01920,2026-07-27T10:36:07.955Z,6944.40,delivered
MSH668282312,S0001,meesho,TSHIRT-WHT-XL,1,C00651,2026-09-15T02:07:37.801Z,479.00,delivered
OD856701731527,S0003,flipkart,SAREE-MAR-FREE,4,C02847,2026-08-21T15:17:35.010Z,5720.40,pending
OD052344882858,S0035,flipkart,TSHIRT-MAR-M,3,C00230,2026-08-20T21:25:13.781Z,1347.00,returned
295-4288876-2388091,S0001,amazon,TSHIRT-PNK-XL,3,C02962,2026-09-08T01:47:33.417Z,1107.00,delivered
OD305388285205,S0015,flipkart,WATCH-RED-FREE,1,C01089,2026-08-27T17:04:14.212Z,1979.00,delivered
MSH766142955,S0001,meesho,HOODIE-PNK-M,1,C00627,2026-09-21T00:08:53.914Z,1599.00,confirmed
MYN3338175742,S0008,myntra,JEANS-PNK-30,3,C00121,2026-07-16T07:57:59.132Z,3360.15,cancelled
MYN2507880778,S0006,myntra,SNEAKER-WHT-8,2,C01281,2026-07-30T18:06:39.169Z,2898.00,delivered
539-0401231-1698781,S0008,amazon,JEANS-BLK-36,2,C02140,2026-07-30T01:48:51.429Z,1598.00,delivered
OD552808911552,S0037,flipkart,JEANS-BLU-30,2,C00060,2026-09-27T21:03:03.657Z,1271.10,delivered
OD285047107056,S0010,flipkart,SAREE-WHT-FREE,2,C01298,2026-09-29T06:19:56.623Z,3436.20,delivered
131-8983162-0874281,S0048,amazon,HOODIE-BLK-L,1,C01605,2026-08-21T05:23:18.416Z,1289.00,shipped
OD075504060409,S0042,flipkart,KURTI-PNK-M,1,C00466,2026-07-21T21:44:46.926Z,566.10,delivered
MSH089971492,S0001,meesho,HOODIE-GRN-XL,2,C00086,2026-09-26T21:52:46.189Z,3494.10,delivered
MYN2879992544,S0013,myntra,SNEAKER-GRN-7,3,C00209,2026-07-22T05:02:10.552Z,3217.65,confirmed
MSH783683997,S0001,meesho,TSHIRT-GRN-L,1,C01128,2026-08-10T07:33:50.717Z,489.00,delivered
OD853667875716,S0002,flipkart,HOODIE-BLK-L,1,C01654,2026-09-03T16:47:22.790Z,917.10,pending
MSH369652157,S0005,meesho,SNEAKER-MAR-7,1,C02394,2026-09-23T15:27:20.501Z,2399.00,returned
MYN4362301088,S0006,myntra,SNEAKER-GRN-7,2,C00656,2026-08-19T08:42:53.210Z,1678.00,delivered
OD604091460114,S0050,flipkart,WATCH-RED-FREE,5,C02654,2026-07-11T01:38:49.448Z,11545.00,delivered
MYN5822002070,S0040,myntra,JEANS-PNK-32,2,C00380,2026-09-03T01:55:13.518Z,1168.20,delivered
OD801499253462,S0010,flipkart,SAREE-WHT-FREE,2,C00241,2026-09-01T13:54:10.097Z,3818.00,returned
MYN2988971097,S0003,myntra,KURTI-YEL-M,1,C00683,2026-08-06T08:34:59.287Z,312.55,delivered
908-8129019-7613120,S0004,amazon,KURTI-MAR-L,5,C01116,2026-09-05T00:37:12.997Z,1467.75,delivered
324-9368415-6598497,S0013,amazon,SNEAKER-MAR-8,2,C01700,2026-07-13T12:31:10.012Z,3918.00,confirmed
MSH071085232,S0001,meesho,HOODIE-GRN-XL,2,C01098,2026-09-05T19:17:49.070Z,3310.20,shipped
MYN5255565264,S0033,myntra,TSHIRT-RED-S,1,C01334,2026-09-07T07:57:19.778Z,265.05,delivered
MYN8943403363,S0038,myntra,SNEAKER-BLK-8,1,C02198,2026-07-15T13:09:12.048Z,1979.10,returned
758-9459885-5237991,S0001,amazon,TSHIRT-WHT-XL,1,C02443,2026-08-04T13:39:16.997Z,479.00,delivered
MYN4783445932,S0019,myntra,WATCH-BLK-FREE,1,C00554,2026-08-28T00:26:45.270Z,1469.00,delivered
670-4685291-5940611,S0001,amazon,HOODIE-PNK-M,1,C01206,2026-09-08T10:59:18.301Z,1599.00,delivered
MSH022466637,S0005,meesho,SNEAKER-YEL-8,1,C01610,2026-07-19T02:46:09.683Z,2899.00,delivered
MSH642478250,S0001,meesho,HOODIE-PNK-M,4,C00011,2026-07-07T11:19:25.810Z,5756.40,delivered
OD078586866444,S0015,flipkart,SAREE-BLK-FREE,1,C02769,2026-08-02T19:12:25.845Z,1199.00,delivered
844-2973260-1024870,S0001,amazon,TSHIRT-PNK-XL,1,C01894,2026-09-21T21:26:22.625Z,369.00,confirmed
MYN7356484913,S0004,myntra,KURTI-YEL-XL,3,C02061,2026-07-14T23:46:37.909Z,1644.30,delivered
OD250984224689,S0015,flipkart,SAREE-PNK-FREE,2,C00237,2026-09-25T18:51:17.453Z,1598.00,delivered
MYN1517214593,,myntra,SAREE-MAR-FREE,1,C00253,2026-08-30T20:41:49.489Z,1589.00,returned
OD060162191202,S0028,flipkart,JEANS-GRN-30,1,C02349,2026-07-25T00:37:23.643Z,759.00,delivered
MYN4997492673,S0023,myntra,SAREE-RED-FREE,5,C00088,2026-10-02T09:02:22.133Z,5645.00,delivered
OD591503874214,S0003,flipkart,SAREE-MAR-FREE,4,C02236,2026-08-25T20:57:42.128Z,6356.00,shipped
308-3469734-2418115,S0041,amazon,TSHIRT-RED-L,1,C00879,2026-08-07T18:08:10.635Z,502.55,shipped
OD589936263334,S0009,flipkart,HANDBAG-YEL-FREE,5,C00815,2026-09-18T13:48:04.029Z,4045.00,returned
MSH929568167,S0036,meesho,JEANS-WHT-30,1,C00717,2026-07-20T03:20:43.005Z,692.55,delivered
458-1548434-8214035,S0040,amazon,SAREE-RED-FREE,2,C00383,2026-10-02T17:36:58.556Z,1978.00,delivered
721-2743955-6798222,S0009,amazon,HANDBAG-BLK-FREE,1,C01981,2026-08-01T00:33:45.823Z,1158.05,delivered
OD725447771116,S0003,flipkart,KURTI-GRN-L,1,C01877,2026-09-26T15:39:19.352Z,489.00,delivered
MYN8782256064,S0019,myntra,WATCH-BLK-FREE,1,C02072,2026-07-23T05:11:50.738Z,1469.00,delivered
MYN9906765743,S0039,myntra,HANDBAG-BLK-FREE,4,C02760,2026-08-07T07:40:59.479Z,3074.20,pending
MSH532415507,S0002,meesho,HOODIE-BLK-L,4,C01082,2026-07-09T00:02:28.206Z,4076.00,delivered
MSH964356605,,meesho,TSHIRT-WHT-XL,2,C00452,2026-09-26T16:39:45.480Z,862.20,shipped
MYN3299693204,S0016,myntra,HANDBAG-BLK-FREE,1,C01900,2026-08-07T09:04:38.341Z,971.10,delivered
MYN2320621184,S0029,myntra,WATCH-BLK-FREE,1,C02625,2026-09-27T20:36:14.492Z,1215.05,delivered
MSH757727313,S0002,meesho,HOODIE-BLK-L,1,C01422,2026-09-15T02:10:26.503Z,1019.00,delivered
270-4304758-8137487,S0040,amazon,JEANS-MAR-30,2,C01858,2026-08-08T14:15:08.571Z,2958.00,confirmed
734-2002377-1654999,S0009,amazon,HANDBAG-BLK-FREE,4,C01772,2026-07-24T17:37:32.545Z,4876.00,delivered
711-9786035-5868493,S0041,amazon,KURTI-YEL-M,2,C02240,2026-07-17T14:40:12.960Z,1738.00,returned
MSH321997201,S0007,meesho,HOODIE-PNK-M,1,C01430,2026-07-13T11:27:43.668Z,1259.00,confirmed
OD463168726779,S0003,flipkart,KURTI-YEL-M,2,C01345,2026-09-12T10:16:44.460Z,658.00,delivered
076-2975163-0588744,S0018,amazon,JEANS-MAR-34,3,C01318,2026-09-27T13:30:49.952Z,2847.00,confirmed
MSH752612623,S0002,meesho,HOODIE-BLK-L,4,C01478,2026-08-12T04:10:38.451Z,4076.00,cancelled
MYN9475624635,S0035,myntra,TSHIRT-MAR-M,5,C02431,2026-08-12T02:27:54.098Z,2245.00,delivered
898-1388133-7157487,S0048,amazon,HOODIE-GRN-L,3,C00131,2026-09-29T17:50:21.905Z,3702.15,delivered
293-3667541-9301518,S0001,amazon,TSHIRT-PNK-XL,1,C02418,2026-08-28T16:36:51.232Z,369.00,delivered
515-3594412-6166370,S0022,amazon,HOODIE-PNK-XL,2,C01758,2026-09-19T02:24:08.212Z,2098.00,shipped
261-2153901-3458384,S0001,amazon,HOODIE-PNK-M,2,C01621,2026-07-06T19:13:53.789Z,2878.20,pending
OD430535160147,S0003,flipkart,SAREE-MAR-FREE,1,C01242,2026-09-18T01:23:09.099Z,1589.00,returned
MSH084269763,S0002,meesho,HOODIE-BLK-L,1,C02763,2026-08-06T08:32:49.896Z,1019.00,shipped
MSH761993922,S0001,meesho,HOODIE-GRN-XL,4,C01607,2026-08-17T00:54:58.292Z,6988.20,delivered
OD385389667706,S0002,flipkart,HOODIE-BLK-L,1,C01781,2026-09-23T08:11:25.415Z,968.05,delivered
MSH721446887,S0002,meesho,TSHIRT-BLU-XL,1,C01343,2026-07-26T01:03:19.911Z,679.00,confirmed
643-5929691-2471047,S0001,amazon,HOODIE-GRN-XL,2,C02052,2026-07-30T13:50:25.335Z,3494.10,delivered
MSH675180189,S0001,meesho,TSHIRT-WHT-XL,3,C01031,2026-08-09T08:52:00.396Z,1365.15,confirmed
OD525927427637,S0003,flipkart,KURTI-BLK-L,2,C01802,2026-09-25T20:39:36.166Z,1461.10,delivered
MYN4777021614,S0029,myntra,SNEAKER-RED-7,5,C02719,2026-08-15T10:23:22.459Z,12910.50,shipped
MYN7739927035,S0039,myntra,HANDBAG-BLK-FREE,5,C00441,2026-08-02T08:12:06.742Z,4045.00,confirmed
OD104293325101,S0009,flipkart,HANDBAG-PNK-FREE,1,C01283,2026-09-27T01:18:15.506Z,1015.55,delivered
MYN5523342781,S0003,myntra,KURTI-YEL-L,5,C02329,2026-08-04T10:22:38.266Z,2845.00,delivered
OD738128864599,S0003,flipkart,KURTI-BLK-M,4,C02550,2026-09-13T22:51:37.526Z,2804.40,confirmed
MSH246627095,S0001,meesho,HOODIE-PNK-M,1,C00231,2026-09-02T19:42:22.301Z,1519.05,cancelled
OD518335316853,S0002,flipkart,HOODIE-YEL-M,1,C01859,2026-09-08T23:52:28.701Z,1149.00,delivered
151-0471905-2523086,S0022,amazon,HOODIE-YEL-M,1,C00285,2026-07-17T00:33:18.979Z,1219.00,delivered
804-4539463-3682806,S0001,amazon,HOODIE-GRN-XL,1,C01582,2026-09-13T15:39:18.374Z,1839.00,delivered
MSH969641938,S0002,meesho,HOODIE-BLK-L,1,C01169,2026-10-02T11:22:35.824Z,968.05,delivered
OD065435997778,S0010,flipkart,SAREE-YEL-FREE,1,C00432,2026-09-25T22:55:07.547Z,699.00,shipped
,S0008,amazon,JEANS-YEL-32,1,C00752,2026-07-30T02:44:12.487Z,1799.00,shipped
177-0648726-2224678,S0001,amazon,HOODIE-GRN-XL,1,C01796,2026-08-10T09:50:00.652Z,1839.00,returned
MYN3416593295,S0003,myntra,KURTI-BLK-M,1,C02597,2026-09-15T17:25:36.297Z,701.10,confirmed
OD512006789207,S0015,flipkart,SAREE-GRN-FREE,1,C01669,2026-07-16T01:42:02.290Z,2299.00,delivered
MSH423780228,S0007,meesho,HOODIE-YEL-M,1,C01819,2026-07-15T22:52:52.773Z,719.00,confirmed
185-8104248-3226425,S0045,amazon,WATCH-MAR-FREE,1,C01199,2026-08-25T18:56:33.272Z,1187.10,delivered
276-7468820-1268810,S0031,amazon,HOODIE-BLK-M,3,C02487,2026-09-09T01:06:54.221Z,3117.00,delivered
OD735681762741,S0003,flipkart,KURTI-BLK-M,1,C02438,2026-08-22T09:28:46.883Z,740.05,confirmed
MYN3618784514,S0003,myntra,KURTI-BLK-L,1,C02324,2026-08-25T07:03:16.379Z,730.55,confirmed
779-9302765-5963088,S0037,amazon,JEANS-PNK-36,1,C00377,2026-07-10T22:16:44.825Z,909.00,returned
MSH598522527,S0002,meesho,TSHIRT-RED-L,2,C00639,2026-10-03T09:28:29.434Z,958.00,shipped
OD593021161646,S0042,flipkart,KURTI-PNK-M,1,C01285,2026-08-02T08:26:31.729Z,629.00,delivered
868-6027007-7020774,S0039,amazon,SAREE-PNK-FREE,1,C02890,2026-08-19T19:03:23.904Z,1539.00,delivered
OD708482673230,S0018,flipkart,JEANS-RED-30,3,C02934,2026-09-17T21:16:39.047Z,3531.15,delivered
970-4781607-9554456,S0050,amazon,SAREE-YEL-FREE,5,C02507,2026-08-19T16:58:56.769Z,9945.00,delivered
OD484753237109,S0002,flipkart,TSHIRT-WHT-M,2,C01513,2026-08-06T03:32:38.684Z,834.10,delivered
MSH274741484,S0001,meesho,TSHIRT-PNK-XL,5,C01662,2026-07-14T20:25:13.781Z,1752.75,delivered
MSH530986091,S0005,meesho,SNEAKER-BLK-7,2,C01648,2026-07-08T12:51:50.997Z,4102.20,cancelled
MSH393433448,S0009,meesho,HANDBAG-MAR-FREE,2,C01637,2026-10-01T16:06:26.750Z,1478.00,delivered
OD549890443484,S0002,flipkart,TSHIRT-RED-L,3,C02159,2026-09-04T23:11:33.592Z,1293.30,cancelled
OD988742749224,S0042,flipkart,WATCH-BLU-FREE,2,C01946,2026-08-21T12:30:28.345Z,3578.00,delivered
OD033953427983,S0050,flipkart,WATCH-BLU-FREE,1,C02611,2026-07-29T08:13:36.242Z,1808.10,delivered
513-0420186-4823973,S0022,amazon,HOODIE-BLU-M,1,C00195,2026-09-23T14:10:07.769Z,1349.00,delivered
MSH710499358,S0001,meesho,HOODIE-PNK-M,2,C02656,2026-08-12T13:24:26.951Z,3038.10,delivered
MSH543859342,S0001,meesho,TSHIRT-PNK-XL,2,C01113,2026-08-16T02:40:37.438Z,664.20,delivered
816-5954268-7345550,S0037,amazon,JEANS-BLK-34,2,C00460,2026-09-19T18:08:39.414Z,1852.20,delivered
633-4546972-8894328,S0001,amazon,HOODIE-GRN-XL,1,C02045,2026-08-15T17:03:15.829Z,1747.05,pending
056-4376883-0634697,S0022,amazon,SNEAKER-WHT-10,3,C02932,2026-09-11T11:41:06.131Z,3901.65,delivered
038-9182054-0411853,S0004,amazon,KURTI-BLU-S,1,C00803,2026-07-07T06:24:20.390Z,787.55,delivered
OD213239517871,S0002,flipkart,HOODIE-BLK-L,2,C02886,2026-08-09T04:59:06.269Z,1936.10,delivered
624-8115919-9745317,S0026,amazon,WATCH-MAR-FREE,1,C00759,2026-09-15T23:41:30.383Z,2402.10,delivered
OD591114769341,S0002,flipkart,HOODIE-BLK-L,2,C00111,2026-09-12T01:16:44.453Z,1834.20,delivered
MSH209584660,S0001,meesho,HOODIE-GRN-XL,1,C02903,2026-08-18T23:10:58.408Z,1839.00,cancelled
MYN2046218114,S0006,myntra,SNEAKER-YEL-10,1,C00996,2026-08-21T16:13:48.244Z,2359.00,delivered
MSH192014898,S0002,meesho,HOODIE-BLK-L,2,C00531,2026-07-27T12:15:47.757Z,2038.00,cancelled
168-8371020-1707717,S0031,amazon,SNEAKER-GRN-10,1,C02052,2026-09-27T07:17:34.215Z,2759.00,delivered
MSH934484696,S0029,meesho,SNEAKER-BLU-7,3,C00823,2026-09-06T04:22:16.438Z,2847.15,pending
009-6674654-2032695,S0001,amazon,HOODIE-GRN-XL,2,C00465,2026-07-20T01:20:52.346Z,3678.00,delivered
046-7134626-5524381,S0044,amazon,HOODIE-MAR-M,1,C02274,2026-08-30T04:09:41.161Z,920.55,delivered
MYN1699976486,S0035,myntra,WATCH-YEL-FREE,2,C01794,2026-09-01T15:19:02.134Z,3114.10,cancelled
MYN0580208819,S0008,myntra,JEANS-PNK-30,5,C00465,2026-08-31T21:41:11.650Z,5895.00,returned
342-8953277-3504500,S0008,amazon,JEANS-YEL-32,1,C00526,2026-08-30T21:49:42.121Z,1619.10,cancelled
MSH896507683,S0001,meesho,TSHIRT-PNK-XL,2,C02526,2026-07-19T09:53:14.484Z,701.10,returned
473-0095517-1103723,S0048,amazon,HOODIE-BLK-L,1,C01267,2026-08-28T14:52:55.621Z,1289.00,pending
571-0784322-5816483,S0009,amazon,HANDBAG-PNK-FREE,5,C00733,2026-09-16T10:28:41.993Z,5077.75,delivered
MSH008146057,S0005,meesho,SNEAKER-MAR-7,2,C02933,2026-08-11T18:04:33.741Z,4798.00,delivered
MYN6992098102,S0003,myntra,SAREE-MAR-FREE,5,C01895,2026-08-18T22:47:06.365Z,7150.50,delivered
OD521967977957,S0002,flipkart,HOODIE-YEL-M,1,C02264,2026-09-24T15:19:58.119Z,1149.00,pending
600-0152011-3505790,S0004,amazon,KURTI-YEL-XL,1,C00623,2026-07-17T03:49:19.818Z,609.00,delivered
811-3813934-6645917,S0001,amazon,TSHIRT-WHT-XL,2,C01109,2026-08-02T05:56:33.731Z,958.00,pending
MYN9883674938,S0049,myntra,SNEAKER-BLU-7,1,C01568,2026-07-11T18:24:20.745Z,1224.55,shipped
MYN2538179512,S0048,myntra,HOODIE-BLK-L,2,C01812,2026-08-19T15:08:53.568Z,2578.00,delivered
MYN4892395629,S0003,myntra,KURTI-YEL-L,1,C00340,2026-08-06T12:31:51.796Z,569.00,returned
OD024605751849,S0003,flipkart,KURTI-BLK-L,1,C02001,2026-08-05T21:06:31.957Z,769.00,delivered
863-4140516-0312636,S0009,amazon,HANDBAG-GRN-FREE,3,C02875,2026-09-12T14:19:30.349Z,1428.30,delivered
OD757651261163,S0010,flipkart,SAREE-YEL-FREE,2,C02287,2026-09-02T08:42:45.860Z,1398.00,delivered
OD837086593684,S0002,flipkart,HOODIE-YEL-M,5,C02148,2026-07-28T01:40:19.320Z,5170.50,delivered
MYN0275178209,S0029,myntra,WATCH-YEL-FREE,3,C01813,2026-09-10T16:55:33.253Z,1587.00,cancelled
431-0973412-5515908,S0009,amazon,HANDBAG-PNK-FREE,1,C01704,2026-08-06T12:21:06.997Z,962.10,shipped
OD804691700572,S0002,flipkart,HOODIE-YEL-M,1,C02581,2026-09-24T10:37:35.082Z,1091.55,returned
MYN0192340943,S0003,myntra,KURTI-MAR-XL,1,C00705,2026-10-01T17:31:41.921Z,559.55,returned
MYN1638371653,S0006,myntra,SNEAKER-RED-10,3,C02039,2026-08-02T13:30:23.510Z,8461.65,delivered
MSH199902032,S0029,meesho,WATCH-BLK-FREE,1,C00044,2026-07-18T01:55:28.655Z,1279.00,shipped
MYN2315285943,S0003,myntra,KURTI-BLK-L,2,C01119,2026-09-27T05:10:05.381Z,1461.10,delivered
MSH663643999,S0001,meesho,TSHIRT-WHT-XL,4,C00591,2026-07-13T03:24:32.613Z,1724.40,delivered
408-0866561-8115260,S0041,amazon,KURTI-YEL-M,3,C02906,2026-07-15T05:04:36.790Z,2607.00,pending
OD187081275510,S0037,flipkart,JEANS-RED-36,1,C00998,2026-09-10T21:27:15.479Z,-1799.00,delivered
MYN6318059423,S0003,myntra,KURTI-YEL-L,1,C02775,2026-09-18T21:22:18.364Z,540.55,delivered
MSH553177387,S0009,meesho,HANDBAG-MAR-FREE,5,C00142,2026-08-08T15:13:59.302Z,3695.00,delivered
MSH668912022,S0001,meesho,HOODIE-GRN-XL,1,C00701,2026-08-30T15:43:43.319Z,1655.10,delivered
OD807416833768,S0025,flipkart,SNEAKER-PNK-8,1,C02367,2026-10-03T03:31:34.392Z,1229.00,delivered
OD587433619235,S0031,flipkart,HOODIE-BLU-L,1,C02928,2026-07-14T06:49:27.140Z,1414.55,delivered
OD698973271449,S0002,flipkart,HOODIE-BLK-L,1,C00512,2026-07-08T17:53:55.845Z,917.10,delivered
430-7538129-0108668,S0044,amazon,HOODIE-PNK-M,2,C00352,2026-08-25T16:39:19.313Z,2698.00,delivered
MYN7191797231,S0049,myntra,SNEAKER-YEL-10,1,C01781,2026-07-10T22:28:11.774Z,2579.00,confirmed
208-1466321-2216041,S0001,amazon,HOODIE-PNK-M,5,C00399,2026-07-18T05:29:53.092Z,7595.25,delivered
266-8034138-4614958,S0032,amazon,WATCH-PNK-FREE,1,C01183,2026-08-06T23:09:26.419Z,1389.00,delivered
MSH509202236,S0021,meesho,SNEAKER-GRN-9,3,C01561,2026-09-17T19:49:05.592Z,8427.00,shipped
OD853646828698,S0015,flipkart,WATCH-PNK-FREE,1,C02550,2026-09-11T15:50:02.995Z,1929.00,delivered
MSH989373328,S0029,meesho,SNEAKER-BLK-10,1,C02619,2026-09-05T22:28:26.837Z,1403.10,delivered
062-9775650-6038554,S0020,amazon,JEANS-BLK-36,4,C00648,2026-08-01T03:27:43.248Z,4244.40,delivered
OD417112121663,S0002,flipkart,HOODIE-MAR-L,2,C01796,2026-07-10T23:29:53.710Z,2038.00,delivered
299-9169463-6330521,S0044,amazon,HOODIE-PNK-M,2,C02911,2026-09-17T20:11:05.280Z,2698.00,cancelled
021-0859374-7301019,S0001,amazon,HOODIE-GRN-XL,1,C02617,2026-07-07T19:45:16.580Z,1839.00,confirmed
OD501644001002,S0003,flipkart,KURTI-GRN-L,1,C02078,2026-09-09T23:04:41.475Z,464.55,delivered
OD144828289774,S0042,flipkart,WATCH-BLU-FREE,4,C01822,2026-08-17T08:46:35.625Z,7156.00,delivered
OD994364364451,S0042,flipkart,KURTI-WHT-XL,4,C01256,2026-07-06T14:48:07.050Z,2356.00,delivered
669-1375218-3618845,S0020,amazon,JEANS-PNK-34,1,C01257,2026-08-08T09:49:14.189Z,1039.00,pending
MYN8571974654,S0034,myntra,HANDBAG-MAR-FREE,2,C00992,2026-08-16T12:13:37.693Z,1347.10,delivered
OD406172161586,S0002,flipkart,HOODIE-BLU-M,1,C02487,2026-09-13T00:38:45.667Z,1929.00,delivered
MYN6056766977,S0003,myntra,KURTI-YEL-M,2,C02195,2026-07-11T07:05:37.840Z,592.20,delivered
OD383982957588,S0015,flipkart,SAREE-GRN-FREE,1,C00925,2026-08-30T09:27:46.521Z,2069.10,confirmed
MSH162883029,S0002,meesho,HOODIE-BLK-L,1,C00860,2026-09-28T17:52:19.976Z,1019.00,cancelled
OD287795105499,S0017,flipkart,KURTI-WHT-XL,1,C01815,2026-08-20T20:54:38.756Z,569.00,cancelled
MSH297710784,S0009,meesho,HANDBAG-BLK-FREE,2,C02837,2026-10-02T02:19:09.182Z,2194.20,delivered
MYN8370694250,S0035,myntra,TSHIRT-GRN-L,2,C01505,2026-08-18T23:52:49.678Z,910.10,delivered
583-4626738-5919737,S0001,amazon,HOODIE-GRN-XL,5,C02370,2026-09-03T14:19:13.515Z,9195.00,delivered
MYN3935795515,S0040,myntra,JEANS-BLU-30,1,C02722,2026-09-05T05:40:32.044Z,1419.00,cancelled
197-2568999-8351531,S0001,amazon,HOODIE-PNK-M,1,C02666,2026-09-19T16:05:35.692Z,1439.10,delivered
746-8187036-5510222,S0026,amazon,WATCH-MAR-FREE,1,C01632,2026-08-30T22:52:21.754Z,2669.00,delivered
OD918841269917,S0008,flipkart,JEANS-BLK-36,1,C01409,2026-07-25T12:32:09.736Z,719.10,delivered
MSH663834062,S0021,meesho,SNEAKER-PNK-7,1,C00794,2026-08-10T23:35:08.247Z,2449.00,delivered
980-0354503-6948525,S0009,amazon,HANDBAG-GRN-FREE,1,C02880,2026-09-17T10:03:02.435Z,529.00,delivered
615-7362158-0279964,S0037,amazon,JEANS-BLK-34,1,C01161,2026-09-17T01:33:26.027Z,1029.00,delivered
MSH215695191,S0002,meesho,HOODIE-YEL-M,1,,2026-08-06T09:49:54.448Z,1091.55,delivered
291-2347104-2270983,S0043,amazon,HANDBAG-PNK-FREE,2,C01910,2026-09-10T16:10:33.358Z,2258.00,delivered
MYN3627097359,S0049,myntra,SNEAKER-RED-9,2,C02435,2026-09-20T13:38:03.407Z,1594.10,delivered
OD832534037897,S0025,flipkart,SNEAKER-PNK-7,1,C00109,2026-07-06T20:11:50.978Z,2839.55,delivered
OD657130222554,S0024,flipkart,JEANS-BLU-32,2,C00300,2026-07-22T20:11:05.721Z,2498.00,delivered
MSH100539630,S0002,meesho,TSHIRT-PNK-M,1.5,C00800,2026-09-13T11:58:51.873Z,645.05,delivered
978-3414079-8295402,S0009,amazon,HANDBAG-PNK-FREE,3,C01068,2026-10-02T08:39:02.613Z,3046.65,delivered
MYN9745169598,S0040,myntra,JEANS-MAR-30,1,C02117,2026-09-21T20:18:16.454Z,1479.00,shipped
MYN1645885931,S0006,myntra,SNEAKER-YEL-7,1,C02785,2026-09-16T02:37:26.033Z,1319.55,delivered
507-1839779-5061208,S0001,amazon,TSHIRT-GRN-L,2,C02764,2026-09-08T09:29:43.925Z,978.00,returned
127-9366624-4373200,S0001,amazon,TSHIRT-WHT-XL,1,C01811,2026-09-28T09:24:09.638Z,479.00,confirmed
MSH058585539,S0002,meesho,TSHIRT-RED-S,2,C00622,2026-09-04T05:40:08.184Z,682.20,cancelled
OD132159936840,S0010,flipkart,SAREE-YEL-FREE,3,C02238,2026-09-02T22:08:52.474Z,2097.00,returned
MSH656457632,S0001,meesho,HOODIE-PNK-M,1,C01161,2026-08-18T08:30:42.287Z,1599.00,delivered
MYN8501308483,S0006,myntra,SNEAKER-BLU-7,2,C01955,2026-09-27T07:32:24.975Z,2518.20,delivered
912-9557065-7765021,S0034,amazon,HANDBAG-YEL-FREE,1,C00649,2026-09-01T08:22:39.620Z,1124.10,cancelled
MSH998095903,S0002,meesho,HOODIE-BLU-M,2,C00248,2026-07-15T18:10:29.660Z,3472.20,delivered
802-1800792-5437916,S0001,amazon,TSHIRT-GRN-L,2,C00243,2026-09-08T05:15:51.295Z,880.20,delivered
MYN5230318197,S0043,myntra,HANDBAG-WHT-FREE,2,C02467,2026-09-28T01:18:30.711Z,1118.00,delivered
106-9294232-8315307,S0032,amazon,WATCH-PNK-FREE,1,C01529,2026-08-21T10:25:09.727Z,1389.00,delivered
MYN3152214210,S0041,myntra,TSHIRT-WHT-XL,1,C01124,2026-08-06T03:03:58.435Z,419.00,pending
MYN1633519838,S0040,myntra,JEANS-PNK-32,2,C01263,2026-09-15T04:10:01.265Z,1298.00,delivered
587-2484729-4531072,S0009,amazon,HANDBAG-PNK-FREE,2,C00954,2026-08-20T05:52:08.880Z,2031.10,returned
MSH710299188,S0002,meesho,TSHIRT-WHT-M,1,C00742,2026-09-01T12:11:58.418Z,417.05,returned
MYN2507307162,S0047,myntra,WATCH-RED-FREE,1,C00679,2026-09-15T19:39:12.078Z,2375.10,delivered
OD043329165346,S0017,flipkart,KURTI-PNK-M,1,C02612,2026-07-28T08:59:03.319Z,789.00,cancelled
MSH902992775,S0001,meesho,HOODIE-GRN-XL,3,C00089,2026-08-05T01:23:35.979Z,4965.30,delivered
MYN2845264852,S0003,myntra,SAREE-MAR-FREE,2,C02287,2026-09-20T22:08:12.929Z,3178.00,delivered
OD426143857899,S0048,flipkart,HOODIE-GRN-L,4,C00859,2026-09-23T18:34:05.964Z,5196.00,pending
081-8065145-3163586,S0050,amazon,SAREE-YEL-FREE,1,C02429,2026-08-07T20:15:18.917Z,1790.10,delivered
387-3646925-2813097,S0020,amazon,JEANS-BLU-36,1,C02162,2026-07-21T11:23:20.832Z,979.00,delivered
OD543578716419,S0002,flipkart,HOODIE-YEL-M,3,C02299,2026-07-13T13:51:27.481Z,3102.30,delivered
MYN6933853097,S0006,myntra,SNEAKER-MAR-9,1,C00067,2026-09-22T22:07:44.503Z,1929.00,delivered
MYN1339201399,S0006,myntra,SNEAKER-RED-10,1,C02804,2026-08-17T10:48:36.412Z,2969.00,cancelled
MYN1457185018,S0047,myntra,KURTI-BLK-L,3,C01425,2026-08-17T20:34:20.186Z,987.00,confirmed
188-2562582-8289419,S0041,amazon,KURTI-YEL-M,1,C00346,2026-08-11T10:38:12.916Z,782.10,delivered
MSH140683236,S0001,meesho,TSHIRT-WHT-XL,1,C01592,2026-07-27T09:13:03.843Z,479.00,pending
734-8246318-7995604,S0001,amazon,TSHIRT-PNK-XL,3,C00162,2026-08-01T13:47:12.399Z,1107.00,delivered
516-6012212-7283001,S0004,amazon,KURTI-YEL-S,1,C00064,2026-07-20T06:26:23.670Z,309.00,delivered
MSH600258962,S0030,meesho,SAREE-MAR-FREE,3,C02664,2026-07-28T00:34:48.120Z,6072.30,delivered
MSH937100372,S0009,meesho,HANDBAG-BLK-FREE,1,C00556,2026-09-28T04:18:44.487Z,1219.00,delivered
879-6805959-1861718,S0001,amazon,HOODIE-PNK-M,2,C00454,2026-09-28T19:06:45.572Z,3198.00,delivered
787-8158434-5151899,S0001,amazon,HOODIE-GRN-XL,3,C02535,2026-09-05T17:26:28.356Z,5517.00,shipped
OD518529701075,S0003,flipkart,SAREE-MAR-FREE,3,C02662,2026-08-11T00:50:35.935Z,4290.30,delivered
MSH566849320,S0001,meesho,TSHIRT-WHT-XL,1,C02175,2026-08-05T23:13:25.253Z,455.05,delivered
MYN0411944153,S0040,myntra,SAREE-MAR-FREE,1,C01473,2026-09-30T08:53:46.813Z,2260.05,delivered
743-2384033-7339472,S0001,amazon,TSHIRT-WHT-XL,2,C01167,2026-09-04T01:11:54.884Z,958.00,confirmed
OD485306180742,S0010,flipkart,SAREE-MAR-FREE,5,C00745,2026-07-19T17:13:54.862Z,5305.50,delivered
MSH593219326,S0001,meesho,HOODIE-GRN-XL,1,C00680,2026-09-13T08:26:24.012Z,1839.00,delivered
MYN9440140888,S0003,myntra,KURTI-WHT-XL,1,C02926,2026-08-18T14:28:57.299Z,426.55,returned
MYN5404341064,S0048,myntra,HOODIE-RED-XL,2,C01682,2026-08-16T01:10:54.674Z,1858.00,delivered
MYN5418335710,S0008,myntra,JEANS-PNK-30,2,C00314,2026-08-05T23:36:36.599Z,2358.00,delivered
OD107626319756,S0003,flipkart,KURTI-MAR-M,3,C00817,2026-09-21T10:12:43.457Z,1737.00,pending
OD945813918048,S0024,flipkart,JEANS-RED-36,1,C01293,2026-07-12T23:23:46.058Z,799.00,delivered
827-1045946-5780360,S0009,amazon,HANDBAG-WHT-FREE,1,C01709,2026-08-12T19:48:58.151Z,1405.05,returned
719-6087777-8240947,S0008,amazon,JEANS-YEL-32,1,C02726,2026-09-25T08:31:51.406Z,1619.10,delivered
MYN6986774913,S0035,myntra,TSHIRT-GRN-L,4,C02884,2026-08-19T16:33:19.197Z,1724.40,delivered
MSH833563782,S0001,meesho,TSHIRT-WHT-XL,2,C01268,2026-07-29T18:55:51.116Z,910.10,pending
MSH567241994,S0002,meesho,HOODIE-MAR-L,1,C00337,2026-07-11T20:13:52.708Z,1019.00,confirmed
MYN3675028814,S0039,myntra,SAREE-YEL-FREE,2,C01531,2026-08-14T20:06:52.146Z,2658.00,delivered
OD897472479920,S0002,flipkart,HOODIE-MAR-L,5,C00229,2026-07-15T11:24:29.216Z,5095.00,delivered
OD048050699107,S0003,flipkart,KURTI-BLK-L,1,C01214,2026-09-24T00:15:17.632Z,769.00,delivered
MSH116605170,S0030,meesho,JEANS-RED-30,2,C01625,2026-09-05T15:20:07.714Z,3518.00,delivered
142-0332528-6437564,S0033,amazon,TSHIRT-RED-S,3,C01428,2026-08-04T21:55:30.328Z,837.00,delivered
MYN8816420352,S0003,myntra,SAREE-MAR-FREE,1,C01815,2026-09-06T11:31:57.813Z,1589.00,delivered
OD190673555089,S0015,flipkart,SAREE-PNK-FREE,3,C01689,2026-07-10T23:53:15.096Z,2277.15,delivered
OD607085137431,S0018,flipkart,JEANS-BLK-34,1,C02679,2026-07-18T01:42:29.675Z,737.10,cancelled
912-6108092-0304998,S0001,amazon,HOODIE-GRN-XL,3,C02641,2026-09-29T21:52:34.537Z,4965.30,delivered
MSH816247911,S0005,meesho,SNEAKER-BLK-9,1,C01643,2026-09-20T01:28:24.999Z,1250.10,pending
MSH777109262,S0005,meesho,SNEAKER-MAR-7,2,C02035,2026-08-24T00:59:14.469Z,4798.00,delivered
331-6518003-1792121,S0001,amazon,HOODIE-GRN-XL,1,C00260,2026-09-27T18:41:47.180Z,1839.00,pending
MSH225117928,S0040,meesho,JEANS-MAR-30,1,C00314,2026-09-29T03:45:24.738Z,1479.00,delivered
192-9025811-0131923,S0009,amazon,HANDBAG-BLK-FREE,5,C02197,2026-08-17T19:25:07.354Z,6095.007,delivered
OD920817892615,S0026,flipkart,WATCH-MAR-FREE,1,C00932,2026-10-03T11:41:14.985Z,2535.55,delivered
MYN4611816365,S0046,myntra,HOODIE-WHT-M,2,C00905,2026-09-09T12:46:03.424Z,1618.00,delivered
OD936939288582,S0042,flipkart,WATCH-BLU-FREE,1,C00685,2026-13-45T10:00:00.000Z,1610.10,delivered
OD277953527386,S0024,flipkart,JEANS-RED-30,3,C02962,2026-08-22T15:05:44.863Z,4129.65,delivered
OD024553989134,S0010,flipkart,SAREE-PNK-FREE,1,C02636,2026-09-23T16:02:20.151Z,1869.00,delivered
MSH131934129,S0002,meesho,TSHIRT-RED-L,5,C02177,2026-07-24T08:02:46.133Z,2395.00,pending
529-7039281-3774778,S0009,amazon,HANDBAG-YEL-FREE,2,C01494,2026-08-31T14:09:29.507Z,1456.20,delivered
MYN6733528222,S0019,myntra,WATCH-YEL-FREE,4,C01637,2026-09-29T19:40:08.965Z,11356.00,returned
016-4732050-4455827,S0013,amazon,SNEAKER-RED-9,2,C00530,2026-07-30T04:16:36.584Z,4598.00,shipped
524-9945512-1449580,S0008,amazon,JEANS-BLU-34,1,C02029,2026-08-27T03:09:26.254Z,1349.10,cancelled
503-8581025-9986432,S0045,amazon,WATCH-BLK-FREE,2,C01179,2026-07-19T04:58:57.482Z,6638.00,pending
MYN2044532349,S0015,myntra,SAREE-MAR-FREE,2,C02907,2026-08-07T14:50:59.668Z,4478.00,delivered
MSH623153870,S0002,meesho,HOODIE-BLU-M,1,C02545,2026-08-22T03:43:34.244Z,1736.10,confirmed
MSH572903151,S0002,meesho,HOODIE-YEL-M,1,C02340,2026-08-16T18:13:44.914Z,1091.55,delivered
MYN1300498909,S0006,myntra,SNEAKER-MAR-9,4,C02544,2026-07-24T02:46:51.892Z,7716.00,cancelled
MSH412664067,S0001,meesho,HOODIE-GRN-XL,1,C00867,2026-10-01T15:53:01.246Z,1839.00,delivered
737-0305587-9214254,S0009,amazon,HANDBAG-RED-FREE,1,C01541,2026-08-22T02:12:15.162Z,845.10,delivered
OD588600862026,S0002,flipkart,HOODIE-YEL-M,4,C01397,2026-09-24T13:25:32.400Z,4136.40,delivered
MYN5390779508,S0049,myntra,SNEAKER-MAR-10,1,C00374,2026-08-05T02:39:00.735Z,1196.05,delivered
MYN1233867600,S0006,myntra,SNEAKER-RED-10,2,C01381,2026-08-15T19:57:45.965Z,5938.00,pending
OD175652072863,S0015,flipkart,SAREE-PNK-FREE,3,C00711,2026-08-11T16:32:35.596Z,2397.00,cancelled
924-7580395-0731561,S0045,amazon,WATCH-BLK-FREE,1,C00873,2026-07-28T12:05:39.867Z,3319.00,delivered
OD767692596590,S0015,flipkart,SAREE-PNK-FREE,4,C00059,2026-08-13T09:56:48.942Z,2876.40,delivered
MYN3936074538,S0034,myntra,HANDBAG-YEL-FREE,2,C02580,2026-09-06T05:19:12.029Z,2248.20,delivered
851-9428610-3030623,S0001,amazon,HOODIE-GRN-XL,1,C02457,2026-10-03T04:12:56.577Z,1655.10,shipped
MYN8299900995,S0006,myntra,SNEAKER-RED-10,3,C00623,2026-08-18T08:00:52.574Z,8907.00,delivered
149-0569535-5009775,S0013,amazon,SNEAKER-BLU-10,4,C00848,2026-09-25T12:52:04.564Z,3644.20,delivered
OD414783256159,S0002,flipkart,HOODIE-YEL-M,4,C00561,2026-08-01T00:51:59.871Z,4366.20,pending
OD629789344349,S0015,flipkart,SAREE-GRN-FREE,1,C02746,2026-09-05T21:03:21.372Z,2184.05,confirmed
716-4285615-0490516,S0022,amazon,SNEAKER-WHT-10,2,C02427,2026-07-12T06:10:36.524Z,2738.00,returned
297-5819792-6153207,S0001,amazon,TSHIRT-GRN-L,1,C02595,2026-07-07T18:46:44.467Z,489.00,shipped
MYN4407505415,S0040,myntra,JEANS-MAR-30,2,C01350,2026-09-29T17:06:42.180Z,2958.00,shipped
MYN9524620766,S0046,myntra,HOODIE-WHT-M,1,C01399,2026-08-26T19:32:28.432Z,768.55,confirmed
395-5140200-2261864,S0001,amazon,HOODIE-GRN-XL,1,C01413,2026-10-03T11:43:43.442Z,1839.00,pending
MSH339424975,S0012,meesho,KURTI-BLU-XL,1,C00377,2026-07-11T03:12:24.013Z,859.00,delivered
OD747583243455,S0025,flipkart,SNEAKER-MAR-8,2,C02210,2026-09-13T23:17:21.796Z,2677.10,confirmed
MYN9188946978,S0043,myntra,HANDBAG-GRN-FREE,1,C02490,2026-07-17T20:45:57.861Z,521.10,delivered
748-6032003-8483135,S0004,amazon,KURTI-YEL-XL,1,C02648,2026-08-16T14:59:48.913Z,548.10,shipped
154-5544178-8553746,S0025,amazon,SNEAKER-BLK-8,2,C02540,2026-09-06T03:07:12.251Z,1510.20,delivered
MYN4754286480,S0003,myntra,SAREE-RED-FREE,1,C00357,2026-09-23T22:15:10.078Z,1025.05,returned
662-9780011-0670282,S0004,amazon,KURTI-YEL-XL,5,C00195,2026-07-25T05:41:28.730Z,2740.50,delivered
OD728695872355,S0017,flipkart,KURTI-WHT-M,1,C01738,2026-07-30T12:54:05.354Z,635.55,confirmed
MSH435821025,S0036,meesho,JEANS-PNK-36,2,C02220,2026-08-12T00:34:44.003Z,2829.10,cancelled
OD043179369900,S0008,flipkart,JEANS-YEL-32,1,C02693,2026-09-09T00:39:06.378Z,1709.05,confirmed
OD938568865047,S0015,flipkart,SAREE-PNK-FREE,1,C01323,2026-09-02T18:01:36.649Z,759.05,cancelled
OD260694999217,S0025,flipkart,SNEAKER-PNK-7,5,C02647,2026-08-18T04:44:11.461Z,13450.50,delivered
MYN6920962238,S0008,myntra,JEANS-BLK-36,3,C00263,2026-09-18T05:16:02.637Z,2397.00,shipped
MYN3296933197,S0046,myntra,SAREE-RED-FREE,1,C01278,2026-09-23T09:41:37.033Z,1549.00,delivered
677-6918520-2976189,S0020,amazon,JEANS-PNK-32,1,C02003,2026-07-06T00:10:37.021Z,1448.10,pending
MYN0941150738,S0019,myntra,WATCH-BLK-FREE,4,C02874,2026-08-13T09:42:51.786Z,5876.00,delivered
MSH420680192,S0009,meesho,HANDBAG-BLU-FREE,1,C00285,2026-08-27T06:21:06.616Z,1479.00,delivered
MYN9827070092,S0008,myntra,JEANS-YEL-32,1,C02439,2026-07-29T12:27:09.000Z,1799.00,delivered
MYN1135787633,S0006,myntra,SNEAKER-YEL-10,1,C01412,2026-08-31T02:45:49.589Z,2359.00,shipped
198-7462761-9759905,S0009,amazon,HANDBAG-YEL-FREE,3,C00749,2026-09-07T02:18:06.619Z,2184.30,confirmed
091-0224969-3498500,S0001,amazon,HOODIE-GRN-XL,2,C02365,2026-07-22T15:57:43.726Z,3678.00,confirmed
OD744311476988,S0002,flipkart,HOODIE-BLK-L,1,C01587,2026-07-30T12:15:10.301Z,917.10,shipped
OD965872479943,S0002,flipkart,TSHIRT-PNK-XL,1,C02837,2026-08-28T20:30:08.164Z,233.10,shipped
MSH859145519,S0027,meesho,SAREE-WHT-FREE,1,C00971,2026-09-19T01:31:14.718Z,1829.00,confirmed
364-1637955-7537231,S0009,amazon,HANDBAG-PNK-FREE,2,C02577,2026-09-25T06:07:54.584Z,1924.20,delivered
OD155715716467,S0026,flipkart,HANDBAG-GRN-FREE,2,C01195,2026-08-26T04:01:35.970Z,1018.00,delivered
185-1271440-5109642,S0008,amazon,JEANS-PNK-30,2,C00078,2026-09-13T04:16:06.546Z,2358.00,delivered
MYN6367023724,S0008,myntra,JEANS-YEL-32,1,C02969,2026-07-05T12:16:16.063Z,1799.00,cancelled
OD189761467188,S0002,flipkart,TSHIRT-PNK-XL,1,C02215,2026-07-20T11:41:27.119Z,259.00,delivered
OD698786722038,S0010,flipkart,SAREE-YEL-FREE,1,C01330,2026-09-16T02:06:33.223Z,664.05,delivered
495-4243140-3241954,S0012,amazon,KURTI-BLU-XL,2,C00678,2026-09-24T01:40:50.187Z,1718.00,delivered
OD051455003214,S0026,flipkart,HANDBAG-BLK-FREE,1,C01903,2026-09-11T02:50:24.968Z,407.55,delivered
MYN6203936622,S0003,myntra,SAREE-MAR-FREE,1,C02576,2026-08-25T00:16:19.426Z,1589.00,pending
MSH679097079,S0007,meesho,HOODIE-PNK-L,3,C01887,2026-09-15T05:56:14.209Z,2937.00,delivered
MSH899940761,S0001,meesho,TSHIRT-PNK-XL,4,C00693,2026-09-14T09:47:53.723Z,1476.00,delivered
370-2236470-0844873,S0037,amazon,JEANS-PNK-36,1,C02429,2026-09-11T03:44:29.370Z,818.10,delivered
384-2786578-9566976,S0008,amazon,JEANS-BLU-34,4,C01825,2026-09-10T22:57:36.113Z,5696.20,shipped
647-3531568-4089381,S0001,amazon,TSHIRT-GRN-L,1,C00321,2026-08-23T01:09:16.468Z,489.00,delivered
587-8530271-8824058,S0004,amazon,KURTI-YEL-XL,1,C01556,2026-08-10T12:15:42.980Z,578.55,delivered
286-5542785-6384360,S0001,amazon,HOODIE-PNK-M,4,C02668,2026-08-18T10:14:12.393Z,5756.40,delivered
MYN9418891399,S0019,myntra,WATCH-BLK-FREE,1,C00399,2026-09-26T00:18:56.370Z,1469.00,pending
MYN0139548817,S0016,myntra,HANDBAG-BLK-FREE,1,C02987,2026-08-06T22:40:49.338Z,1025.05,delivered
516-4202871-9639383,S0001,amazon,TSHIRT-GRN-L,3,C00069,2026-07-17T16:06:41.714Z,1393.65,delivered
MYN1386516120,S0041,myntra,KURTI-RED-XL,4,C01943,2026-08-26T07:16:16.712Z,2076.00,confirmed
MSH102926406,S0030,meesho,JEANS-MAR-30,1,C00717,2026-08-22T21:18:52.759Z,626.05,pending
MYN7713439531,S0040,myntra,JEANS-BLU-30,3,C00130,2026-08-03T03:17:11.138Z,4044.15,delivered
301-3668477-2936663,S0001,amazon,TSHIRT-WHT-XL,1,C01091,2026-09-13T15:36:26.394Z,431.10,delivered
MSH508148886,S0027,meesho,SAREE-WHT-FREE,2,C00136,2026-07-06T22:44:29.876Z,3658.00,delivered
MSH211369519,S0002,meesho,HOODIE-YEL-M,4,C00050,2026-07-26T10:33:22.957Z,4596.00,delivered
MYN5271570988,S0003,myntra,KURTI-WHT-XL,4,C01039,2026-08-19T21:57:38.839Z,1796.00,delivered
OD817271011301,S0042,flipkart,WATCH-BLU-FREE,1,C00065,2026-08-05T22:44:28.729Z,1610.10,delivered
619-5213525-5180599,S0026,amazon,WATCH-MAR-FREE,1,C00478,2026-09-29T09:45:05.942Z,2669.00,delivered
MSH444045609,S0036,meesho,HOODIE-GRN-XL,3,C00993,2026-08-07T03:02:41.542Z,5355.15,delivered
MSH640303546,S0007,meesho,JEANS-YEL-30,1,C00195,2026-08-15T01:53:27.646Z,609.00,pending
170-8435072-8621706,S0001,amazon,HOODIE-PNK-M,1,C01408,2026-09-11T22:29:33.231Z,1599.00,shipped
MYN6894482026,S0016,myntra,HANDBAG-BLU-FREE,2,C02458,2026-08-07T13:34:35.240Z,2392.20,pending
OD090934963268,S0002,flipkart,TSHIRT-GRN-M,3,C00596,2026-07-30T02:55:06.136Z,1467.00,delivered
OD111337610994,S0003,flipkart,SAREE-MAR-FREE,1,C02522,2026-09-05T23:43:18.001Z,1430.10,delivered
785-0818320-0422328,S0001,amazon,TSHIRT-PNK-XL,2,C00812,2026-09-10T10:07:53.553Z,738.00,delivered
OD882060978325,S0042,flipkart,WATCH-BLU-FREE,2,C00858,2026-08-30T22:51:17.853Z,3399.10,confirmed
MSH953384604,S0002,meesho,HOODIE-BLK-L,2,C02332,2026-10-02T16:04:29.846Z,2038.00,shipped
450-8609685-8734709,S0032,amazon,WATCH-PNK-FREE,2,C02974,2026-07-30T05:29:06.348Z,2500.20,delivered
OD497368484180,S0026,flipkart,HANDBAG-GRN-FREE,2,C01440,2026-09-29T06:38:53.383Z,967.10,delivered
MSH405455931,S0002,meesho,HOODIE-YEL-M,4,C01178,2026-08-08T00:36:29.340Z,4366.20,delivered
OD150053654494,S0024,flipkart,JEANS-MAR-36,1,C01849,2026-08-07T16:34:34.805Z,839.00,delivered
OD332000994818,S0002,flipkart,HOODIE-BLK-L,2,C02525,2026-07-25T01:37:14.128Z,1834.20,confirmed
776-3523193-0951972,S0001,amazon,TSHIRT-GRN-L,2,C00987,2026-08-12T19:38:16.432Z,929.10,delivered
MSH089281322,S0007,meesho,HOODIE-PNK-L,1,C00642,2026-08-01T02:33:59.741Z,979.00,returned
MSH225428906,S0005,meesho,SNEAKER-BLU-7,1,C01757,2026-07-17T17:33:50.180Z,2469.00,delivered
527-2544134-1166224,S0022,amazon,HOODIE-YEL-M,3,C01823,2026-09-04T07:36:16.528Z,3657.00,cancelled
MYN5461509055,S0006,myntra,SNEAKER-WHT-8,1,C00657,2026-07-30T23:48:44.768Z,1376.55,delivered
MYN7998002164,S0008,myntra,JEANS-PNK-30,1,C02086,2026-09-16T03:06:48.939Z,1179.00,delivered
579-4887817-1428697,S0008,amazon,JEANS-BLU-34,2,C00523,2026-09-23T04:41:30.077Z,2998.00,delivered
OD019035523919,S0015,flipkart,SAREE-PNK-FREE,1,C01876,2026-10-02T07:27:11.633Z,719.10,shipped
MYN8639151864,S0016,myntra,HANDBAG-PNK-FREE,3,C00486,2026-09-26T18:24:21.447Z,1647.00,delivered
MYN6125460007,S0006,myntra,SNEAKER-YEL-7,3,C01432,2026-08-31T17:54:49.313Z,3750.30,delivered
OD535577630804,S0003,flipkart,SAREE-GRN-FREE,1,C01118,2026-07-08T06:50:51.864Z,1462.05,cancelled
MYN6174742038,S0019,myntra,WATCH-GRN-FREE,2,C02142,2026-07-16T01:55:27.955Z,4958.00,cancelled
722-2221166-1154586,S0016,amazon,HANDBAG-GRN-FREE,1,C02936,2026-09-11T03:30:40.464Z,1099.00,delivered
OD881071005506,S0021,flipkart,SNEAKER-BLK-10,1,C01275,2026-09-26T07:32:01.628Z,1409.00,confirmed
086-7370322-6743581,S0001,amazon,TSHIRT-WHT-XL,4,C00902,2026-08-01T03:42:00.496Z,1724.40,returned
OD971410102096,S0003,flipkart,SAREE-MAR-FREE,1,C02006,2026-08-07T22:56:34.120Z,1430.10,delivered
OD568274450582,S0003,flipkart,KURTI-BLK-M,1,C02171,2026-09-14T22:15:42.108Z,740.05,delivered
OD668634769511,S0037,flipkart,JEANS-GRN-34,1,C01019,2026-09-07T16:04:35.933Z,1479.00,confirmed
MSH576353612,S0027,meesho,SAREE-YEL-FREE,3,C02920,2026-07-14T00:27:01.273Z,3987.15,confirmed
OD883845652823,S0010,flipkart,SAREE-WHT-FREE,2,C00719,2026-09-23T10:41:15.773Z,3436.20,delivered
588-4525349-6067113,S0001,amazon,TSHIRT-WHT-XL,2,C01007,2026-07-14T18:32:42.697Z,958.00,returned
OD420206471911,S0002,flipkart,HOODIE-MAR-L,1,C02402,2026-07-28T17:57:42.837Z,1019.00,cancelled
MSH144165659,S0007,meesho,JEANS-GRN-30,3,C00859,2026-07-21T18:28:55.227Z,2397.00,delivered
MYN2977515504,S0040,myntra,JEANS-BLU-30,1,C00273,2026-07-14T08:33:35.016Z,1348.05,delivered
MYN6916262338,S0023,myntra,SAREE-BLU-FREE,1,C01970,2026-08-12T17:51:04.411Z,2231.10,delivered
MYN4698318159,S0047,myntra,KURTI-YEL-M,3,C01822,2026-07-10T10:58:14.973Z,2667.00,confirmed
MSH061446698,S0009,meesho,HANDBAG-YEL-FREE,3,C00994,2026-08-09T17:56:49.071Z,2305.65,pending
MSH800072209,S0012,meesho,KURTI-BLU-XL,2,C01807,2026-08-28T14:48:55.192Z,1718.00,delivered
MYN2940477753,S0004,myntra,KURTI-BLU-S,2,C00839,2026-09-22T02:05:22.793Z,1492.20,confirmed
764-0623650-0096119,S0033,amazon,TSHIRT-BLK-S,4,C01397,2026-09-12T12:33:03.896Z,2408.40,delivered
MYN7799190149,S0003,myntra,SAREE-MAR-FREE,1,C02984,2026-07-15T12:29:47.588Z,1430.10,shipped
OD890494546783,S0025,flipkart,SNEAKER-PNK-7,2,C00090,2026-07-16T12:47:38.948Z,5978.00,delivered
MYN1251331254,S0034,myntra,HANDBAG-BLU-FREE,1,C02438,2026-07-14T03:28:52.167Z,1329.00,delivered
XXXXXXXXXXXXXXXXXXXXXXXXXXXXXXXXXXXXXXXXXXXXXXXXXXXXXXXXXXXXXXXXXXXXXX,S0024,flipkart,JEANS-MAR-36,1,C00991,2026-08-18T16:41:44.782Z,755.10,confirmed
OD033534888944,S0002,flipkart,HOODIE-BLK-L,4,C01733,2026-08-16T19:05:33.602Z,3872.20,delivered
596-6909694-6032809,S0013,amazon,SNEAKER-MAR-8,1,C00124,2026-08-11T11:19:41.622Z,1959.00,pending
OD366148776119,S0002,flipkart,HOODIE-YEL-M,2,C02866,2026-08-26T22:17:00.283Z,2068.20,delivered
MSH056300872,S0001,meesho,HOODIE-GRN-XL,1,C01384,2026-09-14T23:45:30.754Z,1839.00,shipped
OD657330633354,S0017,flipkart,KURTI-WHT-XL,1,C02780,2026-08-11T05:04:28.759Z,569.00,delivered
473-1415727-8282009,S0001,amazon,HOODIE-GRN-XL,1,C01229,2026-08-11T12:46:36.602Z,1839.00,confirmed
MSH647515003,S0002,meesho,HOODIE-YEL-M,5,C02722,2026-07-11T00:35:49.804Z,5457.75,returned
MYN4033526034,S0016,myntra,HANDBAG-BLK-FREE,1,C01742,2026-08-16T06:45:35.320Z,1079.00,delivered
MYN3007984819,S0037,myntra,WATCH-GRN-FREE,2,C02320,2026-07-28T13:13:30.358Z,1726.20,delivered
OD905039969953,S0026,flipkart,WATCH-MAR-FREE,2,C01355,2026-08-09T16:55:46.035Z,5338.00,shipped
232-4431907-2627597,S0001,amazon,HOODIE-GRN-XL,1,C02994,2026-08-11T01:12:39.734Z,1839.00,delivered
140-4735564-0253286,S0001,amazon,TSHIRT-WHT-XL,2,C00447,2026-10-02T16:00:28.761Z,862.20,delivered
685-2249108-1976957,S0004,amazon,KURTI-BLU-S,1,C02794,2026-09-23T17:48:29.350Z,787.55,delivered
163-6833382-1973735,S0022,amazon,HOODIE-YEL-M,1,C02753,2026-09-09T12:54:40.839Z,1219.00,returned
OD778662411320,S0026,flipkart,WATCH-GRN-FREE,1,C01370,2026-07-30T16:17:56.694Z,709.00,delivered
MYN6945000956,S0039,myntra,HANDBAG-BLU-FREE,3,C01101,2026-07-22T03:28:58.347Z,1767.00,confirmed
205-2260418-4178044,S0022,amazon,HOODIE-BLK-XL,1,C02769,2026-08-09T08:49:26.044Z,1272.05,delivered
001-6912914-3795967,S0022,amazon,SNEAKER-WHT-10,3,C00194,2026-07-11T23:52:40.394Z,3901.65,delivered
OD188518448421,S0033,flipkart,TSHIRT-BLK-S,1,C01111,2026-08-17T00:12:15.589Z,669.00,delivered
MYN1729173362,S0038,myntra,SNEAKER-BLK-8,1,C00155,2026-08-24T16:08:59.559Z,2199.00,delivered
OD953761117614,S0003,flipkart,SAREE-MAR-FREE,2,C02822,2026-07-29T16:55:09.963Z,3178.00,cancelled
MSH338850904,S0001,meesho,TSHIRT-GRN-L,4,C01463,2026-09-13T21:40:45.041Z,1858.20,confirmed
MSH003293446,S0009,meesho,HANDBAG-PNK-FREE,5,C00498,2026-07-09T12:59:42.275Z,5345.00,delivered
MSH288386079,S0001,meesho,HOODIE-GRN-XL,1,C00920,2026-07-22T20:53:33.038Z,1747.05,confirmed
997-7494781-7809048,S0004,amazon,KURTI-YEL-M,2,C00386,2026-09-14T12:25:32.156Z,1738.00,delivered
403-7472006-2295532,S0008,amazon,JEANS-BLK-36,2,C02372,2026-09-10T17:59:32.538Z,1598.00,delivered
012-1676968-8581896,S0001,amazon,TSHIRT-PNK-XL,3,C00028,2026-07-17T20:18:06.077Z,1107.00,delivered
OD538771202241,S0003,flipkart,SAREE-YEL-FREE,1,C01215,2026-07-29T21:35:36.819Z,1289.00,delivered
952-1226677-2877394,S0001,amazon,TSHIRT-WHT-XL,2,C00820,2026-09-29T17:48:59.136Z,862.20,delivered
MYN2956200648,S0014,myntra,KURTI-RED-M,2,C02135,2026-07-11T11:28:25.311Z,1498.00,delivered
MYN0252135085,S0044,myntra,HOODIE-YEL-XL,2,C01858,2026-08-13T17:43:55.518Z,3858.00,delivered
MYN4386866425,S0006,myntra,SNEAKER-YEL-9,4,C00273,2026-09-09T22:17:47.240Z,5216.40,delivered
MSH452306504,S0001,meesho,HOODIE-GRN-XL,2,C00348,2026-10-02T08:46:45.490Z,3678.00,delivered
MSH354079480,S0002,meesho,HOODIE-BLU-M,1,C02213,2026-08-16T06:50:59.012Z,1736.10,delivered
OD937146958392,S0048,flipkart,HOODIE-YEL-XL,2,C02357,2026-08-11T03:25:26.583Z,3498.00,confirmed
MSH522666117,S0007,meesho,JEANS-GRN-34,5,C01812,2026-08-08T15:38:39.254Z,3235.50,delivered
MYN9412955287,S0038,myntra,SNEAKER-PNK-8,2,C00229,2026-07-31T22:28:28.699Z,2638.00,returned
109-3069078-1470079,S0028,amazon,JEANS-GRN-36,1,C02821,2026-09-27T02:54:51.652Z,719.10,delivered
392-3748811-6612517,S0020,amazon,JEANS-PNK-34,1,C01758,2026-07-19T17:04:00.800Z,987.05,pending
MYN5997973531,S0006,myntra,SNEAKER-GRN-7,4,C02480,2026-08-23T18:08:27.575Z,3356.00,delivered
MSH676425815,S0001,meesho,HOODIE-GRN-XL,5,C00835,2026-08-21T19:17:36.878Z,9195.00,shipped
MYN2109061470,S0039,myntra,HANDBAG-BLK-FREE,1,C01062,2026-08-19T13:08:49.048Z,809.00,delivered
MSH175331322,S0005,meesho,SNEAKER-RED-10,1,C01538,2026-07-12T11:11:07.916Z,1823.05,delivered
853-2913726-9199884,S0004,amazon,KURTI-YEL-XL,4,C02991,2026-09-21T05:29:34.457Z,2192.40,confirmed
043-7158219-0091519,S0001,amazon,HOODIE-GRN-XL,4,C00168,2026-09-04T11:03:17.719Z,7356.00,delivered
OD490991331285,S0010,flipkart,SAREE-YEL-FREE,5,C00157,2026-09-10T14:46:55.832Z,3320.25,delivered
OD698486314531,S0003,flipkart,KURTI-BLK-L,1,C02258,2026-07-17T17:12:22.796Z,769.00,returned
257-8401205-1589481,S0001,amazon,HOODIE-PNK-M,2,C00739,2026-08-18T02:10:33.532Z,3038.10,pending
MYN6987940626,S0043,myntra,HANDBAG-GRN-FREE,2,C00346,2026-07-16T22:56:59.406Z,1158.00,shipped
MYN4700764019,S0044,myntra,HOODIE-PNK-M,1,C01529,2026-10-03T01:38:19.916Z,1214.10,delivered
244-8703938-4670407,S0001,amazon,HOODIE-GRN-XL,1,C01081,2026-07-25T19:28:40.586Z,1655.10,returned
OD670576052491,S0010,flipkart,HANDBAG-PNK-FREE,1,C02180,2026-09-15T16:31:52.151Z,683.05,shipped
865-5714071-5693740,S0001,amazon,HOODIE-GRN-XL,1,C01431,2026-08-24T05:20:45.776Z,1839.00,delivered
OD135195102430,S0003,flipkart,KURTI-BLK-L,3,C00716,2026-08-30T02:10:21.912Z,2307.00,returned
MYN5599828998,S0006,myntra,SNEAKER-RED-10,1,C00951,2026-08-27T20:32:04.951Z,2672.10,shipped
777-0582246-3620211,S0028,amazon,JEANS-RED-34,1,C01504,2026-07-12T00:38:24.423Z,1159.00,cancelled
MSH409665117,S0001,meesho,HOODIE-GRN-XL,1,C00681,2026-09-06T18:15:11.672Z,1839.00,pending
OD235456534758,S0002,flipkart,TSHIRT-RED-S,1,C01874,2026-09-21T14:11:55.060Z,379.00,pending
OD514589313452,S0003,flipkart,SAREE-GRN-FREE,2,C00299,2026-09-07T07:35:55.381Z,2770.20,returned
MYN8297814373,S0035,myntra,WATCH-WHT-FREE,1,C00194,2026-07-30T15:23:33.528Z,1779.00,delivered
OD422803766798,S0002,flipkart,HOODIE-BLK-L,1,C00536,2026-08-27T15:25:54.805Z,968.05,delivered
OD928637758199,S0009,flipkart,HANDBAG-BLK-FREE,3,C00234,2026-07-09T02:38:32.216Z,3474.15,confirmed
OD295398070576,S0024,flipkart,JEANS-RED-30,4,C00424,2026-08-14T07:45:22.541Z,5216.40,delivered
682-6110694-1290110,S0001,amazon,HOODIE-GRN-XL,2,C02337,2026-08-31T12:07:38.802Z,3310.20,delivered
MSH832101326,S0010,meesho,SAREE-MAR-FREE,2,C02827,2026-08-05T12:57:49.104Z,2122.20,shipped
683-5395955-9465797,S0041,amazon,TSHIRT-YEL-S,2,C01511,2026-08-05T15:41:59.294Z,1118.00,delivered
MYN4174116853,S0003,myntra,SAREE-YEL-FREE,2,C01777,2026-10-02T11:00:23.274Z,2578.00,cancelled
724-0945703-5606449,S0037,amazon,WATCH-GRN-FREE,1,C02588,2026-07-08T06:47:38.790Z,959.00,delivered
MYN8620998130,S0049,myntra,SNEAKER-YEL-10,1,C01909,2026-07-16T18:10:11.463Z,2579.00,pending
678-0173363-8366552,S0043,amazon,HANDBAG-RED-FREE,1,C00990,2026-09-26T21:49:20.799Z,1115.10,confirmed
OD825203724436,S0002,flipkart,HOODIE-BLK-L,2,C02826,2026-07-25T04:58:05.700Z,1936.10,delivered
OD984095577861,S0002,flipkart,TSHIRT-PNK-M,1,C01265,2026-08-22T10:47:40.135Z,679.00,delivered
MYN1382378579,S0008,myntra,JEANS-YEL-32,2,C00954,2026-08-01T19:11:14.848Z,3238.20,delivered
MSH076536307,S0001,meesho,HOODIE-GRN-XL,3,C01555,2026-07-13T14:48:00.240Z,5517.00,delivered
OD042325517873,S0010,flipkart,SAREE-WHT-FREE,1,C02333,2026-08-10T17:16:57.648Z,1909.00,delivered
OD142183983517,S0017,flipkart,KURTI-WHT-M,2,C02106,2026-08-10T01:15:02.140Z,1338.00,delivered
MSH059496855,S0005,meesho,SNEAKER-RED-7,5,C00619,2026-08-31T07:26:31.040Z,10995.00,pending
629-8379256-3647226,S0001,amazon,TSHIRT-WHT-XL,2,C02165,2026-09-15T01:37:34.333Z,958.00,delivered
MYN8085615649,S0034,myntra,HANDBAG-YEL-FREE,1,C02507,2026-07-19T01:43:38.135Z,1249.00,delivered
MSH469118114,S0001,meesho,HOODIE-GRN-XL,2,C00158,2026-08-16T04:35:29.359Z,3678.00,delivered
MYN1256669539,S0006,myntra,SNEAKER-YEL-10,3,C02167,2026-08-26T06:37:17.845Z,6723.15,delivered
990-0136985-6303245,S0004,amazon,KURTI-YEL-S,1,C01526,2026-09-28T20:30:20.149Z,278.10,delivered
029-1909626-4934948,S0009,amazon,HANDBAG-PNK-FREE,1,C01574,2026-07-26T10:27:49.012Z,1069.00,pending
MYN8239114019,S0019,myntra,WATCH-GRN-FREE,5,C01358,2026-09-07T00:40:09.222Z,12395.00,delivered
MSH129684791,S0002,meesho,HOODIE-YEL-M,2,C00411,2026-07-31T13:23:58.507Z,2183.10,delivered
685-5882605-6801001,S0032,amazon,WATCH-BLK-FREE,3,C00735,2026-09-05T08:11:23.707Z,5212.65,delivered
MSH795334119,S0007,meesho,JEANS-BLU-36,3,C01245,2026-08-31T16:09:25.319Z,3357.00,delivered
MYN1591208231,S0034,myntra,HANDBAG-WHT-FREE,4,C01365,2026-08-27T16:29:01.181Z,4568.40,delivered
MYN6208160239,S0047,myntra,KURTI-BLK-L,2,C02872,2026-08-29T04:13:01.560Z,658.00,shipped
103-3194310-2560381,S0001,amazon,HOODIE-GRN-XL,1,C02137,2026-09-25T10:00:47.385Z,1747.05,delivered
OD544228260640,S0003,flipkart,SAREE-RED-FREE,1,C02079,2026-07-19T06:30:52.717Z,1025.05,delivered
MYN0929779378,S0047,myntra,KURTI-RED-M,1,C01759,2026-09-24T07:56:32.223Z,539.00,pending
MSH647670692,S0030,meesho,JEANS-GRN-36,1,C02346,2026-08-15T19:26:07.886Z,1739.00,returned
MSH942594670,S0001,meesho,HOODIE-PNK-M,4,C02404,2026-08-29T18:56:01.479Z,6396.00,delivered
MSH053280021,S0002,meesho,HOODIE-BLK-L,4,C02008,2026-09-18T22:41:34.314Z,4076.00,delivered
OD549282210379,S0002,flipkart,HOODIE-BLK-L,1,C02094,2026-09-09T22:42:37.262Z,1019.00,cancelled
MSH622840553,S0001,meesho,TSHIRT-WHT-XL,3,C02640,2026-08-19T19:37:48.520Z,1437.00,pending
045-8251595-5024513,S0004,amazon,KURTI-YEL-M,1,C00481,2026-08-18T02:20:32.159Z,869.00,delivered
642-4851598-3293033,S0044,amazon,HOODIE-GRN-L,2,C02855,2026-07-26T06:33:36.078Z,2620.10,delivered
MSH173127612,S0001,meesho,,1,C00997,2026-07-08T01:12:01.434Z,479.00,delivered
606-7333202-6233743,S0026,amazon,HANDBAG-GRN-FREE,1,C01247,2026-08-30T00:28:11.034Z,458.10,delivered
MYN0158719467,S0039,myntra,SAREE-PNK-FREE,1,C02618,2026-09-04T15:32:34.855Z,1539.00,delivered
MYN2007688355,S0008,myntra,JEANS-YEL-32,2,C01564,2026-08-01T22:23:12.166Z,3598.00,delivered
OD627466483896,S0002,flipkart,HOODIE-YEL-M,1,C01178,2026-08-25T15:07:47.572Z,1034.10,shipped
OD665101110313,S0002,flipkart,HOODIE-YEL-M,3,C00078,2026-07-26T20:49:20.222Z,3102.30,delivered
MSH808119359,S0002,meesho,TSHIRT-WHT-M,2,C01554,2026-09-19T21:40:11.963Z,878.00,delivered
MSH139447966,S0001,meesho,TSHIRT-PNK-XL,3,C02481,2026-07-14T22:26:08.640Z,1107.00,delivered
MSH822767445,S0005,meesho,SNEAKER-PNK-9,3,C00142,2026-08-01T08:15:23.804Z,2757.00,delivered
MSH004662999,S0002,meesho,HOODIE-YEL-M,2,C00092,2026-08-24T10:07:40.623Z,2298.00,delivered
607-6805722-0631976,S0012,amazon,KURTI-YEL-M,2,C02039,2026-09-03T12:03:06.896Z,1498.00,delivered
327-6340296-8891129,S0008,amazon,JEANS-YEL-32,1,C02070,2026-08-17T17:33:59.428Z,1619.10,delivered
OD896192151051,S0018,flipkart,JEANS-RED-30,1,C01841,2026-08-19T11:57:45.001Z,1239.00,shipped
MYN4481019973,S0008,myntra,JEANS-YEL-32,1,C00618,2026-08-14T06:41:14.592Z,1619.10,delivered
044-2529883-7415724,S0001,amazon,HOODIE-GRN-XL,3,C02968,2026-08-27T20:46:30.159Z,5517.00,delivered
382-6900194-4952328,S0040,amazon,JEANS-MAR-30,2,C02227,2026-08-15T05:04:29.747Z,2810.10,delivered
MYN8097360841,S0008,myntra,JEANS-YEL-32,1,C02355,2026-08-27T23:25:04.284Z,1709.05,delivered
MSH506335524,S0010,meesho,SAREE-WHT-FREE,1,C02543,2026-07-11T23:33:16.812Z,1909.00,confirmed
919-7364196-4689195,S0008,amazon,JEANS-BLU-34,2,C01123,2026-08-06T23:56:49.002Z,2998.00,confirmed
MSH451124723,S0029,meesho,SNEAKER-PNK-7,4,C02116,2026-09-11T00:56:43.277Z,9140.40,shipped
900-4862090-4488036,S0009,amazon,HANDBAG-PNK-FREE,2,C02423,2026-07-08T13:43:04.961Z,2031.10,returned
MSH117982526,S0002,meesho,HOODIE-BLK-L,2,C01214,2026-09-25T22:56:53.777Z,2038.00,returned
833-1819218-7786453,S0031,amazon,HOODIE-BLK-M,2,C01907,2026-09-05T20:46:18.940Z,2078.00,delivered
OD193796588055,S0002,flipkart,HOODIE-YEL-M,1,C01468,2026-07-11T09:12:40.565Z,1149.00,delivered
MYN2673435259,S0008,myntra,JEANS-YEL-32,1,C01022,2026-08-07T10:40:23.554Z,1799.00,delivered
003-1917887-9113513,S0001,amazon,HOODIE-PNK-M,1,C00897,2026-07-05T16:37:32.626Z,1599.00,cancelled
299-5671987-4310252,S0026,amazon,HANDBAG-GRN-FREE,1,C01353,2026-09-08T06:10:02.541Z,509.00,delivered
MYN5744582686,S0003,myntra,KURTI-MAR-XL,2,C02062,2026-08-09T04:52:12.707Z,1178.00,delivered
MSH459422708,S0002,meesho,TSHIRT-GRN-M,1,C01171,2026-08-16T00:17:16.070Z,440.10,delivered
MYN7958989393,S0033,myntra,TSHIRT-RED-M,4,C00571,2026-07-29T08:21:01.167Z,2676.00,delivered
MYN0583543464,S0008,myntra,WATCH-PNK-FREE,1,C01423,2026-07-06T05:52:33.740Z,3419.00,pending
MYN8577326004,S0003,myntra,KURTI-BLK-M,3,C01278,2026-08-22T22:15:59.260Z,2103.30,delivered
OD035926174290,S0002,flipkart,TSHIRT-WHT-M,1,C01167,2026-08-03T11:45:49.253Z,417.05,cancelled
581-9577841-7432063,S0001,amazon,HOODIE-GRN-XL,2,C02832,2026-08-01T21:16:46.574Z,3678.00,delivered
OD353469393010,S0002,flipkart,HOODIE-YEL-M,1,C02463,2026-09-26T19:53:50.692Z,1149.00,delivered
MSH117580490,S0002,meesho,TSHIRT-PNK-XL,3,C01098,2026-10-01T18:51:14.821Z,777.00,delivered
830-8582032-2951999,S0040,amazon,JEANS-BLU-30,2,C01565,2026-08-01T20:02:10.039Z,2838.00,delivered
MSH003418296,S0002,meesho,HOODIE-YEL-M,1,C01825,2026-09-17T11:29:30.888Z,1034.10,delivered
MSH995263034,S0001,meesho,HOODIE-PNK-M,4,C00336,2026-08-24T02:17:28.529Z,6396.00,delivered
356-4206338-0083252,S0008,amazon,JEANS-BLU-34,1,C02270,2026-08-30T14:33:45.031Z,1499.00,delivered
137-8885264-7355363,S0001,amazon,HOODIE-GRN-XL,3,C02416,2026-07-10T06:42:19.271Z,5241.15,confirmed
MSH941546988,S0001,meesho,HOODIE-PNK-M,2,C00750,2026-09-22T18:29:26.938Z,3198.00,delivered
796-7929513-9042392,S0001,amazon,TSHIRT-PNK-XL,2,C02365,2026-07-24T23:57:00.669Z,738.00,delivered
OD970043507403,S0014,flipkart,KURTI-RED-M,3,C02659,2026-08-14T09:54:51.029Z,2022.30,delivered
MYN9563809120,S0023,myntra,SAREE-BLK-FREE,1,C01749,2026-09-08T14:34:11.835Z,1729.00,delivered
MSH479791886,S0009,meesho,HANDBAG-BLU-FREE,1,C00917,2026-07-26T22:57:49.096Z,1479.00,pending
MSH215405364,S0002,meesho,HOODIE-YEL-M,1,C01986,2026-08-03T18:06:45.883Z,1149.00,delivered
430-9774864-9280876,S0004,amazon,KURTI-YEL-XL,1,C00477,2026-08-04T20:46:51.679Z,578.55,delivered
MYN0063638307,S0041,myntra,TSHIRT-RED-L,1,C01719,2026-08-07T10:14:40.960Z,529.00,pending
MYN3530721929,S0003,myntra,KURTI-YEL-L,1,C02359,2026-08-07T01:51:38.154Z,540.55,confirmed
OD901053555553,S0024,flipkart,JEANS-YEL-30,1,C00806,2026-09-03T15:56:32.957Z,669.00,delivered
MYN0254469932,S0003,myntra,KURTI-BLK-M,1,C01036,2026-07-23T23:29:27.837Z,779.00,shipped
OD393938018788,S0025,flipkart,SNEAKER-BLK-8,2,C00614,2026-09-30T20:42:24.306Z,1594.10,cancelled
MSH205704838,S0005,meesho,SNEAKER-MAR-7,2,C00289,2026-09-16T07:11:07.614Z,4798.00,pending
OD978855741784,S0015,flipkart,SAREE-PNK-FREE,2,C00911,2026-08-29T18:47:45.238Z,1598.00,delivered
OD108114689466,S0010,flipkart,SAREE-WHT-FREE,1.5,C01653,2026-10-03T08:09:07.696Z,5154.30,pending
OD778834094645,S0024,flipkart,JEANS-BLU-30,1,C01935,2026-09-20T10:35:23.905Z,1429.00,delivered
MSH610050807,S0036,meesho,JEANS-BLU-36,1,C02520,2026-09-06T23:39:41.374Z,979.00,delivered
MSH527818290,S0016,meesho,HANDBAG-MAR-FREE,1,C00764,2026-09-28T05:49:35.975Z,1109.00,shipped
MSH746722665,S0002,meesho,HOODIE-MAR-L,2,C02298,2026-10-01T00:48:23.049Z,2038.00,cancelled
979-4147193-5292666,S0001,amazon,TSHIRT-PNK-XL,1,C02432,2026-08-03T18:38:17.875Z,369.00,pending
152-4482364-3878633,S0001,amazon,TSHIRT-GRN-L,1,C01034,2026-08-13T09:55:01.202Z,489.00,delivered
OD978041942495,S0009,flipkart,HANDBAG-MAR-FREE,1,C00337,2026-08-02T06:56:07.954Z,739.00,delivered
679-1308650-0683047,S0001,amazon,HOODIE-GRN-XL,1,C02516,2026-08-25T06:16:05.423Z,1839.00,cancelled
MSH461153333,S0011,meesho,KURTI-WHT-XL,4,C01249,2026-08-25T11:13:35.005Z,2916.00,confirmed
MYN4389543998,S0043,myntra,HANDBAG-RED-FREE,3,C00646,2026-08-20T11:51:36.293Z,3345.30,pending
388-2249645-5323486,S0031,amazon,SNEAKER-RED-8,1,C00929,2026-07-15T21:47:59.428Z,1289.00,delivered
124-4714182-5915437,S0009,amazon,HANDBAG-WHT-FREE,2,C02769,2026-07-29T18:06:02.213Z,2958.00,delivered
101-6022014-2902313,S0001,amazon,HOODIE-PNK-M,1,C02785,2026-08-19T23:07:30.029Z,1519.05,returned
MYN3410608002,S0035,myntra,TSHIRT-WHT-XL,1,C00720,2026-08-21T11:33:50.780Z,589.00,delivered
MYN0564661414,S0049,myntra,SAREE-WHT-FREE,1,C00810,2026-09-26T11:07:48.544Z,1565.10,delivered
OD227861040903,S0010,flipkart,SAREE-PNK-FREE,2,C00091,2026-08-21T20:01:15.858Z,3738.00,cancelled
528-9715616-3191152,S0001,amazon,HOODIE-GRN-XL,1,C00885,2026-07-23T03:39:21.502Z,1747.05,delivered
OD329402675362,S0003,flipkart,KURTI-BLK-L,2,C02983,2026-08-10T07:42:18.639Z,1461.10,delivered
034-4204120-4071157,S0001,amazon,HOODIE-PNK-M,1,C01077,2026-08-14T10:13:38.246Z,1519.05,delivered
MYN8081923563,S0016,myntra,HANDBAG-GRN-FREE,1,C02252,2026-07-12T10:08:42.710Z,1044.05,returned
MYN6881896305,S0004,myntra,KURTI-PNK-M,2,C00591,2026-10-01T13:44:31.014Z,698.00,delivered
438-9721067-7630047,S0001,amazon,HOODIE-PNK-M,1,C00398,2026-09-13T09:10:16.698Z,1519.05,pending
OD062394625560,S0002,flipkart,TSHIRT-RED-S,1,C02228,2026-07-22T07:01:47.413Z,360.05,delivered
OD168901878869,S0003,flipkart,SAREE-MAR-FREE,2,C01412,2026-09-23T13:43:31.092Z,3178.00,pending
OD027595130497,S0002,flipkart,HOODIE-YEL-M,1,C01254,2026-09-13T14:57:18.893Z,1149.00,cancelled
MYN2921256559,S0048,myntra,HOODIE-BLK-L,1,C01142,2026-07-06T09:36:02.667Z,1289.00,delivered
203-2315575-4663546,S0004,amazon,KURTI-MAR-S,3,C02062,2026-08-23T21:36:13.835Z,969.30,shipped
MSH849888411,S0009,meesho,HANDBAG-YEL-FREE,1,,2026-07-22T12:11:19.881Z,809.00,delivered
MSH339371727,S0001,meesho,TSHIRT-PNK-XL,1,C00202,2026-08-13T10:25:49.063Z,369.00,delivered
583-7216161-8777492,S0020,amazon,SAREE-RED-FREE,1,C01925,2026-08-22T22:08:23.264Z,1489.00,pending
113-1518964-6655823,S0032,amazon,WATCH-GRN-FREE,1,C01521,2026-08-15T01:54:22.565Z,729.00,cancelled
699-3639067-5468529,S0045,amazon,WATCH-GRN-FREE,1,C02932,2026-07-06T06:05:23.950Z,1652.05,delivered
MYN9920106295,S0029,myntra,SNEAKER-MAR-8,1,C00322,2026-08-10T09:11:38.571Z,2699.00,delivered
OD428046047554,S0002,flipkart,HOODIE-BLK-L,1,C01003,2026-08-25T22:49:02.373Z,1019.00,returned
927-0948397-8442709,S0016,amazon,HANDBAG-RED-FREE,4,C01975,2026-07-24T15:53:42.513Z,1876.00,delivered
MSH012512195,S0002,meesho,TSHIRT-PNK-XL,1,C01976,2026-09-12T19:40:15.973Z,259.00,delivered
MYN1771423858,S0008,myntra,JEANS-YEL-32,2,C01863,2026-09-20T09:34:22.453Z,3238.20,cancelled
613-5229125-2885668,S0031,amazon,SNEAKER-BLU-10,2,C01034,2026-09-09T06:29:51.496Z,3310.20,delivered
715-4031348-3733015,S0001,amazon,TSHIRT-WHT-XL,1,C02378,2026-09-13T04:55:10.379Z,431.10,delivered
OD063018429775,S0025,flipkart,SNEAKER-PNK-7,1,C02045,2026-09-10T05:48:42.781Z,2989.00,delivered
MSH233679268,S0001,meesho,TSHIRT-WHT-XL,2,C00976,2026-10-02T01:58:47.863Z,958.00,shipped
MSH984393423,S0002,meesho,TSHIRT-BLU-XL,3,C01793,2026-07-24T15:06:31.888Z,2037.00,delivered
MSH661198521,S0005,meesho,SNEAKER-BLK-7,1,C00515,2026-07-17T04:38:32.523Z,2051.10,cancelled
OD887262151993,S0003,flipkart,SAREE-MAR-FREE,3,C01663,2026-09-23T10:19:44.753Z,4767.00,confirmed
275-1413647-1589731,S0044,amazon,HOODIE-RED-L,1,C01519,2026-07-16T21:40:54.863Z,1809.00,delivered
MSH835474122,S0009,meesho,HANDBAG-BLK-FREE,4,C02552,2026-08-26T14:16:12.563Z,4876.00,cancelled
MYN3956332504,S0006,myntra,SNEAKER-RED-10,1,C02818,2026-09-15T11:07:36.847Z,2672.10,confirmed
OD519675581582,S0003,flipkart,KURTI-PNK-XL,1,C01293,2026-07-12T18:15:49.021Z,789.00,delivered
MYN7598013478,S0003,myntra,KURTI-MAR-XL,4,C02141,2026-07-26T03:00:59.105Z,2120.40,delivered
MSH942528220,S0002,meesho,HOODIE-BLK-L,5,C01304,2026-07-10T06:25:47.274Z,5095.00,delivered
MYN7005536271,S0044,myntra,HOODIE-YEL-XL,1,C01610,2026-09-19T08:27:31.375Z,1832.55,delivered
221-7566986-7764609,S0001,amazon,TSHIRT-PNK-XL,2,C01838,2026-07-20T08:57:57.803Z,738.00,delivered
MSH883348543,S0010,meesho,SAREE-YEL-FREE,2,C00311,2026-08-05T02:38:35.301Z,1258.20,delivered
OD262479976196,S0010,flipkart,HANDBAG-RED-FREE,1,C00246,2026-09-18T06:32:40.111Z,619.00,delivered
396-7933858-2214051,S0048,amazon,HOODIE-GRN-XL,2,C02918,2026-07-24T03:58:25.171Z,3498.00,delivered
MYN1783022128,S0041,myntra,TSHIRT-YEL-S,5,C00047,2026-08-03T22:22:37.457Z,2515.50,delivered
536-0618193-2647586,S0004,amazon,KURTI-YEL-M,1,C02909,2026-08-14T15:37:58.898Z,825.55,confirmed
OD990173412428,S0010,flipkart,SAREE-MAR-FREE,1,C01414,2026-09-15T11:54:05.748Z,1061.10,delivered
MYN0917900556,S0008,myntra,JEANS-YEL-32,4,C02922,2026-09-08T07:32:15.617Z,7196.00,cancelled
492-6957759-6074786,S0001,amazon,TSHIRT-PNK-XL,1,C02602,2026-09-10T20:11:28.016Z,332.10,delivered
MSH269426992,S0016,meesho,HANDBAG-WHT-FREE,2,C02472,2026-08-14T21:40:21.411Z,1638.00,delivered
MSH720605520,S0001,meesho,HOODIE-GRN-XL,1,C01829,2026-07-19T18:37:06.663Z,1839.00,delivered
OD756983547861,S0003,flipkart,KURTI-YEL-L,1,C00803,2026-07-15T13:14:27.191Z,569.00,confirmed
MSH612897159,S0001,meesho,HOODIE-GRN-XL,1,C00511,2026-08-17T19:18:30.046Z,1839.00,delivered
MYN1450608293,S0041,myntra,KURTI-RED-XL,1,C00353,2026-07-08T14:36:30.868Z,467.10,delivered
303-7369048-4925231,S0001,amazon,HOODIE-GRN-XL,1,C02142,2026-10-01T01:37:12.523Z,1747.05,delivered
011-6983311-4586772,S0043,amazon,HANDBAG-RED-FREE,5,C02271,2026-09-29T00:40:49.899Z,6195.00,delivered
MYN8833433213,S0040,myntra,JEANS-PNK-32,1,C01703,2026-07-13T04:57:58.525Z,584.10,delivered
MYN1941762773,S0046,myntra,HOODIE-RED-XL,2,C00253,2026-07-17T14:43:54.126Z,1708.10,shipped
OD047712042823,S0003,flipkart,SAREE-GRN-FREE,2,C00634,2026-08-06T13:21:57.642Z,2924.10,delivered
428-1662256-0681394,S0043,amazon,HANDBAG-GRN-FREE,1,C00616,2026-08-07T21:04:15.870Z,579.00,delivered
MSH428809013,S0005,meesho,SNEAKER-BLK-9,3,C00874,2026-08-04T06:51:12.432Z,3958.65,delivered
OD745626621621,S0003,flipkart,KURTI-BLK-L,2,C00684,2026-09-07T15:52:13.973Z,1538.00,delivered
OD503264242819,S0024,flipkart,JEANS-BLU-30,2,C00507,2026-07-20T11:14:45.114Z,2572.20,delivered
764-9056895-0571125,S0023,amazon,SAREE-BLK-FREE,1,C00824,2026-07-17T13:39:26.754Z,1642.55,pending
OD029744252617,S0003,flipkart,KURTI-BLK-L,1,C00602,2026-07-05T18:46:03.451Z,769.00,delivered
OD885756022915,S0024,flipkart,KURTI-GRN-XL,1,C01901,2026-08-12T20:17:17.962Z,559.00,delivered
MSH020829719,S0027,meesho,SAREE-YEL-FREE,1,C00939,2026-07-06T12:16:22.174Z,1259.10,pending
200-6670573-2325248,S0008,amazon,JEANS-YEL-32,1,C01967,2026-09-12T15:34:25.093Z,1799.00,shipped
MYN4131386082,S0029,myntra,SNEAKER-PNK-7,1,C00104,2026-07-20T15:33:24.353Z,2539.00,returned
MSH066439806,S0005,meesho,SNEAKER-BLU-7,2,C02848,2026-08-04T23:53:39.358Z,4444.20,delivered
MSH739556999,S0001,meesho,HOODIE-GRN-XL,2,C01919,2026-08-09T09:32:03.741Z,3678.00,confirmed
187-3935806-2271940,S0009,amazon,HANDBAG-YEL-FREE,1,C00022,2026-08-27T12:57:46.499Z,809.00,delivered
MSH964780718,S0040,meesho,JEANS-BLU-34,1,C00579,2026-07-07T09:43:13.637Z,872.10,delivered
330-8880839-4069918,S0034,amazon,HANDBAG-MAR-FREE,4,C01511,2026-08-21T23:30:51.555Z,2836.00,delivered
MSH480686660,S0021,meesho,SNEAKER-BLK-7,5,C01571,2026-09-26T19:55:00.490Z,8545.00,delivered
MYN5094032351,S0040,myntra,JEANS-MAR-30,5,C02638,2026-09-10T07:48:49.443Z,6655.50,delivered
MSH057769709,S0002,meesho,HOODIE-MAR-L,1,C02507,2026-08-03T05:48:56.429Z,917.10,delivered
OD100225861782,S0010,flipkart,HANDBAG-RED-FREE,3,C02037,2026-07-30T03:27:25.029Z,1857.00,delivered
MSH642896804,S0026,meesho,WATCH-YEL-FREE,1,C02514,2026-07-27T09:51:50.661Z,1063.05,delivered
668-2579025-1074783,S0001,amazon,TSHIRT-WHT-XL,1,C00585,2026-09-10T15:00:30.495Z,431.10,delivered
OD835607205913,S0009,flipkart,HANDBAG-RED-FREE,1,C00145,2026-07-10T18:48:40.355Z,939.00,confirmed
MSH329034643,S0002,meesho,HOODIE-BLK-L,1,C02054,2026-07-23T12:41:25.288Z,1019.00,pending
MYN9586139328,S0003,myntra,KURTI-BLK-M,2,C02297,2026-08-27T04:58:45.774Z,1558.00,delivered
MSH418605623,S0001,meesho,HOODIE-GRN-XL,1,C00187,2026-10-02T21:27:16.206Z,1839.00,delivered
MYN5798836431,S0047,myntra,KURTI-BLK-L,3,C02328,2026-07-19T20:56:31.801Z,987.00,delivered
MYN8259460523,S0004,myntra,KURTI-YEL-S,3,C02425,2026-08-13T20:20:56.240Z,834.30,cancelled
MSH615910468,S0007,meesho,JEANS-BLU-36,3,C02131,2026-09-12T13:51:35.676Z,3021.30,delivered
327-5286486-6407931,S0035,amazon,TSHIRT-BLK-M,2,C02458,2026-08-08T11:43:39.454Z,1378.00,pending
OD826770612224,S0010,flipkart,SAREE-YEL-FREE,2,C01405,2026-08-29T14:06:19.389Z,1398.00,returned
OD710088552053,S0002,flipkart,TSHIRT-PNK-XL,2,C02103,2026-08-07T03:24:14.502Z,518.00,delivered
MSH036138126,S0007,meesho,JEANS-YEL-30,1,C02560,2026-09-20T02:37:37.646Z,609.00,delivered
OD866326494811,S0025,flipkart,SNEAKER-PNK-8,2,C01455,2026-09-28T22:37:55.278Z,2335.10,delivered
105-3189379-5207906,S0023,amazon,SAREE-YEL-FREE,2,C01987,2026-09-30T14:26:42.473Z,2178.00,returned
OD557516895201,S0048,flipkart,HOODIE-GRN-L,5,C01987,2026-08-14T18:06:41.449Z,6170.25,delivered
OD515914928474,S0010,flipkart,SAREE-WHT-FREE,1,C00366,2026-07-11T12:16:01.425Z,1909.00,delivered
MYN2763122503,S0003,myntra,KURTI-MAR-XL,2,C02531,2026-09-30T04:41:56.695Z,1119.10,confirmed
OD334450559947,S0002,flipkart,TSHIRT-PNK-XL,1,C02558,2026-08-23T22:23:42.335Z,259.00,pending
OD770959326987,S0044,flipkart,HOODIE-PNK-M,1,C01222,2026-07-28T11:01:15.220Z,1349.00,delivered
MYN8875199179,S0008,myntra,JEANS-YEL-32,1,C00446,2026-07-23T21:28:14.209Z,1799.00,delivered
MYN8872075227,S0029,myntra,SNEAKER-PNK-7,2,C02125,2026-08-30T10:51:28.958Z,5078.00,cancelled
484-2800854-1916212,S0031,amazon,SNEAKER-BLU-10,4,C02258,2026-09-05T20:39:37.862Z,7356.00,delivered
331-6589184-4782898,S0001,amazon,TSHIRT-WHT-XL,1,C00977,2026-08-25T15:19:20.286Z,479.00,confirmed
MSH213626865,S0012,meesho,KURTI-BLU-S,1,C02998,2026-08-25T13:14:00.317Z,566.10,delivered
115-2568891-5196082,S0001,amazon,HOODIE-PNK-M,1,C01834,2026-09-09T10:35:10.455Z,1599.00,confirmed
OD449722867828,S0015,flipkart,SAREE-PNK-FREE,1,C00608,2026-07-18T21:32:58.496Z,799.00,pending
MSH008800450,S0005,meesho,SNEAKER-BLK-7,1,C00572,2026-09-18T09:05:19.541Z,2051.10,delivered
823-9456487-6650213,S0031,amazon,SNEAKER-BLU-10,2,C02086,2026-09-28T20:15:28.956Z,3310.20,pending
596-0814364-1699052,S0009,amazon,HANDBAG-YEL-FREE,4,C00764,2026-09-16T03:56:21.845Z,2912.40,delivered
MSH733911322,S0001,meesho,TSHIRT-PNK-XL,5,C01904,2026-09-21T23:07:01.596Z,1845.00,delivered
MYN7562833980,S0003,myntra,KURTI-BLK-L,1,C01084,2026-09-03T16:46:00.364Z,730.55,delivered
MYN1065106320,S0003,myntra,KURTI-MAR-M,3,C02239,2026-09-11T01:26:32.949Z,1737.00,delivered
MSH018582421,S0007,meesho,HOODIE-BLK-XL,1,C00059,2026-07-10T12:05:59.451Z,1479.00,shipped
MSH786950993,S0007,meesho,HOODIE-BLK-XL,1,C02050,2026-07-25T03:40:40.568Z,1331.10,delivered
520-8216835-4188655,S0026,amazon,HANDBAG-MAR-FREE,3,C00341,2026-09-28T12:52:55.753Z,2913.30,pending
864-6866867-7805001,S0001,amazon,HOODIE-GRN-XL,1,C02865,2026-08-28T01:00:03.947Z,1747.05,delivered
023-7958399-7326898,S0001,amazon,TSHIRT-PNK-XL,1,C02723,2026-08-13T19:39:27.889Z,369.00,pending
MYN7457289303,S0003,myntra,KURTI-BLK-L,2,C02119,2026-07-11T12:54:21.334Z,1538.00,delivered
OD920177983044,S0024,flipkart,JEANS-MAR-36,1,C01160,2026-09-24T03:11:06.925Z,839.00,delivered
MSH322568593,S0030,meesho,JEANS-PNK-34,1,C00213,2026-08-16T06:12:30.341Z,1019.00,delivered
398-2268857-2603200,S0027,amazon,SAREE-RED-FREE,1,C01363,2026-08-21T19:01:26.469Z,1862.10,delivered
MSH845402222,S0009,meesho,HANDBAG-BLK-FREE,1,C02855,2026-08-10T14:18:06.824Z,1219.00,returned
687-3326374-2664119,S0001,amazon,TSHIRT-WHT-XL,5,C02467,2026-09-19T14:06:14.191Z,2275.25,delivered
551-1892657-0950665,S0001,amazon,HOODIE-PNK-M,1,C02049,2026-07-16T08:04:57.174Z,1439.10,pending
MYN3164304481,S0003,myntra,KURTI-YEL-L,1,C00647,2026-07-25T08:30:52.005Z,569.00,delivered
472-7169556-2373804,S0004,amazon,KURTI-BLU-S,1,C02080,2026-08-09T10:05:55.210Z,829.00,confirmed
865-1990467-8420312,S0008,amazon,JEANS-YEL-32,1,C02548,2026-09-26T11:34:36.228Z,1799.00,confirmed
140-9880489-4229598,S0041,amazon,TSHIRT-RED-L,2,C00687,2026-07-13T15:03:58.531Z,1058.00,delivered
MYN3913826849,S0003,myntra,SAREE-MAR-FREE,1,C02124,2026-09-24T08:31:44.065Z,1430.10,pending
791-4252053-0644332,S0004,amazon,KURTI-YEL-S,1,C02014,2026-08-19T20:44:10.378Z,309.00,shipped
MSH504494932,S0002,meesho,TSHIRT-PNK-XL,1,C01559,2026-08-18T12:01:07.260Z,259.00,returned
OD244878113095,S0003,flipkart,KURTI-MAR-XL,2,C01718,2026-07-18T19:01:51.327Z,1178.00,cancelled
MSH203318323,S0001,meesho,HOODIE-GRN-XL,1,C02407,2026-07-22T04:40:18.777Z,1839.00,delivered
MYN8833928889,S0003,myntra,KURTI-BLK-L,4,C01760,2026-07-29T07:44:20.406Z,3076.00,shipped
MYN3590069405,S0049,myntra,SNEAKER-BLU-7,1,C01906,2026-08-08T06:36:45.037Z,1289.00,delivered
045-0104018-7009067,S0022,amazon,HOODIE-YEL-M,3,C00049,2026-08-11T11:21:13.095Z,3657.00,cancelled
OD703225882047,S0003,flipkart,SAREE-MAR-FREE,2,C01928,2026-09-25T18:07:06.266Z,2860.20,confirmed
041-6621526-7444142,S0009,amazon,HANDBAG-PNK-FREE,1,C00223,2026-08-26T04:23:55.938Z,1069.00,delivered
MYN2941400886,S0006,myntra,SNEAKER-WHT-8,1,C00932,2026-07-19T06:12:11.893Z,1304.10,cancelled
860-1196677-8087623,S0012,amazon,KURTI-BLU-XL,1,C00184,2026-07-10T19:45:48.587Z,816.05,delivered
983-3537695-4161175,S0028,amazon,JEANS-RED-34,1,C01196,2026-08-14T01:35:01.148Z,1043.10,cancelled
MYN4526267871,S0006,myntra,SNEAKER-YEL-9,1,C01359,2026-08-10T10:51:24.924Z,1376.55,delivered
OD600927604102,S0024,flipkart,JEANS-MAR-36,2,C02639,2026-08-19T22:42:54.736Z,1678.00,pending
MSH870766066,S0001,meesho,TSHIRT-GRN-L,2,C01696,2026-09-06T12:31:57.082Z,978.00,delivered
OD371417821743,S0015,flipkart,WATCH-RED-FREE,2,C01279,2026-09-07T23:19:55.839Z,3958.00,delivered
MSH091216859,S0007,meesho,HOODIE-YEL-M,1,C02434,2026-08-01T15:33:43.693Z,719.00,delivered
MSH889650340,S0030,meesho,JEANS-GRN-32,3,C00298,2026-09-10T08:48:31.278Z,3387.00,delivered
MSH655283351,S0005,meesho,SNEAKER-RED-7,1,C02689,2026-07-27T19:04:48.403Z,2089.05,shipped
OD291811788150,S0028,flipkart,JEANS-YEL-34,1,C01898,2026-07-09T13:04:59.832Z,1339.00,returned
MYN6656390119,S0047,myntra,KURTI-RED-M,1,C02335,2026-07-30T14:15:39.364Z,539.00,delivered
859-6788141-1513057,S0001,amazon,HOODIE-GRN-XL,1,C02982,2026-08-01T20:25:42.436Z,1747.05,cancelled
MSH507993703,S0016,meesho,HANDBAG-RED-FREE,1,C01683,2026-08-03T00:40:50.047Z,469.00,delivered
MSH233466284,S0002,meesho,HOODIE-YEL-M,1,C02912,2026-08-10T07:42:08.682Z,1149.00,delivered
790-2946603-8878784,S0004,amazon,KURTI-BLU-S,2,C00798,2026-08-05T10:14:22.210Z,1575.10,delivered
MYN2795966734,S0040,myntra,JEANS-BLU-34,2,C00899,2026-07-18T18:26:46.937Z,1841.10,delivered
OD194456226638,S0044,flipkart,HOODIE-YEL-XL,2,C00100,2026-08-25T10:06:24.763Z,3858.00,delivered
751-1559343-1824397,S0037,amazon,JEANS-BLU-30,1,C01607,2026-07-28T16:24:41.475Z,602.10,confirmed
MYN0387380902,S0049,myntra,SNEAKER-YEL-10,2,C00002,2026-08-28T03:45:54.307Z,5158.00,delivered
OD347938123409,S0015,flipkart,SAREE-PNK-FREE,1,C02906,2026-07-17T20:14:10.501Z,799.00,delivered
MSH992632010,S0001,meesho,HOODIE-GRN-XL,1,C01940,2026-07-18T19:16:32.612Z,1747.05,shipped
888-3953272-3447314,S0012,amazon,KURTI-YEL-M,1,C01509,2026-09-06T19:23:52.237Z,749.00,pending
857-4417786-1316239,S0001,amazon,TSHIRT-PNK-XL,1,C01300,2026-08-22T02:20:15.978Z,369.00,pending
MSH528782538,S0002,meesho,HOODIE-BLK-L,2,C02637,2026-09-30T17:52:33.433Z,1936.10,confirmed
MYN6443455940,S0019,myntra,WATCH-BLK-FREE,1,C02683,2026-08-27T19:39:24.337Z,1469.00,delivered
OD569976066505,S0002,flipkart,HOODIE-YEL-M,1,C02555,2026-07-17T08:24:17.125Z,1091.55,cancelled
MSH117451235,S0005,meesho,SNEAKER-MAR-7,2,C01201,2026-09-07T09:03:56.343Z,4558.10,delivered
OD843270812066,S0003,flipkart,SAREE-MAR-FREE,1,C01628,2026-08-04T23:27:31.663Z,1589.00,delivered
858-2898603-3142890,S0004,amazon,KURTI-YEL-M,1,C01319,2026-07-21T05:18:00.885Z,782.10,delivered
515-4528840-6674741,S0034,amazon,HANDBAG-RED-FREE,2,C00279,2026-08-22T07:20:00.905Z,2218.00,delivered
276-1097377-7752031,S0008,amazon,JEANS-BLU-34,1.5,C02544,2026-09-12T09:39:11.722Z,2848.10,pending
MYN5251314088,S0004,myntra,KURTI-BLU-S,2,C02094,2026-09-10T15:06:33.131Z,1492.20,lost
MSH849137818,S0001,meesho,TSHIRT-WHT-XL,3,C01602,2026-08-26T22:35:24.308Z,1437.00,delivered
OD594752517594,S0002,flipkart,TSHIRT-WHT-M,1,C00186,2026-09-16T10:41:59.594Z,417.05,confirmed
634-2157504-3528407,S0035,amazon,TSHIRT-GRN-M,3,C00739,2026-08-30T14:40:34.326Z,867.00,delivered
MSH471788958,S0030,meesho,JEANS-PNK-34,3,C01475,2026-08-21T06:16:10.045Z,2904.15,delivered
OD500083400060,S0002,flipkart,HOODIE-MAR-XL,1,C02018,2026-07-30T04:46:07.088Z,939.00,delivered
OD013518807793,S0003,flipkart,SAREE-MAR-FREE,2,C02381,2026-07-14T11:21:58.620Z,3178.00,pending
OD769607382407,S0003,flipkart,KURTI-PNK-XL,1,C00453,2026-07-20T09:30:17.514Z,710.10,confirmed
OD084567585430,S0009,flipkart,HANDBAG-YEL-FREE,1,C02669,2026-09-09T10:04:11.226Z,809.00,returned
OD738355737375,S0002,flipkart,HOODIE-MAR-XL,1,C01164,2026-07-15T10:17:52.997Z,939.00,delivered
313-3563616-2548265,S0004,amazon,KURTI-YEL-S,2,C00380,2026-07-12T19:51:19.871Z,587.10,delivered
MSH161211650,S0012,meesho,KURTI-BLU-XL,2,C02272,2026-07-22T10:24:22.400Z,1546.20,delivered
OD066055114233,S0048,flipkart,HOODIE-GRN-L,1,C00404,2026-08-19T18:47:50.185Z,1299.00,delivered
749-1206589-5563046,S0004,amazon,KURTI-MAR-L,1,C01136,2026-08-16T14:44:59.734Z,309.00,confirmed
131-1807011-8454501,S0043,amazon,HANDBAG-RED-FREE,2,C00208,2026-09-15T05:21:47.348Z,2478.00,shipped
648-0333508-5307418,S0004,amazon,KURTI-YEL-S,1,C01248,2026-07-14T16:33:35.948Z,293.55,delivered
MYN9032331645,S0041,myntra,TSHIRT-YEL-S,1,C02233,2026-08-02T22:53:22.266Z,559.00,delivered
846-6569001-6209134,S0013,amazon,SNEAKER-MAR-8,1,C00378,2026-07-27T20:22:36.966Z,1959.007,delivered
MYN1279364312,S0003,myntra,SAREE-MAR-FREE,1,C02643,2026-09-02T04:12:25.518Z,1589.00,shipped
OD031084454274,S0033,flipkart,TSHIRT-RED-M,1,C02049,2026-08-14T06:47:56.447Z,669.00,cancelled
MSH465576893,S0001,meesho,TSHIRT-GRN-L,1,C00095,2026-09-28T22:15:33.947Z,489.00,delivered
OD470642919396,S0015,flipkart,SAREE-BLK-FREE,1,C01781,2026-08-06T19:04:37.088Z,1079.10,cancelled
458-2211946-9229948,S0041,amazon,TSHIRT-RED-L,1,C01609,2026-08-09T21:32:28.837Z,529.00,delivered
OD060935171510,S0009,flipkart,HANDBAG-PNK-FREE,1,C00629,2026-08-29T06:13:21.031Z,1015.55,confirmed
OD666937500046,S0024,flipkart,KURTI-RED-S,2,C02967,2026-08-24T22:23:52.448Z,1038.00,delivered
OD188360831557,S0036,flipkart,JEANS-WHT-30,1,C02754,2026-08-12T21:16:02.631Z,656.10,delivered
124-9046363-2557810,S0012,amazon,KURTI-WHT-L,3,C00918,2026-09-11T09:07:20.143Z,1374.30,returned
MSH066028229,S0005,meesho,SNEAKER-PNK-9,5,C01049,2026-09-01T04:06:54.500Z,4595.00,delivered
MYN0534731231,S0004,myntra,KURTI-YEL-XL,1,C00769,2026-09-02T06:33:05.990Z,609.00,delivered
704-9488098-7251860,S0044,amazon,HOODIE-BLU-XL,5,C02414,2026-07-30T01:24:07.319Z,8070.25,delivered
514-5151054-5681876,S0022,amazon,SNEAKER-WHT-10,2,C01173,2026-08-09T08:51:19.629Z,2464.20,delivered
MSH244340729,S0001,meesho,TSHIRT-PNK-XL,1,C02142,2026-08-31T01:21:13.077Z,369.00,confirmed
MSH175801433,S0002,meesho,HOODIE-YEL-M,2,C01961,2026-08-22T03:23:25.973Z,2298.00,cancelled
760-6375406-5648157,S0001,amazon,HOODIE-GRN-XL,3,C01136,2026-08-17T13:39:43.275Z,4965.30,delivered
628-1013690-1366056,S0001,amazon,HOODIE-GRN-XL,1,C01084,2026-09-08T08:02:00.744Z,1839.00,delivered
MYN1084572040,S0003,myntra,SAREE-MAR-FREE,2,C01942,2026-07-17T16:26:02.419Z,2860.20,delivered
931-5709384-6970046,S0035,amazon,TSHIRT-GRN-L,1,C00022,2026-08-04T02:43:37.322Z,455.05,delivered
385-6648218-3181127,S0009,amazon,HANDBAG-PNK-FREE,1,C00512,2026-09-03T00:37:49.181Z,1069.00,delivered
OD385762370469,S0008,flipkart,JEANS-YEL-32,1,C01723,2026-07-13T07:40:17.178Z,1709.05,delivered
287-9140869-5305714,S0001,amazon,TSHIRT-WHT-XL,4,C01455,2026-08-02T10:14:46.880Z,1916.00,delivered
441-7075128-9895173,S0001,amazon,TSHIRT-WHT-XL,1,C00503,2026-09-19T10:48:38.609Z,479.00,delivered
MSH481107279,S0001,meesho,HOODIE-GRN-XL,1,C02244,2026-08-28T16:50:55.331Z,1655.10,delivered
MYN9075456170,S0019,myntra,WATCH-WHT-FREE,1,C01610,2026-07-10T18:29:24.634Z,2231.10,delivered
OD497858071447,S0009,flipkart,HANDBAG-PNK-FREE,2,C00423,2026-08-17T22:38:26.604Z,2138.00,delivered
844-4346193-0952235,S0001,amazon,HOODIE-GRN-XL,1,C00687,2026-09-13T23:21:48.988Z,1839.00,pending
960-4399278-1313701,S0041,amazon,KURTI-RED-XL,4,C02275,2026-07-16T16:23:48.513Z,2076.00,pending
MYN7209678767,S0016,myntra,HANDBAG-PNK-FREE,1,C00927,2026-07-28T11:48:12.123Z,521.55,delivered
MYN9121553795,S0004,myntra,KURTI-YEL-XL,1,C01347,2026-08-07T22:27:42.752Z,609.00,confirmed
MSH488215097,S0012,meesho,KURTI-YEL-M,1,C01440,2026-09-28T19:41:23.000Z,749.00,delivered
MSH446212310,S0007,meesho,JEANS-BLU-36,2,C02744,2026-08-01T16:34:58.186Z,2126.10,delivered
MSH863784475,S0001,meesho,HOODIE-GRN-XL,1,C02859,2026-08-19T22:08:08.451Z,1839.00,shipped
MSH398113418,S0007,meesho,HOODIE-YEL-M,3,C01784,2026-08-12T00:25:25.957Z,2157.00,delivered
061-9100793-8139243,S0025,amazon,SNEAKER-PNK-8,4,C00295,2026-08-17T02:39:13.957Z,4916.00,delivered
MSH064487832,S0005,meesho,SNEAKER-GRN-7,5,C02847,2026-07-21T04:19:14.570Z,11062.75,returned
OD703022523575,S0018,flipkart,JEANS-MAR-32,1,C00262,2026-07-13T00:17:08.480Z,797.05,returned
OD666616118923,S0048,flipkart,HOODIE-GRN-M,1,C00565,2026-09-23T06:23:32.512Z,1424.05,delivered
640-6200164-8159488,S0041,amazon,TSHIRT-RED-L,1,C00686,2026-09-01T05:35:57.008Z,529.00,confirmed
510-2411693-1244161,S0023,amazon,SAREE-RED-FREE,3,C00242,2026-09-27T02:42:53.619Z,3387.00,delivered
MYN0644691819,S0047,myntra,KURTI-BLK-L,4,C00693,2026-09-20T17:08:25.251Z,abc,delivered
MYN3911849071,S0038,myntra,TSHIRT-RED-M,2,C00120,2026-07-09T20:58:12.149Z,1195.10,delivered
376-1047189-7420022,S0012,amazon,KURTI-BLU-S,2,C02038,2026-07-27T02:52:56.888Z,1195.10,pending
OD981990103208,S0010,flipkart,SAREE-WHT-FREE,1,C01864,2026-09-25T05:42:06.682Z,1718.10,confirmed
OD942701382348,S0024,flipkart,JEANS-RED-36,1,C00737,2026-08-02T01:22:25.851Z,799.00,shipped
MYN3270030386,S0023,myntra,SAREE-PNK-FREE,1,C01985,2026-08-29T08:41:22.359Z,1880.10,confirmed
MYN9051436632,S0003,myntra,KURTI-BLK-L,2,C00904,2026-09-14T21:46:35.366Z,1538.00,returned
822-9091487-6212483,S0008,amazon,WATCH-PNK-FREE,4,C00793,2026-07-21T12:00:59.693Z,13676.00,delivered
527-7323587-0217572,S0041,amazon,TSHIRT-YEL-S,1,C00690,2026-09-02T13:20:23.180Z,503.10,delivered
419-7186619-8056630,S0001,amazon,TSHIRT-WHT-XL,2,C00961,2026-08-09T00:25:19.455Z,910.10,delivered
OD256306112451,S0048,flipkart,HOODIE-BLU-XL,1,C02043,2026-08-16T14:31:49.645Z,755.10,cancelled
MSH327067488,S0007,meesho,JEANS-GRN-34,1,C01406,2026-08-17T11:34:19.707Z,719.00,delivered
MYN8046867825,S0050,myntra,WATCH-WHT-FREE,1,C01437,2026-08-04T14:03:34.537Z,3409.00,delivered
OD478625858428,S0015,flipkart,SAREE-PNK-FREE,1,C01775,2026-09-13T18:50:00.443Z,799.00,delivered
MSH201069660,S0005,meesho,SNEAKER-MAR-7,3,C00989,2026-07-16T04:10:41.242Z,7197.00,delivered
MYN3918395973,S0046,myntra,HOODIE-BLU-L,2,C00395,2026-09-22T21:51:51.900Z,2958.00,delivered
OD051258664532,S0010,flipkart,HANDBAG-RED-FREE,1,C00796,2026-07-21T07:48:23.133Z,557.10,shipped
387-8291083-9242022,S0001,amazon,HOODIE-GRN-XL,4,C02219,2026-07-05T14:48:11.214Z,6620.40,delivered
784-5663742-4251895,S0044,amazon,HOODIE-RED-M,1,C00797,2026-07-21T15:32:03.718Z,1421.10,delivered
OD729582596488,S0002,flipkart,HOODIE-BLK-L,4,C00937,2026-08-12T17:31:20.760Z,4076.00,delivered
MYN8336147659,S0003,myntra,KURTI-BLK-L,2,C01267,2026-09-15T08:00:50.376Z,1538.00,delivered
912-1335342-8046052,S0044,amazon,HOODIE-YEL-XL,1,C01216,2026-09-12T22:30:38.444Z,1929.00,delivered
453-5419068-0367062,S0012,amazon,KURTI-BLU-XL,1,C01439,2026-09-14T07:53:48.970Z,859.00,delivered
OD886639273142,S0024,flipkart,JEANS-YEL-30,1,C00556,2026-09-25T00:38:12.812Z,635.55,returned
XXXXXXXXXXXXXXXXXXXXXXXXXXXXXXXXXXXXXXXXXXXXXXXXXXXXXXXXXXXXXXXXXXXXXX,S0001,amazon,TSHIRT-WHT-XL,2,C00070,2026-07-13T05:58:11.141Z,958.00,confirmed
OD939147009106,S0015,flipkart,WATCH-RED-FREE,1,C02218,2026-08-26T13:00:07.783Z,1979.00,delivered
OD323075037901,S0038,flipkart,SNEAKER-PNK-8,2,C01507,2026-09-19T22:34:01.192Z,2374.20,confirmed
MSH082525300,S0001,meesho,HOODIE-PNK-M,2,C01119,2026-08-19T18:46:53.225Z,3198.00,delivered
590-0834941-3296107,S0001,amazon,HOODIE-GRN-XL,2,C00353,2026-07-23T09:46:51.319Z,3310.20,delivered
XXXXXXXXXXXXXXXXXXXXXXXXXXXXXXXXXXXXXXXXXXXXXXXXXXXXXXXXXXXXXXXXXXXXXX,S0001,amazon,TSHIRT-GRN-L,1,C01940,2026-08-04T22:15:07.431Z,489.00,delivered
MSH432700997,S0002,meesho,HOODIE-BLK-L,5,C02365,2026-09-19T11:35:09.774Z,5095.00,delivered
MYN9342412878,S0015,myntra,WATCH-RED-FREE,1,C02672,2026-09-05T21:02:47.030Z,1979.00,pending
MYN5715789080,S0006,myntra,SNEAKER-RED-10,3,C02603,2026-07-23T23:36:37.182Z,8907.00,delivered
MYN7501677453,S0044,myntra,HOODIE-MAR-M,1,C00926,2026-09-23T05:12:49.971Z,872.10,delivered
545-5173194-7668380,S0001,amazon,HOODIE-GRN-XL,4,C01623,2026-10-01T00:44:51.862Z,7356.00,delivered
OD857495308490,S0003,flipkart,KURTI-WHT-XL,1,C01338,2026-08-05T20:49:15.277Z,449.00,delivered
MYN6190836694,S0035,myntra,TSHIRT-GRN-L,2,C01688,2026-08-26T05:56:58.755Z,958.00,returned
MYN3199185169,S0047,myntra,KURTI-BLU-L,1,C02473,2026-08-23T15:50:05.691Z,379.00,cancelled
595-9081815-1678062,S0012,amazon,KURTI-BLU-XL,1,C00776,2026-09-22T22:01:03.519Z,816.05,pending
762-0500313-8719518,S0039,amazon,SAREE-PNK-FREE,1,C01577,2026-07-17T02:57:09.153Z,1539.00,confirmed
286-4706262-6614635,S0045,amazon,WATCH-BLK-FREE,2,C01976,2026-09-20T05:47:49.101Z,6306.10,delivered
MSH810773190,S0007,meesho,JEANS-BLU-36,2,C00342,2026-07-29T11:37:36.818Z,2238.00,delivered
MSH989237381,S0007,meesho,HOODIE-BLU-L,1,C02524,2026-07-25T13:58:21.393Z,979.00,delivered
521-3695060-2506116,S0001,amazon,HOODIE-GRN-XL,1,C02396,2026-09-13T06:54:49.443Z,1839.00,delivered
OD672302615146,S0002,flipkart,TSHIRT-BLU-XL,3,C00687,2026-08-11T05:50:45.645Z,1833.30,shipped
MYN1106617032,S0014,myntra,KURTI-RED-M,1,C02526,2026-08-05T21:22:59.587Z,749.00,delivered
123-6278637-9902175,S0001,amazon,TSHIRT-PNK-XL,3,C00964,2026-08-07T19:51:41.815Z,1051.65,delivered
MYN4485452028,S0050,myntra,WATCH-WHT-FREE,1,C00601,2026-08-24T21:44:16.177Z,3238.55,delivered
MSH397782253,S0001,meesho,HOODIE-GRN-XL,1,C01231,2026-09-10T18:04:44.108Z,1655.10,delivered
MSH188455190,S0040,meesho,SAREE-YEL-FREE,2,C01094,2026-07-16T21:36:18.457Z,3832.20,delivered
273-9848091-5113375,S0001,amazon,HOODIE-GRN-XL,2,C02709,2026-08-11T20:44:54.744Z,3310.20,confirmed
MYN7492648615,S0037,myntra,WATCH-BLK-FREE,1,C00637,2026-09-29T21:03:37.765Z,2359.00,delivered
202-6583821-9290502,S0031,amazon,SNEAKER-WHT-10,1,C02373,2026-08-24T18:40:50.491Z,2799.00,shipped
OD976804546931,S0010,flipkart,HANDBAG-RED-FREE,3,C00787,2026-07-10T02:52:24.446Z,1671.30,delivered
MYN8945344135,S0003,myntra,SAREE-MAR-FREE,1,C02011,2026-07-25T11:17:50.842Z,1509.55,delivered
489-9830522-7863922,S0022,amazon,HOODIE-YEL-M,1,C00401,2026-08-05T16:37:53.964Z,1097.10,cancelled
MYN1173441038,S0003,myntra,KURTI-GRN-L,4,C00680,2026-09-22T01:55:46.554Z,1760.40,delivered
MYN7572303797,S0008,myntra,WATCH-PNK-FREE,4,C02978,2026-08-08T04:06:52.927Z,13676.00,delivered
OD076828078197,S0036,flipkart,HOODIE-GRN-XL,4,C02113,2026-09-12T03:32:54.064Z,6764.40,delivered
389-8425024-8628627,S0004,amazon,KURTI-PNK-M,3,C00905,2026-07-17T11:18:35.291Z,1047.00,returned
527-0828763-0504307,S0001,amazon,HOODIE-GRN-XL,3,C02444,2026-09-17T22:26:17.247Z,5517.00,pending
MSH776961053,S0001,meesho,HOODIE-GRN-XL,1,C02366,2026-08-12T03:42:40.029Z,1747.05,delivered
OD069003349936,S0010,flipkart,SAREE-WHT-FREE,4,C02128,2026-08-07T11:56:53.801Z,7636.00,delivered
729-5375712-5122641,S0044,amazon,HOODIE-MAR-M,4,C00420,2026-07-18T14:47:52.726Z,3876.00,pending
MYN3990245763,S0041,myntra,TSHIRT-RED-L,1,C00955,2026-09-18T18:42:20.559Z,529.00,confirmed
MYN7452515613,S0006,myntra,SNEAKER-RED-10,5,C01638,2026-08-29T23:26:28.027Z,14845.00,confirmed
MSH303461842,S0005,meesho,SNEAKER-BLU-8,3,C01770,2026-09-08T02:52:59.882Z,8277.00,delivered
117-9757442-2664538,S0001,amazon,HOODIE-GRN-XL,1,C02107,2026-08-21T14:14:59.905Z,1655.10,delivered
MSH543110062,S0027,meesho,SAREE-BLK-FREE,4,C00081,2026-08-22T04:14:57.810Z,7710.20,delivered
485-7101152-3990079,S0013,amazon,SNEAKER-GRN-7,1,C02822,2026-09-07T11:25:20.407Z,1129.00,delivered
MYN9158621270,S0050,myntra,SAREE-YEL-FREE,3,C02378,2026-08-06T03:01:05.602Z,5967.00,returned
371-8424337-6646634,S0001,amazon,HOODIE-GRN-XL,3,C01818,2026-08-09T02:47:04.946Z,5517.00,cancelled
OD221056750032,S0002,flipkart,HOODIE-BLK-L,1,C02276,2026-09-03T01:31:15.331Z,1019.00,delivered
OD984523382416,S0002,flipkart,HOODIE-BLK-L,1,C00205,2026-08-25T04:13:50.055Z,1019.00,confirmed
458-2515779-3206624,S0001,amazon,HOODIE-GRN-XL,2,C01241,2026-07-30T06:02:42.401Z,3678.00,delivered
OD300674177939,S0015,flipkart,SAREE-PNK-FREE,4,C00950,2026-09-24T17:06:21.421Z,2876.40,delivered
OD149426614955,S0003,flipkart,SAREE-MAR-FREE,2,C00505,2026-09-13T14:22:55.324Z,2860.20,delivered
MSH523579926,S0007,meesho,JEANS-GRN-30,1,C00688,2026-08-02T22:49:48.843Z,799.00,delivered
MSH999483776,S0005,meesho,SNEAKER-BLU-8,1,C01317,2026-08-31T13:02:52.705Z,2483.10,returned
181-8943180-9896212,S0020,amazon,SAREE-RED-FREE,2,C01817,2026-07-27T04:29:53.224Z,2978.00,lost
987-1194983-0766928,S0008,amazon,JEANS-YEL-32,2,C00633,2026-07-27T03:43:26.256Z,3598.00,shipped
OD968116080762,S0002,flipkart,TSHIRT-GRN-M,1,C02853,2026-08-24T00:29:34.154Z,489.00,shipped
MYN4050210161,S0006,myntra,SNEAKER-GRN-7,1,C01319,2026-09-10T05:07:54.954Z,839.00,delivered
088-4560425-0603133,S0041,amazon,KURTI-RED-XL,2,C01963,2026-09-03T09:12:09.380Z,1038.00,delivered
MSH764896891,S0027,meesho,SAREE-YEL-FREE,1,C01401,2026-10-01T05:03:31.805Z,1399.00,delivered
405-5875864-5298896,S0001,amazon,TSHIRT-WHT-XL,1,C01508,2026-07-27T10:13:55.672Z,455.05,delivered
MSH031540897,S0007,meesho,HOODIE-BLK-XL,1,C02628,2026-08-30T20:29:34.087Z,1479.00,confirmed
753-5008045-3950103,S0004,amazon,KURTI-YEL-M,1,C01465,2026-09-22T08:39:57.479Z,869.00,delivered
OD540060004828,S0002,flipkart,TSHIRT-BLU-XL,5,C01500,2026-08-19T09:00:14.596Z,3225.25,delivered
OD459630000704,S0002,flipkart,TSHIRT-BLU-XL,1,C02666,2026-07-31T17:25:23.848Z,679.00,delivered
OD043335360690,S0024,flipkart,JEANS-MAR-36,2,C02285,2026-09-24T22:09:09.850Z,1678.00,delivered
OD929609197890,S0002,flipkart,HOODIE-YEL-M,3,C00843,2026-07-19T09:39:04.050Z,3447.00,confirmed
MSH154252407,S0001,meesho,HOODIE-GRN-XL,1,C01178,2026-07-17T13:14:42.988Z,1839.00,delivered
668-2484828-1620731,S0001,amazon,TSHIRT-GRN-L,2,C01479,2026-08-21T03:03:27.187Z,929.10,delivered
MYN7650029219,S0038,myntra,TSHIRT-RED-M,4,C01574,2026-08-20T00:30:13.371Z,2264.40,delivered
MYN8695270204,S0004,myntra,KURTI-YEL-XL,4,C01062,2026-09-15T12:42:12.769Z,2192.40,delivered
OD236944825542,S0002,flipkart,HOODIE-BLK-L,1,C02733,2026-09-29T09:08:21.233Z,968.05,delivered
OD961785754056,S0002,flipkart,HOODIE-BLK-L,1,C00568,2026-09-30T03:29:08.880Z,1019.00,delivered
OD850355351261,S0003,flipkart,SAREE-MAR-FREE,1,C02277,2026-08-28T02:17:12.524Z,1509.55,delivered
OD250894753971,S0048,flipkart,HOODIE-GRN-XL,4,C01267,2026-08-06T07:54:00.714Z,6646.20,delivered
MYN1289742367,S0046,myntra,HOODIE-BLU-L,1,C02823,2026-08-18T01:12:17.570Z,1405.05,delivered
OD186351198193,S0003,flipkart,KURTI-BLK-L,1,C00408,2026-09-22T13:19:57.522Z,769.00,cancelled
OD502323870429,S0002,flipkart,HOODIE-YEL-M,1,C00605,2026-08-16T01:37:04.519Z,1091.55,delivered
MSH816787730,S0001,meesho,TSHIRT-WHT-XL,2,C01771,2026-10-02T08:51:29.810Z,910.10,delivered
MSH326363009,S0001,meesho,TSHIRT-WHT-XL,2,C00888,2026-09-22T13:36:43.275Z,958.00,delivered
MSH230356164,S0005,meesho,SNEAKER-GRN-7,4,C01389,2026-07-19T11:40:42.213Z,8384.40,delivered
MYN0002897985,S0035,myntra,TSHIRT-BLK-M,2,C02430,2026-09-06T22:47:55.245Z,1240.20,cancelled
MSH858679706,S0005,meesho,SNEAKER-BLK-9,1,C01405,2026-09-09T18:36:14.771Z,1389.00,delivered
MSH954537954,S0007,meesho,JEANS-GRN-34,1,C02023,2026-08-14T19:55:49.059Z,683.05,delivered
350-9803764-9372969,S0001,amazon,TSHIRT-GRN-L,1,C00741,2026-08-19T00:41:34.979Z,489.00,delivered
MYN8799479859,S0049,myntra,SNEAKER-YEL-10,1,C01396,2026-08-29T10:45:20.566Z,2321.10,shipped
410-8756534-6392914,S0041,amazon,KURTI-RED-XL,1,C00859,2026-07-30T22:41:49.129Z,519.00,confirmed
MYN1698049213,S0008,myntra,WATCH-PNK-FREE,5,C02459,2026-09-07T14:18:36.611Z,17095.00,delivered
MSH272098419,S0005,meesho,SNEAKER-PNK-9,1,C01508,2026-09-07T13:48:54.202Z,873.05,confirmed
OD446749756177,S0002,flipkart,HOODIE-YEL-M,3,C01250,2026-07-15T21:09:16.555Z,3447.00,delivered
OD696078583212,S0010,flipkart,SAREE-PNK-FREE,2,C02529,2026-08-03T22:54:37.059Z,3738.00,delivered
543-1650581-8234451,S0001,amazon,HOODIE-GRN-XL,3,C00704,2026-08-08T01:31:48.222Z,5517.00,shipped
OD803660662477,S0025,flipkart,SNEAKER-BLK-8,1,C00418,2026-07-30T23:58:10.765Z,839.00,pending
MYN0298390172,S0015,myntra,WATCH-BLU-FREE,1,C01070,2026-08-29T14:32:40.208Z,1489.00,delivered
348-5070683-6732421,S0033,amazon,TSHIRT-RED-S,5,C01104,2026-09-22T13:56:04.079Z,1395.00,delivered
125-2001261-5768847,S0001,amazon,TSHIRT-PNK-XL,1,,2026-08-17T14:43:07.363Z,369.00,delivered
OD803703253306,S0002,flipkart,HOODIE-BLK-L,1,C02998,2026-09-23T13:06:03.470Z,1019.00,returned
MYN6820373853,S0049,myntra,SNEAKER-YEL-10,4,C01264,2026-09-09T06:55:57.306Z,10316.00,pending
OD777352614035,S0036,flipkart,HOODIE-GRN-XL,1,C01757,2026-09-22T07:25:39.881Z,1879.00,delivered
212-7177462-7092210,S0004,amazon,KURTI-PNK-M,3,C02004,2026-09-04T04:15:08.070Z,1047.00,returned
OD653031041491,S0010,flipkart,SAREE-GRN-FREE,1,,2026-08-12T11:04:35.003Z,1469.00,pending
528-0094155-5524645,S0001,amazon,HOODIE-GRN-XL,2,C01218,2026-10-01T03:01:28.039Z,3678.00,delivered
MSH769324852,S0001,meesho,HOODIE-GRN-XL,4,C01190,2026-09-22T21:52:44.189Z,7356.00,delivered
875-4676060-3013902,S0050,amazon,WATCH-WHT-FREE,1,C02469,2026-09-17T06:08:54.624Z,3238.55,confirmed
OD712706259682,S0003,flipkart,SAREE-MAR-FREE,2,C01439,2026-07-20T00:43:11.787Z,3178.00,cancelled
MYN0129949833,S0003,myntra,SAREE-MAR-FREE,3,C02899,2026-09-07T06:43:36.458Z,4767.00,cancelled
MYN8257240673,S0008,myntra,JEANS-BLK-36,2,C00173,2026-09-01T04:10:29.330Z,1518.10,delivered
484-3566285-4119482,S0035,amazon,TSHIRT-WHT-XL,2,C02019,2026-08-01T04:14:56.350Z,1060.20,shipped
OD630600277408,S0024,flipkart,KURTI-BLK-L,3,C02569,2026-09-02T10:31:38.850Z,1347.00,shipped
OD684690943516,S0015,flipkart,SAREE-PNK-FREE,1,C01414,2026-07-21T04:06:19.821Z,719.10,delivered
MSH328001810,S0007,meesho,HOODIE-BLK-XL,1,C00747,2026-07-13T12:17:41.195Z,1479.00,pending
MSH425509767,S0010,meesho,SAREE-WHT-FREE,3,C02550,2026-08-19T22:10:53.219Z,5154.30,delivered
OD008312641414,S0025,flipkart,SNEAKER-BLU-10,1,C02600,2026-08-22T16:11:08.087Z,1569.00,delivered
OD454772695767,S0008,flipkart,JEANS-BLU-34,1,C02123,2026-09-24T15:45:59.517Z,1424.05,delivered
MSH209171405,S0007,meesho,JEANS-BLU-36,1,C02686,2026-07-11T08:08:30.007Z,1119.00,pending
MSH487935604,S0001,meesho,HOODIE-GRN-XL,2,C02111,2026-08-04T02:53:06.672Z,3678.00,shipped
645-8339499-2487777,S0004,amazon,KURTI-YEL-M,3,C01074,2026-07-19T00:49:41.238Z,2607.00,delivered
OD712740363959,S0010,flipkart,SAREE-WHT-FREE,1,C01755,2026-07-13T14:12:14.960Z,1909.00,confirmed
892-0113182-2841966,S0001,amazon,TSHIRT-GRN-L,1,C02269,2026-08-26T22:45:48.540Z,440.10,delivered
MYN2875279961,S0003,myntra,SAREE-MAR-FREE,4,C02732,2026-09-14T01:35:44.195Z,6356.00,shipped
MSH186027151,S0001,meesho,HOODIE-GRN-XL,1,C01792,2026-08-05T13:25:57.810Z,1839.00,shipped
MSH224630058,S0005,meesho,SNEAKER-MAR-7,5,C00368,2026-07-27T11:16:52.502Z,11995.00,returned
OD628176249608,S0024,flipkart,JEANS-BLU-30,2,C01692,2026-09-05T04:18:11.973Z,2858.00,returned
OD262925043090,S0008,flipkart,WATCH-YEL-FREE,3,C00933,2026-07-26T07:03:31.727Z,2427.00,delivered
323-7430736-0476316,S0001,amazon,TSHIRT-WHT-XL,2,C00774,2026-09-21T17:50:05.282Z,958.00,delivered
841-7881616-9552150,S0012,amazon,KURTI-YEL-M,3,C02248,2026-07-18T15:12:46.739Z,2022.30,pending
294-8259306-7501586,S0035,amazon,WATCH-WHT-FREE,2,C00638,2026-07-09T22:05:42.873Z,3202.20,delivered
858-9188749-4784382,S0020,amazon,JEANS-RED-32,4,C01384,2026-08-18T22:04:33.357Z,4796.00,delivered
OD003205688640,S0044,flipkart,HOODIE-GRN-L,1,C00044,2026-10-02T18:16:48.430Z,1379.00,pending
152-0281327-4643564,S0032,amazon,WATCH-GRN-FREE,1,C02528,2026-07-20T01:42:39.095Z,656.10,delivered
MSH445834240,S0002,meesho,TSHIRT-WHT-M,4,C01058,2026-09-30T13:39:35.274Z,1756.00,delivered
OD828486168479,S0002,flipkart,TSHIRT-GRN-M,2,C01039,2026-08-30T22:17:34.925Z,929.10,cancelled
145-5688064-4198165,S0013,amazon,SNEAKER-BLK-10,0,C01975,2026-08-26T19:28:25.779Z,2219.00,delivered
MYN2543399870,S0047,myntra,KURTI-BLU-L,5,C01164,2026-07-26T18:27:00.675Z,1800.25,returned
325-4032671-1201441,S0031,amazon,SNEAKER-PNK-9,1,C01433,2026-07-09T06:30:15.522Z,2849.00,delivered
MYN9169658612,S0029,myntra,SNEAKER-BLU-7,1,C01079,2026-08-23T18:17:53.908Z,999.00,shipped
OD124462821120,S0036,flipkart,JEANS-YEL-36,1,C02390,2026-07-21T05:19:01.365Z,769.00,delivered
182-3604820-8580269,S0001,amazon,TSHIRT-GRN-L,1,C00968,2026-09-30T09:15:29.443Z,489.00,delivered
OD630822481118,S0050,flipkart,SAREE-YEL-FREE,1,C01415,2026-09-01T22:50:13.980Z,1790.10,delivered
OD429724001907,S0002,flipkart,TSHIRT-BLU-XL,1,C00225,2026-08-27T22:53:43.208Z,645.05,delivered
362-2397211-9407483,S0004,amazon,KURTI-YEL-M,3,C01506,2026-09-04T15:01:06.848Z,2476.65,delivered
MYN4310528396,S0019,myntra,WATCH-YEL-FREE,1,C01380,2026-09-16T02:43:42.570Z,2839.00,returned
MSH242896678,S0007,meesho,JEANS-BLK-34,4,C00678,2026-07-18T18:29:36.223Z,3316.00,returned
678-0173363-8366552,S0043,amazon,HANDBAG-RED-FREE,1,C00990,2026-09-26T21:49:20.799Z,1115.10,confirmed
799-4509576-6605481,S0004,amazon,KURTI-MAR-S,2,C02389,2026-07-22T09:26:09.691Z,718.00,cancelled
337-0218045-8902183,S0001,amazon,HOODIE-GRN-XL,1,C00810,2026-09-13T05:08:26.236Z,1747.05,delivered
MSH512982154,S0027,meesho,SAREE-RED-FREE,1,C00506,2026-07-21T05:00:45.688Z,1862.10,returned
MSH606272858,S0005,meesho,SNEAKER-PNK-9,1,C00459,2026-07-13T16:53:58.238Z,873.05,confirmed
OD118160230074,S0003,flipkart,SAREE-MAR-FREE,4,C02726,2026-07-17T13:12:12.857Z,6356.00,pending
MYN5739950419,S0004,myntra,KURTI-YEL-XL,4,C00558,2026-07-08T10:40:41.555Z,2436.00,delivered
MYN3042996856,S0011,myntra,KURTI-WHT-XL,two,C01388,2026-09-25T01:21:29.270Z,656.10,delivered
MYN3391607748,S0029,myntra,SNEAKER-MAR-10,4,C02079,2026-08-07T13:29:06.843Z,10156.00,pending
MSH341461433,S0007,meesho,HOODIE-PNK-L,2,C00031,2026-07-26T15:54:12.580Z,1958.00,delivered
MYN5011698333,S0006,myntra,SNEAKER-RED-10,3,C02880,2026-07-21T15:32:30.577Z,8907.00,delivered
MSH539173912,S0009,meesho,HANDBAG-RED-FREE,1,C00903,2026-08-09T18:04:04.728Z,845.10,delivered
OD400062001170,S0026,flipkart,WATCH-GRN-FREE,1,C02231,2026-07-05T16:41:45.414Z,709.00,delivered
MYN5541678945,S0047,myntra,KURTI-BLU-S,1,C02301,2026-07-19T23:11:34.624Z,531.05,returned
MYN2881171578,S0004,myntra,KURTI-BLU-S,1,C00849,2026-09-25T16:26:02.101Z,746.10,cancelled
OD554869567264,S0042,flipkart,KURTI-WHT-S,1,C01031,2026-08-10T17:45:58.718Z,578.55,delivered
MSH669960081,S0005,meesho,SNEAKER-PNK-9,1,C01126,2026-07-21T19:14:27.244Z,919.00,delivered
MSH550157935,S0007,meesho,JEANS-BLU-36,1,C00684,2026-08-15T06:53:18.885Z,1119.00,delivered
MSH318018135,S0005,meesho,SNEAKER-MAR-7,1,C00912,2026-09-16T15:48:44.432Z,2399.00,cancelled
016-1903019-3752318,S0009,amazon,HANDBAG-BLU-FREE,2,C02445,2026-07-30T10:26:38.488Z,2810.10,delivered
OD961542929382,S0018,flipkart,JEANS-BLK-34,1,C00962,2026-08-21T03:36:34.910Z,819.00,delivered
MYN2744965795,S0008,myntra,JEANS-YEL-32,1,C02519,2026-08-26T08:35:48.002Z,1799.00,returned
OD456046470839,S0002,flipkart,TSHIRT-PNK-XL,1,C02259,2026-09-10T15:45:52.771Z,259.00,delivered
916-0908256-6419712,S0041,amazon,TSHIRT-WHT-XL,1,C01389,2026-08-27T16:24:26.111Z,419.00,cancelled
MYN0931835756,S0034,myntra,HANDBAG-YEL-FREE,1,C02042,2026-07-27T17:04:50.448Z,1249.00,delivered
MSH549978110,S0005,meesho,SNEAKER-BLK-9,1,C02880,2026-07-31T11:17:47.107Z,1389.00,confirmed
736-7256054-2234300,S0004,amazon,KURTI-YEL-S,3,C02550,2026-10-01T09:48:37.936Z,927.00,delivered
MSH289694861,S0002,meesho,TSHIRT-BLU-XL,2,C02876,2026-08-03T10:07:50.408Z,1222.20,delivered
MSH083711024,S0001,meesho,HOODIE-GRN-XL,1,C00533,2026-09-06T05:48:38.868Z,1655.10,pending
OD308475884553,S0009,flipkart,HANDBAG-RED-FREE,2,C02114,2026-07-19T12:22:11.092Z,1690.20,delivered
736-0303494-7219516,S0009,amazon,HANDBAG-WHT-FREE,3,C00078,2026-08-09T10:19:37.032Z,3993.30,pending
MYN0375209660,S0041,myntra,TSHIRT-RED-L,1,C00231,2026-08-05T03:54:26.153Z,529.00,delivered
OD348649070593,S0003,flipkart,SAREE-MAR-FREE,1,C00308,2026-09-09T00:23:27.570Z,1509.55,delivered
MSH054242026,S0005,meesho,SNEAKER-MAR-7,1,C00935,2026-07-26T03:41:33.654Z,2399.00,delivered
MYN5915869644,S0050,myntra,SAREE-YEL-FREE,2,C01127,2026-08-05T04:45:41.792Z,3978.00,delivered
220-5201290-6996133,S0020,amazon,SAREE-RED-FREE,1,C00606,2026-09-03T14:20:39.696Z,1489.00,delivered
OD085367165882,S0003,flipkart,KURTI-BLK-M,3,C02532,2026-07-18T12:20:28.207Z,2103.30,confirmed
945-2294750-3525827,S0004,amazon,KURTI-PNK-M,1,C01221,2026-09-03T07:58:22.791Z,331.55,delivered
OD325267056028,S0002,flipkart,HOODIE-YEL-M,1,C00366,2026-08-11T11:13:33.745Z,1091.55,shipped
MYN6482224579,S0008,myntra,JEANS-PNK-30,1,C00618,2026-07-27T03:20:31.057Z,1120.05,pending
666-7549209-0219511,S0044,amazon,HOODIE-YEL-XL,2,C02586,2026-07-18T17:24:24.746Z,3858.00,delivered
679-2069300-7926235,S0001,amazon,TSHIRT-PNK-XL,4,C00566,2026-07-11T00:43:32.920Z,1476.00,delivered
293-5949517-0291998,S0012,amazon,KURTI-BLU-XL,1,C00852,2026-08-24T03:20:45.602Z,816.05,delivered
MYN1337493889,S0041,myntra,TSHIRT-RED-L,2,C00423,2026-09-01T22:01:47.539Z,1005.10,delivered
651-4521815-9344991,S0008,amazon,WATCH-PNK-FREE,1,C00140,2026-07-30T05:22:25.895Z,3419.00,delivered
MSH951547852,S0010,meesho,HANDBAG-WHT-FREE,1,C01810,2026-07-24T23:13:57.185Z,729.00,delivered
OD081637075294,S0010,flipkart,SAREE-WHT-FREE,1,C01504,2026-07-23T16:42:18.942Z,1813.55,cancelled
OD301832291876,S0024,flipkart,JEANS-MAR-36,1,C02197,2026-07-25T08:12:12.888Z,839.00,delivered
MSH298352444,S0026,meesho,HANDBAG-GRN-FREE,1,C02973,2026-09-28T04:49:53.998Z,458.10,cancelled
MYN9996318640,S0041,myntra,KURTI-RED-XL,1,C01091,2026-07-09T02:03:09.143Z,467.10,shipped
027-0611642-0434678,S0001,amazon,HOODIE-GRN-XL,1,C01837,2026-08-28T16:41:28.617Z,1839.00,cancelled
OD203873096225,S0026,flipkart,WATCH-MAR-FREE,1,C02333,2026-07-15T10:45:32.798Z,2669.00,delivered
044-3971771-5837071,S0013,amazon,SNEAKER-BLU-10,2,C00858,2026-07-12T08:07:24.994Z,1918.00,delivered
MSH216924154,S0005,meesho,SNEAKER-RED-10,1,C02080,2026-10-01T10:59:17.357Z,1919.00,delivered
OD231482246968,S0003,flipkart,KURTI-BLK-L,1,C00042,2026-10-02T19:51:43.645Z,769.00,delivered
MSH145243084,S0002,meesho,HOODIE-BLK-L,1,C01635,2026-07-11T00:18:04.082Z,917.10,delivered
MYN0308863289,S0006,myntra,SNEAKER-YEL-7,1,C02474,2026-07-30T04:32:33.760Z,1250.10,delivered
487-7679788-0153809,S0001,amazon,HOODIE-GRN-XL,2,C00536,2026-08-27T09:36:28.196Z,3678.00,shipped
OD866579565520,S0003,flipkart,SAREE-MAR-FREE,2,C01672,2026-09-05T10:47:14.906Z,3178.00,pending
269-9022710-3857791,S0001,amazon,HOODIE-GRN-XL,1,C01373,2026-07-08T00:15:05.461Z,1655.10,delivered
MYN9426625612,S0006,myntra,SNEAKER-MAR-9,two,C02014,2026-09-05T07:48:19.340Z,1929.00,delivered
MSH852135252,S0001,meesho,HOODIE-GRN-XL,4,C00289,2026-08-14T20:52:28.982Z,7356.00,delivered
MSH972824757,S0002,meesho,HOODIE-YEL-M,1,C00919,2026-07-06T06:57:18.990Z,1149.00,delivered
MSH298724935,S0011,meesho,KURTI-BLU-M,1,C02180,2026-08-07T14:02:07.643Z,739.00,delivered
MSH040171323,S0001,meesho,TSHIRT-PNK-XL,3,C02239,2026-09-02T10:20:40.721Z,1107.00,delivered
MYN6477478557,S0006,myntra,SNEAKER-YEL-10,2,C02866,2026-07-24T00:51:13.672Z,4718.00,pending
MSH196689230,S0002,meesho,TSHIRT-RED-S,1,C01160,2026-09-03T21:43:55.489Z,341.10,delivered
OD369568775970,S0003,flipkart,SAREE-MAR-FREE,1,C00965,2026-07-11T22:18:45.684Z,1589.00,delivered
485-9400191-4346721,S0004,amazon,KURTI-MAR-S,5,C02759,2026-07-28T03:35:15.886Z,1795.00,cancelled
MYN8521757915,S0003,myntra,KURTI-BLK-M,2,C00598,2026-08-23T22:56:18.673Z,1480.10,delivered
OD319449106913,S0003,flipkart,KURTI-BLK-L,2,C01384,2026-08-23T00:53:48.533Z,1538.00,cancelled
096-0815245-3384622,S0009,amazon,HANDBAG-PNK-FREE,1,C00252,2026-09-09T12:09:48.306Z,1015.55,delivered
OD308945464358,S0025,flipkart,SNEAKER-BLK-8,1,C01676,2026-08-30T11:25:03.569Z,839.00,pending
OD154470789553,S0042,flipkart,KURTI-WHT-S,1,C01599,2026-09-11T10:37:41.087Z,609.00,delivered
MSH571579546,S0021,meesho,SNEAKER-BLK-9,2,C00697,2026-09-27T21:30:32.476Z,5938.00,delivered
MYN8434838614,S0033,myntra,TSHIRT-RED-S,5,C00053,2026-07-24T10:49:10.524Z,1325.25,delivered
818-8425156-0369207,S0001,amazon,HOODIE-GRN-XL,4,C02770,2026-09-24T22:13:53.525Z,7356.00,delivered
OD645844063569,S0002,flipkart,HOODIE-YEL-M,1,C02873,2026-10-01T06:09:48.950Z,1149.00,confirmed
574-2577744-5781178,S0009,amazon,HANDBAG-RED-FREE,3,C01358,2026-07-17T01:05:24.405Z,2676.15,delivered
MYN4471697505,S0008,myntra,JEANS-BLU-34,2,C01624,2026-08-01T23:10:52.541Z,2998.00,confirmed
MSH013837785,S0005,meesho,SNEAKER-MAR-7,1,C01582,2026-08-24T11:59:30.386Z,2399.00,delivered
MYN2958192748,S0003,myntra,KURTI-WHT-XL,2,C00396,2026-07-11T15:25:33.355Z,898.00,delivered
312-1798236-0893522,S0013,amazon,SNEAKER-MAR-7,3,C02177,2026-09-11T01:20:09.096Z,7863.15,delivered
MYN5332394135,S0049,myntra,SNEAKER-YEL-10,1,C01996,2026-09-30T15:40:56.752Z,2321.10,delivered
MYN4614719135,S0047,myntra,WATCH-MAR-FREE,1,C02623,2026-08-30T06:03:45.302Z,2019.00,delivered
MYN9355711542,S0004,myntra,KURTI-YEL-XL,1,C02234,2026-08-26T16:07:20.335Z,609.00,cancelled
OD564112122187,S0003,flipkart,SAREE-MAR-FREE,1,C02114,2026-08-30T10:42:11.122Z,1589.00,delivered
OD636335913807,S0003,flipkart,SAREE-MAR-FREE,1,C00368,2026-09-19T17:39:58.381Z,1509.55,pending
MSH294391868,S0026,meesho,WATCH-MAR-FREE,1,C02071,2026-09-30T02:16:52.417Z,abc,delivered
MYN1799517955,S0029,myntra,SNEAKER-RED-7,3,C02453,2026-08-28T02:38:06.103Z,8607.00,delivered
506-3448575-4795195,S0001,amazon,TSHIRT-GRN-L,2,C01572,2026-07-24T09:21:14.237Z,978.00,cancelled
OD221965292622,S0024,flipkart,JEANS-GRN-30,1,C01975,2026-08-05T08:12:22.352Z,989.00,returned
MSH775044369,S0036,meesho,JEANS-PNK-36,1,C01199,2026-08-29T17:34:26.359Z,1414.55,confirmed
686-1385502-9646102,S0001,amazon,HOODIE-GRN-XL,5,C00756,2026-08-02T08:18:02.438Z,9195.00,delivered
367-8654501-6236017,S0004,amazon,KURTI-YEL-M,1,C00030,2026-08-28T03:41:57.866Z,869.00,shipped
128-1072745-5974623,S0009,amazon,HANDBAG-RED-FREE,1,C01943,2026-09-22T12:16:26.054Z,892.05,pending
MSH328036164,S0001,meesho,TSHIRT-WHT-XL,2,C01299,2026-07-11T07:34:05.345Z,958.00,delivered
MSH957842301,S0007,meesho,JEANS-BLU-36,5,C02030,2026-07-15T11:58:30.724Z,5035.50,delivered
334-2647043-6808033,S0043,amazon,HANDBAG-GRN-FREE,1,C01555,2026-08-25T04:55:29.085Z,521.10,delivered
OD545187253273,S0010,flipkart,SAREE-WHT-FREE,1,C01835,2026-08-07T21:48:03.432Z,1813.55,cancelled
MSH541291271,S0005,meesho,SNEAKER-MAR-7,3,C00609,2026-07-19T09:55:30.469Z,6477.30,delivered
OD285803447802,S0003,flipkart,KURTI-BLK-L,3,C02717,2026-07-18T23:40:35.199Z,2191.65,delivered
687-6183086-6075604,S0001,amazon,TSHIRT-WHT-XL,4,C02342,2026-07-31T18:59:17.788Z,1820.20,delivered
MYN0121165668,S0046,myntra,SAREE-PNK-FREE,3,C02532,2026-07-26T02:07:23.204Z,4077.00,shipped
MYN4591268766,S0003,myntra,KURTI-MAR-M,2,C01683,2026-08-20T11:17:29.969Z,1100.10,delivered
MYN1420113497,S0006,myntra,SNEAKER-YEL-7,1,C01708,2026-08-02T19:08:24.952Z,1389.00,delivered
MSH496764100,S0002,meesho,HOODIE-YEL-M,1,C02550,2026-08-09T01:41:39.333Z,1034.10,delivered
MSH353825770,S0005,meesho,SNEAKER-GRN-7,4,C00904,2026-08-07T22:06:02.078Z,9316.00,delivered
OD948124422345,S0048,flipkart,HOODIE-RED-XL,2,C00345,2026-07-30T05:38:17.623Z,1765.10,delivered
MYN5270141046,S0014,myntra,KURTI-RED-M,3,C01488,2026-07-29T10:32:41.567Z,2247.00,delivered
350-0250912-5418721,S0001,amazon,TSHIRT-WHT-XL,2,C01846,2026-07-22T08:17:24.970Z,910.10,shipped
MSH250057110,S0021,meesho,SNEAKER-PNK-7,1,C00892,2026-07-17T05:03:11.799Z,2449.00,delivered
MSH004637096,S0029,meesho,SNEAKER-BLU-7,1,C01716,2026-09-15T04:21:12.625Z,999.00,delivered
148-2760631-7117718,S0013,amazon,SNEAKER-GRN-7,4,C01537,2026-08-08T20:42:27.323Z,4516.00,delivered
OD531221018520,S0010,flipkart,SAREE-WHT-FREE,1,C01450,2026-08-16T04:44:09.147Z,1909.00,pending
847-3770437-2431822,S0012,amazon,KURTI-YEL-M,1,C01937,2026-07-12T22:52:29.656Z,711.55,pending
OD653009629354,S0003,flipkart,SAREE-MAR-FREE,1,C02757,2026-08-17T23:18:46.370Z,1589.00,delivered
OD554162478931,S0002,flipkart,HOODIE-BLK-L,2,C00841,2026-09-04T18:01:31.868Z,2038.00,delivered
624-2163822-1624850,S0001,amazon,TSHIRT-WHT-XL,1,C02744,2026-07-19T23:37:21.026Z,479.00,delivered
676-6677501-8582406,S0011,amazon,KURTI-BLU-M,1,C02193,2026-08-03T23:54:05.153Z,739.00,returned
MYN2536996381,S0004,myntra,KURTI-YEL-S,3,C01444,2026-07-13T16:26:32.320Z,927.00,delivered
MSH147468904,S0021,meesho,SNEAKER-MAR-10,1,C02205,2026-09-06T08:04:24.278Z,2364.55,delivered
776-7087936-3701403,S0001,amazon,TSHIRT-GRN-L,1,C01543,2026-10-01T22:37:10.583Z,464.55,cancelled
MYN7632856641,S0019,myntra,WATCH-BLK-FREE,2,C01338,2026-08-15T15:58:59.359Z,2938.00,cancelled
513-8084557-7760505,S0001,amazon,TSHIRT-WHT-XL,1,C01997,2026-09-04T14:04:15.084Z,479.00,delivered
MYN2722535715,S0033,myntra,TSHIRT-BLK-S,3,C00276,2026-08-26T07:49:29.744Z,1906.65,returned
MSH995995174,S0001,meesho,HOODIE-PNK-M,1,C02775,2026-07-28T23:50:53.236Z,1599.00,delivered
977-4405238-3488571,S0008,amazon,WATCH-YEL-FREE,1,C02893,2026-09-28T22:06:27.859Z,809.00,returned
054-8298504-7907603,S0001,amazon,TSHIRT-WHT-XL,1,C02497,2026-09-04T04:43:44.993Z,479.00,delivered
OD037887204654,S0002,flipkart,HOODIE-BLK-L,4,C01381,2026-09-27T08:59:46.904Z,3668.40,confirmed
785-9785335-0527447,S0045,amazon,WATCH-BLK-FREE,3,C02951,2026-09-08T00:43:23.765Z,9957.00,shipped
MSH997931536,S0007,meesho,HOODIE-PNK-L,1,C02511,2026-07-19T02:39:50.385Z,930.05,delivered
773-2444803-7310705,S0001,amazon,,3,C02084,2026-09-17T18:10:03.614Z,1467.00,shipped
738-6145386-9784177,S0004,amazon,KURTI-PNK-M,1,C00059,2026-10-01T12:37:12.013Z,314.10,pending
573-4230167-5145661,S0009,amazon,HANDBAG-PNK-FREE,5,C00180,2026-07-29T00:56:15.214Z,5345.00,delivered
MYN3449870548,S0029,myntra,SNEAKER-PNK-7,2,C01766,2026-07-30T03:05:52.755Z,5078.00,confirmed
MSH989546898,S0021,meesho,SNEAKER-GRN-9,4,C01831,2026-07-21T13:19:01.759Z,11236.00,delivered
698-3376656-8433541,S0001,amazon,TSHIRT-WHT-XL,1,C00563,2026-09-27T02:12:19.736Z,455.05,delivered
394-3261297-1258415,S0004,amazon,KURTI-BLU-S,1,C01958,2026-08-20T15:09:51.316Z,829.00,delivered
MYN4182730222,S0040,myntra,SAREE-WHT-FREE,4,C00919,2026-09-16T08:47:16.208Z,9796.00,delivered
OD524134626138,S0002,flipkart,TSHIRT-PNK-M,3,C02223,2026-09-09T08:28:18.084Z,2037.00,delivered
MYN3909718087,S0003,myntra,KURTI-BLK-M,1,C01227,2026-08-28T20:21:15.631Z,779.00,confirmed
OD717249250171,S0003,flipkart,SAREE-RED-FREE,1,C02475,2026-08-13T17:32:18.014Z,1079.00,returned
MSH980437485,S0001,meesho,TSHIRT-WHT-XL,1,C02397,2026-09-08T18:59:24.518Z,479.00,delivered
268-2905854-6679027,S0001,amazon,HOODIE-GRN-XL,2,C00274,2026-09-10T13:57:50.751Z,3678.00,delivered
MYN4890391875,S0006,myntra,SNEAKER-RED-10,1,C00941,2026-09-08T07:48:40.357Z,2820.55,delivered
568-1697734-4668529,S0020,amazon,JEANS-YEL-32,2,C00035,2026-09-21T03:05:14.539Z,1271.10,delivered
MSH616456040,S0002,meesho,HOODIE-YEL-M,3,C01256,2026-07-17T13:50:56.032Z,3447.00,delivered
676-2963321-7151509,S0013,amazon,SNEAKER-RED-9,2,C01795,2026-08-10T20:17:35.994Z,4138.20,delivered
MYN4232566043,S0049,myntra,SNEAKER-RED-9,3,C02561,2026-07-28T13:04:54.104Z,2517.00,delivered
MSH874952262,S0002,meesho,HOODIE-YEL-M,2,C00136,2026-10-03T05:57:26.123Z,2183.10,delivered
MSH202489538,S0007,meesho,HOODIE-YEL-M,1,C01522,2026-07-20T22:45:50.628Z,719.00,delivered
MSH341986065,S0001,meesho,TSHIRT-WHT-XL,2,C02996,2026-09-02T13:13:31.684Z,958.00,shipped
OD786149817351,S0044,flipkart,HOODIE-MAR-M,5,C00377,2026-09-12T11:56:24.101Z,4845.00,cancelled
MSH926532988,S0007,meesho,HOODIE-BLK-XL,1,C02065,2026-07-26T01:18:23.572Z,1331.10,delivered
197-1323246-0380128,S0004,amazon,KURTI-BLU-S,2,C01997,2026-09-21T16:55:32.805Z,1658.00,confirmed
MYN6790658186,S0038,myntra,SNEAKER-RED-10,2,C02514,2026-08-17T07:38:55.713Z,4058.00,pending
OD808506481130,S0015,flipkart,SAREE-GRN-FREE,1,C00240,2026-09-14T03:34:50.683Z,2299.00,confirmed
062-2121389-3149793,S0022,amazon,HOODIE-PNK-XL,1,C00487,2026-07-14T22:40:09.238Z,1049.00,delivered
519-1144813-9103203,S0009,amazon,HANDBAG-PNK-FREE,2,C02162,2026-08-07T02:33:27.985Z,2138.00,delivered
MYN9858976316,S0004,myntra,KURTI-YEL-XL,1,C02321,2026-08-31T12:44:56.663Z,548.10,shipped
,S0001,amazon,HOODIE-PNK-M,1,C00204,2026-07-20T16:56:20.215Z,1599.00,delivered
MYN9398669918,S0004,myntra,KURTI-MAR-S,2,C02464,2026-07-23T09:23:21.763Z,718.00,shipped
OD091691673096,S0009,flipkart,HANDBAG-PNK-FREE,2,C02009,2026-07-29T01:30:15.420Z,2138.00,delivered
OD812462474932,S0003,flipkart,KURTI-BLK-L,5,C02155,2026-09-29T19:30:23.630Z,3652.75,delivered
OD469698556004,S0018,flipkart,JEANS-BLU-30,1,C01637,2026-07-29T19:04:41.938Z,1629.00,delivered
120-2173540-5140283,S0008,amazon,JEANS-YEL-32,1,C00208,2026-07-14T07:25:18.469Z,1799.00,pending
MYN8215196834,S0019,myntra,WATCH-MAR-FREE,3,C00657,2026-07-10T12:54:15.949Z,4407.00,delivered
OD903488738152,S0015,flipkart,SAREE-MAR-FREE,3,C01479,2026-07-18T02:19:52.732Z,6717.00,pending
MSH150004827,S0029,meesho,WATCH-BLK-FREE,4,C00233,2026-08-22T03:14:41.479Z,4604.40,delivered
OD624015597968,S0002,flipkart,HOODIE-BLK-L,1,C02918,2026-09-12T13:57:23.580Z,1019.00,pending
MSH810474042,S0029,meesho,SNEAKER-PNK-7,4,C00444,2026-09-03T15:14:23.358Z,10156.00,returned
OD002448940294,S0002,flipkart,HOODIE-YEL-M,4,C01935,2026-07-29T20:46:30.718Z,4596.00,cancelled
546-0258666-8126987,S0012,amazon,KURTI-YEL-M,1,C02401,2026-08-08T03:15:06.358Z,711.55,delivered
MSH841346909,S0007,meesho,HOODIE-PNK-M,1,C00180,2026-07-21T06:30:32.852Z,1259.00,confirmed
OD856934243654,S0002,flipkart,HOODIE-YEL-M,1,C01770,2026-08-28T23:55:58.698Z,1149.00,delivered
MSH443378410,S0002,meesho,TSHIRT-PNK-XL,1,C02924,2026-08-18T19:50:32.063Z,246.05,cancelled
OD056182460313,S0002,flipkart,TSHIRT-BLU-XL,1,C00269,2026-08-14T12:07:10.384Z,679.00,confirmed
OD363511571010,S0003,flipkart,KURTI-YEL-L,3,C00102,2026-08-19T20:03:26.286Z,1707.00,pending
157-9943852-3380463,S0001,amazon,TSHIRT-PNK-XL,3,C02838,2026-09-19T18:25:10.647Z,1107.00,cancelled
MYN4121707015,S0003,myntra,SAREE-MAR-FREE,1,C00114,2026-08-16T10:06:05.881Z,1589.00,delivered
MSH029028923,S0021,meesho,SNEAKER-BLK-8,1,C00988,2026-08-05T12:54:03.810Z,1049.00,delivered
MSH682181860,S0001,meesho,HOODIE-PNK-M,1,C00450,2026-09-22T08:45:36.725Z,1439.10,delivered
MSH479724404,S0027,meesho,SAREE-RED-FREE,3,C00302,2026-07-13T10:46:17.925Z,6207.00,delivered
MSH621201705,S0001,meesho,HOODIE-GRN-XL,1,C00934,2026-08-11T20:09:28.354Z,1839.00,shipped
MSH770171703,S0002,meesho,HOODIE-YEL-M,1,C02541,2026-07-24T18:48:57.124Z,1149.00,delivered
MSH434190013,S0005,meesho,SNEAKER-MAR-7,1,C02555,2026-07-21T02:28:27.551Z,2399.00,delivered
347-7497994-8527082,S0004,amazon,KURTI-YEL-XL,1,C01207,2026-07-08T23:48:31.409Z,578.55,returned
MSH105102980,S0002,meesho,HOODIE-BLK-L,2,C00734,2026-08-20T20:39:23.033Z,2038.00,delivered
OD515047588370,S0002,flipkart,HOODIE-BLK-L,1,C02294,2026-09-13T20:17:35.875Z,1019.00,confirmed
OD074223540902,S0028,flipkart,JEANS-YEL-32,1,C01698,2026-07-31T16:36:36.676Z,1109.00,cancelled
MYN7445891130,S0003,myntra,SAREE-MAR-FREE,2,C00347,2026-08-14T07:39:44.282Z,3019.10,delivered
MYN2485643532,S0003,myntra,KURTI-WHT-XL,5,C00573,2026-08-15T17:08:15.802Z,2245.00,returned
MSH675125330,S0039,meesho,HANDBAG-BLK-FREE,4,C02276,2026-08-19T15:32:50.216Z,3236.00,delivered
106-0200761-9850584,S0008,amazon,JEANS-BLU-34,5,C01153,2026-08-09T07:01:08.293Z,7120.25,pending
MSH082539732,S0007,meesho,HOODIE-YEL-M,3,C02415,2026-07-13T13:42:37.267Z,2049.15,cancelled
OD669327104685,,flipkart,KURTI-YEL-M,1,C00116,2026-08-20T15:24:53.835Z,329.00,delivered
MSH946302891,S0027,meesho,SAREE-BLK-FREE,2,C01238,2026-09-18T21:27:12.654Z,4058.00,delivered
767-2726475-5539228,S0022,amazon,HOODIE-YEL-M,4,C01195,2026-08-30T21:32:13.536Z,4876.00,delivered
605-9638506-7269527,S0009,amazon,HANDBAG-RED-FREE,2,C02462,2026-08-23T22:02:39.859Z,1878.00,delivered
400-1730200-8279253,S0001,amazon,TSHIRT-GRN-L,1,C02996,2026-07-12T02:58:25.258Z,489.00,delivered
MYN0291143274,S0019,myntra,WATCH-MAR-FREE,1,C00162,2026-10-03T11:08:25.017Z,1469.00,delivered
OD269095415395,S0002,flipkart,HOODIE-YEL-M,1,C01167,2026-08-28T12:38:02.192Z,1149.00,cancelled
MSH237935943,S0005,meesho,SNEAKER-MAR-7,2,C02492,2026-09-15T04:57:30.296Z,4558.10,delivered
OD600519763772,S0003,flipkart,KURTI-BLK-L,1,C02188,2026-08-08T13:38:49.921Z,769.00,delivered
MSH878978990,S0007,meesho,JEANS-GRN-34,1,C02362,2026-08-25T11:05:10.184Z,719.00,delivered
MSH369236299,S0002,meesho,HOODIE-YEL-M,2,C00668,2026-08-17T07:38:25.005Z,2183.10,delivered
OD054463039251,S0003,flipkart,KURTI-MAR-XL,3,C01908,2026-08-23T17:19:02.512Z,1767.00,delivered
OD837133245653,S0002,flipkart,HOODIE-BLK-L,1,C02389,2026-08-10T02:07:16.755Z,1019.00,returned
XXXXXXXXXXXXXXXXXXXXXXXXXXXXXXXXXXXXXXXXXXXXXXXXXXXXXXXXXXXXXXXXXXXXXX,S0048,amazon,HOODIE-BLU-XL,3,C01692,2026-08-01T23:13:27.124Z,2391.15,delivered
639-2561664-6991297,S0037,amazon,JEANS-BLK-36,1,C01254,2026-07-16T01:31:32.502Z,1119.00,delivered
MSH252181011,S0030,meesho,JEANS-RED-30,1,C02885,2026-09-10T16:35:32.113Z,1671.05,delivered
MYN2430272968,S0047,myntra,KURTI-BLK-L,3,C01637,2026-07-20T20:51:01.090Z,937.65,delivered
OD748881669714,S0025,flipkart,SNEAKER-PNK-7,1,C02561,2026-09-09T20:44:16.449Z,2989.00,pending
MYN2355943601,S0034,myntra,HANDBAG-YEL-FREE,1,C00982,2026-09-19T10:06:23.164Z,1249.00,returned
MYN4958278763,S0043,myntra,HANDBAG-RED-FREE,1,C01333,2026-07-26T07:09:02.833Z,1239.00,cancelled
218-4992777-8056789,S0001,amazon,HOODIE-GRN-XL,1,C02303,2026-09-28T13:48:46.168Z,1747.05,delivered
857-1529950-0350330,S0001,amazon,TSHIRT-PNK-XL,5,C00128,2026-09-28T22:41:35.504Z,1660.50,pending
MSH029963744,S0001,meesho,HOODIE-PNK-M,2,C00252,2026-08-23T22:43:46.628Z,3198.00,shipped
MSH284078823,S0026,meesho,HANDBAG-BLK-FREE,5,C02869,2026-08-19T20:17:18.208Z,2145.00,delivered
MSH611874553,S0002,meesho,HOODIE-BLK-L,3,C00815,2026-08-20T18:17:22.698Z,2904.15,delivered
OD684455220009,S0003,flipkart,KURTI-BLK-M,3,C02379,2026-07-30T07:12:07.665Z,2103.30,returned
MYN3593657498,S0008,myntra,JEANS-BLU-34,1,C00568,2026-08-30T13:01:10.242Z,1499.00,delivered
539-8465851-4375392,S0013,amazon,SNEAKER-GRN-7,1,C00167,2026-09-10T03:46:04.290Z,1129.00,delivered
154-2175573-7609368,S0004,amazon,KURTI-MAR-L,1,C01980,2026-10-03T03:08:31.720Z,309.00,delivered
MSH562772620,S0005,meesho,SNEAKER-MAR-7,1,C00190,2026-08-25T23:32:48.794Z,2399.00,delivered
OD179372001734,S0002,flipkart,HOODIE-BLK-L,4,C01945,2026-08-14T18:15:02.249Z,3668.40,shipped
OD518744125212,S0003,flipkart,SAREE-MAR-FREE,3,C00407,2026-09-09T10:19:32.000Z,4767.00,delivered
MYN8909613901,S0029,myntra,WATCH-BLK-FREE,1,C02143,2026-07-14T07:51:35.445Z,1279.00,confirmed
OD496227243584,S0017,flipkart,SAREE-MAR-FREE,1,C02247,2026-09-30T21:09:43.915Z,2179.00,cancelled
478-8274529-2772622,S0009,amazon,HANDBAG-RED-FREE,1,C02761,2026-09-10T03:25:52.481Z,892.05,delivered
OD166375190089,S0015,flipkart,SAREE-GRN-FREE,2,C01425,2026-09-10T06:36:52.314Z,4138.20,delivered
MSH669341044,S0001,meesho,TSHIRT-WHT-XL,1,C02704,2026-09-03T11:13:12.894Z,431.10,delivered
OD143199835194,S0002,flipkart,TSHIRT-WHT-M,1,C01943,2026-09-03T18:01:31.893Z,417.05,pending
MSH101370044,S0009,meesho,HANDBAG-PNK-FREE,2,C02808,2026-08-28T14:26:39.252Z,2031.10,cancelled
MYN5129061537,S0023,myntra,SAREE-BLU-FREE,1,C02883,2026-08-23T17:10:11.155Z,2479.00,delivered
OD173252559013,S0002,flipkart,HOODIE-BLK-L,1,C00073,2026-09-25T04:14:47.045Z,1019.00,delivered
OD294862524884,S0002,flipkart,TSHIRT-PNK-XL,1,C01426,2026-07-21T04:41:36.017Z,259.00,delivered
MYN3364008833,S0006,myntra,SNEAKER-GRN-7,1,C00565,2026-10-01T15:18:41.838Z,839.00,delivered
912-8592821-5193027,S0026,amazon,WATCH-YEL-FREE,3,C02524,2026-09-27T11:05:28.023Z,3357.00,cancelled
OD964303387542,S0002,flipkart,TSHIRT-WHT-M,1,C01787,2026-08-11T18:41:28.026Z,439.00,delivered
MSH716618294,S0001,meesho,HOODIE-GRN-XL,2,C00132,2026-08-18T00:19:50.641Z,3678.00,delivered
MYN2571982375,S0038,myntra,SNEAKER-PNK-8,4,C00416,2026-09-01T01:42:47.662Z,5012.20,delivered
OD395724267517,S0002,flipkart,TSHIRT-PNK-M,3,C01673,2026-09-07T20:09:41.774Z,1935.15,pending
MSH137240651,S0001,meesho,HOODIE-GRN-XL,4,C00681,2026-09-17T12:40:03.930Z,7356.00,delivered
MYN4008151393,S0004,myntra,KURTI-PNK-M,1,C02336,2026-09-02T04:23:54.616Z,314.10,shipped
OD977507648939,S0002,flipkart,TSHIRT-PNK-XL,1,C00129,2026-08-20T21:21:18.799Z,259.00,delivered
476-2742578-2537929,S0008,amazon,JEANS-BLU-34,1,C00871,2026-09-21T21:06:09.377Z,1424.05,delivered
OD536662602893,S0015,flipkart,SAREE-PNK-FREE,2,C00685,2026-07-10T19:03:38.381Z,1438.20,shipped
MSH988085430,S0005,meesho,SNEAKER-BLK-9,1,C00268,2026-07-26T16:56:36.960Z,1389.00,delivered
730-9084507-3433489,S0021,amazon,SNEAKER-WHT-9,4,C01220,2026-09-28T12:20:11.118Z,3092.40,delivered
OD952621373807,S0003,flipkart,SAREE-MAR-FREE,1,C02332,2026-08-05T05:57:46.958Z,1589.00,delivered
MSH130174649,S0002,meesho,HOODIE-BLU-M,1,C01795,2026-08-02T18:38:23.598Z,1736.10,delivered
883-6922977-0278715,S0032,amazon,WATCH-WHT-FREE,5,C02307,2026-08-22T16:39:07.247Z,8045.00,delivered
MYN3647900919,S0040,myntra,JEANS-MAR-36,1,C00068,2026-07-21T06:48:43.908Z,1158.05,delivered
MSH263472761,S0002,meesho,HOODIE-YEL-M,2,C01582,2026-07-23T01:46:01.080Z,2298.00,delivered
OD079971893706,S0014,flipkart,KURTI-RED-M,1,C01582,2026-08-11T19:32:28.690Z,749.00,delivered
MSH588364090,S0007,meesho,JEANS-BLU-36,4,C02751,2026-10-01T17:27:11.312Z,4028.40,delivered
748-7386359-2133337,S0009,amazon,HANDBAG-PNK-FREE,3,C00899,2026-09-07T03:48:32.887Z,3207.00,returned
OD469294441226,S0002,flipkart,TSHIRT-PNK-XL,2,C02830,2026-09-08T21:01:49.164Z,518.00,confirmed
OD853855127170,S0026,flipkart,WATCH-PNK-FREE,1,C01186,2026-07-12T00:54:38.897Z,1159.00,returned
OD824520979945,S0003,flipkart,SAREE-MAR-FREE,1,C00651,2026-09-23T04:25:25.619Z,1430.10,delivered
790-9604171-0454831,S0001,amazon,HOODIE-GRN-XL,1,C00252,2026-09-10T15:39:30.234Z,1839.00,delivered
MSH854210648,S0001,meesho,HOODIE-PNK-M,3,C02813,2026-09-03T20:00:11.903Z,4557.15,delivered
MSH515266744,S0026,meesho,HANDBAG-GRN-FREE,1,C00059,2026-08-27T20:28:04.034Z,509.00,delivered
MSH040718978,S0026,meesho,HANDBAG-BLK-FREE,1,C02092,2026-07-05T20:14:13.265Z,386.10,delivered
497-6136844-5663423,S0041,amazon,KURTI-RED-XL,1,C02619,2026-09-03T10:21:09.792Z,519.00,delivered
689-2133114-7208511,S0050,amazon,WATCH-GRN-FREE,1,C02631,2026-08-09T03:58:43.005Z,529.00,delivered
308-9643859-9192305,S0008,amazon,JEANS-PNK-30,1,C02006,2026-08-20T15:10:05.870Z,1179.00,shipped
463-6980075-2036879,S0008,amazon,WATCH-YEL-FREE,1,C02793,2026-09-26T03:56:49.226Z,728.10,confirmed
MSH535261449,S0007,meesho,HOODIE-WHT-L,1,C02962,2026-09-18T02:38:36.708Z,1149.00,delivered
MSH422643059,S0039,meesho,HANDBAG-YEL-FREE,5,C00179,2026-08-26T01:12:46.987Z,3445.00,delivered
OD851866817967,S0018,flipkart,JEANS-RED-30,1,C00324,2026-08-29T16:26:45.483Z,1177.05,delivered
OD206549946304,S0002,flipkart,HOODIE-BLU-M,2,C00351,2026-07-13T11:57:25.421Z,3472.20,pending
MYN8847970729,S0008,myntra,WATCH-YEL-FREE,1,C02604,2026-08-23T00:31:26.460Z,809.00,delivered
MYN1075623115,S0019,myntra,WATCH-GRN-FREE,1,C00795,2026-09-05T09:30:09.742Z,2355.05,delivered
MSH878331900,S0009,meesho,HANDBAG-PNK-FREE,4,C02082,2026-09-16T18:59:24.842Z,3848.40,delivered
OD701237338892,S0002,flipkart,TSHIRT-GRN-M,4,C01798,2026-07-27T23:17:44.565Z,1760.40,cancelled
OD424365134745,S0036,flipkart,HOODIE-GRN-XL,1,C02384,2026-07-25T05:41:52.244Z,1879.00,delivered
MSH661871701,S0001,meesho,TSHIRT-PNK-XL,4,C02315,2026-09-12T21:18:27.131Z,1476.00,returned
MYN3588570198,S0041,myntra,TSHIRT-RED-L,2,C02256,2026-08-03T19:58:17.379Z,1058.00,delivered
871-3086497-0343464,S0045,amazon,WATCH-BLK-FREE,2,C01693,2026-09-01T16:50:24.576Z,6638.00,pending
OD117686961622,S0002,flipkart,HOODIE-BLK-L,1,C01528,2026-09-10T00:54:37.063Z,1019.00,delivered
MSH809481676,S0009,meesho,HANDBAG-MAR-FREE,1,C01954,2026-08-02T12:12:36.830Z,665.10,delivered
MYN7845775224,S0044,myntra,HOODIE-GRN-L,1,C00363,2026-09-26T14:03:06.302Z,1379.00,delivered
MSH211042482,S0001,meesho,TSHIRT-GRN-L,2,C02461,2026-08-03T18:21:29.111Z,929.10,returned
536-9383127-0207365,S0001,amazon,TSHIRT-WHT-XL,2,C00199,2026-07-11T15:31:59.428Z,958.00,shipped
290-9292740-6762739,S0001,amazon,HOODIE-GRN-XL,4,C01359,2026-07-29T20:29:40.024Z,6620.40,delivered
MYN8295294062,S0006,myntra,SNEAKER-MAR-9,2,C02743,2026-08-12T12:09:33.267Z,3858.00,shipped
MSH747889135,S0001,meesho,HOODIE-GRN-XL,1,C02077,2026-07-24T03:19:55.855Z,1655.10,delivered
663-1378185-1273149,S0026,amazon,WATCH-YEL-FREE,1,C00447,2026-08-29T20:49:13.634Z,1119.00,delivered
OD332027147979,S0002,flipkart,TSHIRT-RED-L,2,C01219,2026-09-18T13:01:58.003Z,958.00,returned
597-0227459-3843315,S0018,amazon,JEANS-RED-30,4,C02618,2026-08-30T00:29:38.276Z,4708.20,delivered
MYN7867233310,S0003,myntra,SAREE-MAR-FREE,2,C00686,2026-08-17T03:00:43.962Z,3178.00,delivered
MSH350153528,S0002,meesho,HOODIE-BLK-L,2,C01939,2026-07-08T23:17:00.373Z,2038.00,pending
MYN2468496185,S0003,myntra,KURTI-BLK-M,1,C02486,2026-08-11T16:31:58.581Z,740.05,pending
573-2512165-2704187,S0001,amazon,HOODIE-PNK-M,1,C00277,2026-08-10T10:40:21.766Z,1519.05,pending
672-8374013-4055167,S0027,amazon,SAREE-YEL-FREE,1,C00878,2026-09-24T12:54:15.554Z,1329.05,delivered
OD362702875598,S0002,flipkart,TSHIRT-PNK-M,1,C02989,2026-07-29T01:54:38.020Z,611.10,delivered
MYN0407269053,S0003,myntra,SAREE-MAR-FREE,1,C01465,2026-09-30T05:27:02.239Z,1589.00,shipped
MYN7033315198,S0004,myntra,KURTI-YEL-M,3,C00543,2026-09-20T14:29:48.527Z,2607.00,delivered
OD531258681084,S0026,flipkart,WATCH-YEL-FREE,2,C00439,2026-08-04T22:33:22.523Z,2238.00,confirmed
MYN0952064748,S0008,myntra,JEANS-BLU-34,1,C00244,2026-07-20T07:24:06.058Z,1349.10,cancelled
MYN2475309371,S0003,myntra,SAREE-MAR-FREE,1,C02402,2026-08-21T15:50:06.840Z,1509.55,delivered
127-9647858-2582948,S0001,amazon,HOODIE-GRN-XL,2,C00233,2026-08-04T22:17:16.568Z,3678.00,cancelled
OD712233550769,S0002,flipkart,HOODIE-YEL-M,1,C00243,2026-08-08T13:42:54.681Z,1034.10,cancelled
914-1052966-1687962,S0012,amazon,KURTI-YEL-M,1,C01419,2026-09-19T03:26:39.788Z,711.55,delivered
MSH487348436,S0001,meesho,TSHIRT-GRN-L,1,C02724,2026-08-15T12:55:01.551Z,440.10,shipped
OD224471228423,S0002,flipkart,HOODIE-YEL-M,2,C00106,2026-07-22T21:14:26.624Z,2298.00,shipped
442-7058917-0963557,S0001,amazon,HOODIE-GRN-XL,1,C02282,2026-07-14T12:18:42.013Z,1839.00,returned
MYN9969575666,S0008,myntra,JEANS-PNK-30,1,C01336,2026-08-21T20:07:16.769Z,1061.10,delivered
OD506503182691,S0002,flipkart,HOODIE-MAR-XL,3,C02687,2026-08-13T22:25:15.141Z,2817.00,shipped
MYN0109482400,S0019,myntra,WATCH-BLK-FREE,3,C01790,2026-08-16T07:24:08.220Z,4186.65,delivered
917-6659220-3092919,S0001,amazon,HOODIE-GRN-XL,2,C00938,2026-09-04T13:48:03.960Z,3310.20,delivered
MSH227003461,S0009,meesho,HANDBAG-PNK-FREE,1,C01806,2026-08-23T21:28:27.698Z,1069.00,delivered
MYN1414966274,S0008,myntra,JEANS-BLU-34,1,C01051,2026-07-28T05:20:12.783Z,1349.10,delivered
429-4960278-1305530,S0001,amazon,HOODIE-PNK-M,5,C02912,2026-07-17T18:36:24.639Z,7995.00,cancelled
MSH910439450,S0036,meesho,HOODIE-GRN-XL,4,C00373,2026-07-31T08:18:01.762Z,6764.40,delivered
OD135847810095,S0009,flipkart,HANDBAG-PNK-FREE,1,C02244,2026-08-24T20:38:07.758Z,1069.00,delivered
082-3605958-3364672,S0022,amazon,HOODIE-YEL-M,1,C00318,2026-09-21T06:52:21.765Z,1219.00,shipped
MSH296243630,S0027,meesho,SAREE-WHT-FREE,1,C00716,2026-07-20T10:50:12.138Z,1646.10,delivered
MYN0320506240,S0008,myntra,JEANS-BLK-36,2,C02392,2026-07-17T17:41:00.802Z,1598.00,shipped
826-4011515-5936711,S0001,amazon,TSHIRT-WHT-XL,1,C02368,2026-08-03T23:43:24.127Z,479.00,delivered
OD392247954482,S0002,flipkart,HOODIE-BLK-L,1,C01203,2026-07-28T03:08:01.750Z,1019.00,delivered
435-0235777-8624247,S0045,amazon,WATCH-BLK-FREE,2,C00512,2026-08-14T15:04:12.533Z,6638.00,delivered
OD972003086334,S0010,flipkart,HANDBAG-PNK-FREE,1,C00069,2026-08-27T13:11:25.806Z,647.10,delivered
MSH978296278,S0007,meesho,HOODIE-YEL-M,4,C02306,2026-09-08T11:58:45.919Z,2876.00,shipped
OD193611744250,S0002,flipkart,TSHIRT-PNK-XL,2,C01388,2026-09-30T14:12:39.539Z,492.10,delivered
MYN2234291154,S0034,myntra,HANDBAG-YEL-FREE,1,C02264,2026-08-07T13:40:14.112Z,1249.00,delivered
174-8148596-2876206,S0020,amazon,JEANS-BLU-36,1,C01326,2026-09-06T15:14:47.372Z,979.00,delivered
MYN3259630476,S0034,myntra,HANDBAG-YEL-FREE,1,C02111,2026-08-18T07:33:17.064Z,1249.00,delivered
691-5567425-5568640,S0001,amazon,TSHIRT-PNK-XL,2,C00747,2026-08-10T06:11:19.473Z,701.10,delivered
OD441671235360,S0003,flipkart,SAREE-GRN-FREE,3,C02099,2026-09-23T15:19:17.504Z,4155.30,pending
580-8326221-7662006,S0045,amazon,WATCH-BLK-FREE,1,C02111,2026-08-25T08:11:15.814Z,2987.10,delivered
MSH111922219,S0036,meesho,HOODIE-GRN-XL,1,C02064,2026-09-16T13:01:20.194Z,1879.00,delivered
019-6350697-7996551,S0004,amazon,KURTI-YEL-S,3,C02855,2026-07-21T19:40:28.162Z,927.00,confirmed
MSH431959045,S0001,meesho,TSHIRT-WHT-XL,1,C01039,2026-09-16T11:21:36.005Z,455.05,delivered
OD515334996269,S0024,flipkart,KURTI-PNK-XL,1,C00711,2026-08-10T03:56:01.314Z,459.00,cancelled
OD076352996085,S0003,flipkart,KURTI-BLK-M,2,C00955,2026-08-11T06:57:19.035Z,1480.10,shipped
MSH145177541,S0001,meesho,HOODIE-PNK-M,1,C02277,2026-09-30T14:33:35.944Z,1519.05,confirmed
MSH920223435,S0016,meesho,HANDBAG-PNK-FREE,3,C02692,2026-07-24T22:21:54.519Z,1564.65,delivered
MYN8477756175,S0003,myntra,KURTI-BLK-L,3,C00239,2026-07-20T13:58:20.901Z,2191.65,delivered
MSH063824720,S0027,meesho,SAREE-PNK-FREE,4,C02329,2026-10-01T12:19:44.479Z,2876.40,confirmed
OD687768814969,S0010,flipkart,SAREE-WHT-FREE,2,C00348,2026-07-23T12:47:53.963Z,3818.00,delivered
417-8462041-2531381,S0004,amazon,KURTI-BLU-S,1,C00869,2026-07-16T07:16:36.203Z,829.00,delivered
MSH133700899,S0009,meesho,HANDBAG-PNK-FREE,1,C00327,2026-08-08T09:45:46.886Z,1069.00,delivered
161-1133829-8042125,S0004,amazon,KURTI-PNK-M,3,C02517,2026-08-16T19:32:53.939Z,1047.00,delivered
404-2711759-2336844,S0001,amazon,HOODIE-GRN-XL,1,C01377,2026-08-26T10:41:12.282Z,1839.00,delivered
MYN1541706845,S0008,myntra,JEANS-BLU-34,1,C02619,2026-09-04T23:46:33.059Z,1499.00,delivered
MYN3424046178,S0014,myntra,KURTI-RED-M,1,C01324,2026-09-16T21:34:35.318Z,711.55,delivered
777-0974125-3625148,S0004,amazon,KURTI-BLU-S,2,C02062,2026-09-11T00:44:48.712Z,1575.10,delivered
839-3824669-7529536,S0023,amazon,SAREE-WHT-FREE,1,C00281,2026-09-15T05:00:57.726Z,2141.10,cancelled
MSH651086034,S0001,meesho,HOODIE-GRN-XL,2,C00640,2026-09-30T11:15:45.201Z,3678.00,confirmed
MSH203664511,S0007,meesho,HOODIE-BLK-XL,2,C02834,2026-09-21T19:36:05.432Z,2958.00,returned
MSH012786774,S0007,meesho,HOODIE-BLU-L,1,C01732,2026-08-16T09:24:01.372Z,979.00,delivered
MYN6672611942,S0003,myntra,KURTI-PNK-XL,1,C02487,2026-08-05T23:30:16.887Z,710.10,shipped
MSH812160381,S0007,meesho,JEANS-YEL-30,4,C01964,2026-09-13T10:18:11.099Z,2436.00,delivered
452-7727999-8847099,S0041,amazon,TSHIRT-YEL-S,1,C00865,2026-08-12T10:49:33.347Z,503.10,delivered
MYN3431697918,S0003,myntra,SAREE-MAR-FREE,2,C01854,2026-09-01T20:02:20.749Z,3019.10,delivered
OD213843040827,S0002,flipkart,HOODIE-YEL-M,1,C00908,2026-08-21T20:06:25.901Z,1091.55,pending
MSH270752638,S0005,meesho,SNEAKER-PNK-9,1,C02934,2026-07-27T21:38:48.897Z,919.00,confirmed
096-1632438-3699560,S0001,amazon,HOODIE-GRN-XL,1,C00886,2026-08-24T12:10:41.014Z,1839.00,delivered
MYN6657548239,S0006,myntra,SNEAKER-RED-10,1,C02516,2026-08-21T09:17:01.052Z,2672.10,pending
OD718904884860,S0033,flipkart,TSHIRT-RED-M,1,C00716,2026-07-18T10:36:19.780Z,669.00,delivered
674-6163546-3554421,S0012,amazon,KURTI-BLU-XL,2,C01868,2026-09-14T19:04:48.061Z,1632.10,cancelled
MSH843120739,S0002,meesho,HOODIE-YEL-M,1,C02721,2026-09-03T01:40:46.975Z,1034.10,delivered
492-1027503-8172286,S0004,amazon,KURTI-PNK-M,2,C01567,2026-09-18T00:58:55.131Z,628.20,delivered
OD172204726654,S0002,flipkart,TSHIRT-PNK-M,1,C02984,2026-08-09T14:42:50.715Z,679.00,shipped
493-5861640-5718541,S0045,amazon,WATCH-BLK-FREE,2,C01294,2026-09-18T15:24:11.684Z,6638.00,pending
161-1990459-2248649,S0001,amazon,TSHIRT-WHT-XL,3,C01260,2026-09-27T10:26:29.682Z,1293.30,delivered
588-9221769-6505507,S0022,amazon,HOODIE-YEL-M,2,C01171,2026-07-14T22:22:59.923Z,2438.00,returned
MSH332136298,S0002,meesho,HOODIE-BLK-L,3,C02405,2026-09-03T06:51:38.587Z,3057.00,pending
OD471891994349,S0002,flipkart,HOODIE-YEL-M,1,C01451,2026-07-22T02:49:10.456Z,1034.10,pending
MSH513280391,S0005,meesho,SNEAKER-PNK-9,1,C01005,2026-08-26T12:34:11.980Z,873.05,delivered
MSH702871792,S0002,meesho,HOODIE-YEL-M,1,C01531,2026-08-03T12:13:26.825Z,1149.00,delivered
MYN2836041768,S0008,myntra,WATCH-YEL-FREE,1,C02206,2026-07-08T12:44:56.393Z,809.00,confirmed
MSH115548899,S0007,meesho,HOODIE-BLK-XL,4,C00547,2026-09-22T17:28:01.428Z,5324.40,delivered
MSH888507148,S0005,meesho,SNEAKER-MAR-7,3,C02597,2026-09-12T15:59:02.341Z,7197.00,pending
MSH681621284,S0016,meesho,HANDBAG-YEL-FREE,1,C01157,2026-09-26T05:06:28.437Z,839.00,confirmed
778-5097239-0488238,S0001,amazon,TSHIRT-PNK-XL,1,C00681,2026-10-01T04:23:28.025Z,369.00,delivered
OD408509300903,S0003,flipkart,KURTI-BLK-L,2,C02987,2026-09-08T05:54:05.921Z,1538.00,confirmed
MSH404282512,S0002,meesho,TSHIRT-GRN-M,1,C02906,2026-08-31T00:30:10.226Z,440.10,cancelled
MSH793090303,S0001,meesho,TSHIRT-PNK-XL,4,C00285,2026-08-12T03:34:19.003Z,1402.20,returned
MSH349365317,S0005,meesho,SNEAKER-PNK-9,1,C02033,2026-08-16T16:30:37.155Z,827.10,returned
MSH351129983,S0012,meesho,KURTI-BLU-S,3,C00371,2026-07-16T20:37:51.767Z,1887.00,cancelled
OD832764393260,S0015,flipkart,WATCH-BLU-FREE,3,C02145,2026-08-17T10:37:35.938Z,4020.30,delivered
404-7327066-6122288,S0016,amazon,HANDBAG-GRN-FREE,1,C00515,2026-09-27T22:47:44.328Z,1044.05,delivered
OD251669532227,S0042,flipkart,KURTI-WHT-XL,1,C01977,2026-09-10T06:42:16.718Z,589.00,shipped
MYN2460079163,S0003,myntra,KURTI-BLK-L,1,C00247,2026-07-18T06:44:31.139Z,769.00,delivered
OD317526863980,S0002,flipkart,TSHIRT-BLU-XL,4,C01509,2026-07-30T23:13:00.189Z,2444.40,delivered
799-5658944-1439964,S0001,amazon,TSHIRT-WHT-XL,1,C00047,2026-08-31T20:40:50.608Z,431.10,delivered
OD027987324495,S0010,flipkart,SAREE-GRN-FREE,3,C01642,2026-08-29T19:19:23.746Z,3966.30,delivered
MSH792510390,S0026,meesho,WATCH-MAR-FREE,5,C00601,2026-07-13T13:46:40.545Z,13345.00,confirmed
MYN0319242320,S0003,myntra,KURTI-PNK-XL,3,C01750,2026-08-23T15:11:25.701Z,2248.65,pending
MYN8946466272,S0048,myntra,HOODIE-YEL-M,1,C00222,2026-07-23T01:08:46.449Z,819.00,delivered
MSH078428042,S0005,meesho,SNEAKER-BLK-9,1,C00628,2026-07-24T15:58:41.678Z,1319.55,delivered
320-7492397-6932241,S0012,amazon,KURTI-YEL-M,1,C02686,2026-07-12T15:16:19.222Z,749.00,cancelled
OD213774656884,S0048,flipkart,HOODIE-BLU-XL,1,C02537,2026-08-01T00:50:17.093Z,755.10,confirmed
OD834955241805,S0002,flipkart,HOODIE-YEL-M,1,C02810,2026-08-26T22:34:13.313Z,1034.10,delivered
OD995259237989,S0018,flipkart,JEANS-RED-30,1,C00532,2026-09-21T10:38:19.769Z,-1115.10,confirmed
315-2080874-6307928,S0026,amazon,HANDBAG-BLK-FREE,1,C02098,2026-08-08T17:44:18.077Z,429.00,delivered
MSH218798314,S0002,meesho,HOODIE-MAR-L,4,C02425,2026-09-02T07:35:40.217Z,4076.00,delivered
631-9090847-0598059,S0023,amazon,SAREE-BLK-FREE,2,C00503,2026-08-15T20:57:46.586Z,3285.10,delivered
OD775744375978,S0002,flipkart,HOODIE-BLK-L,2,C02595,2026-09-22T03:59:36.228Z,1834.20,delivered
MSH792145212,S0026,meesho,HANDBAG-MAR-FREE,1,C01198,2026-08-27T15:14:53.894Z,971.10,delivered
OD129569832231,S0028,flipkart,JEANS-GRN-30,3,C01394,2026-07-24T20:01:42.539Z,2049.30,delivered
MSH747633916,S0002,meesho,TSHIRT-PNK-M,1,C01595,2026-08-05T15:29:25.011Z,679.00,delivered
MSH146475441,S0001,meesho,HOODIE-GRN-XL,2,C02927,2026-07-21T02:36:34.505Z,3310.20,confirmed
OD043268552721,S0018,flipkart,JEANS-BLK-34,2,C00821,2026-08-24T06:21:29.942Z,1638.00,delivered
MSH583847600,S0005,meesho,SNEAKER-RED-10,4,C02661,2026-09-12T23:55:11.380Z,7676.00,delivered
MSH886208703,S0011,meesho,KURTI-BLU-XL,1,C02243,2026-08-31T23:05:22.888Z,599.00,delivered
OD585400481173,S0010,flipkart,SAREE-WHT-FREE,2,C02583,2026-09-30T08:12:16.821Z,3627.10,delivered
108-0571469-5456447,S0001,amazon,HOODIE-GRN-XL,1,C00479,2026-09-10T22:13:22.672Z,1839.00,shipped
OD714997819507,S0034,flipkart,HANDBAG-BLU-FREE,2,C01863,2026-07-14T02:23:24.685Z,2392.20,shipped
MSH675218855,S0001,meesho,TSHIRT-PNK-XL,1,C02126,2026-08-03T10:32:25.866Z,332.10,delivered
MYN8943172216,S0019,myntra,WATCH-BLK-FREE,4,C01008,2026-09-27T11:05:39.225Z,5876.00,delivered
304-4992229-7831335,S0004,amazon,KURTI-YEL-XL,4,C01098,2026-08-28T19:24:38.373Z,2436.00,shipped
280-4445806-7590654,S0004,amazon,KURTI-YEL-XL,4,C02941,2026-10-03T00:17:22.953Z,2436.00,delivered
MSH346106542,S0001,meesho,HOODIE-GRN-XL,1,C02877,2026-08-06T05:51:44.751Z,1839.00,delivered
779-9714914-3569385,S0001,amazon,HOODIE-GRN-XL,3,C01548,2026-07-31T07:57:21.804Z,5241.15,delivered
MSH422205515,S0005,meesho,SNEAKER-PNK-9,1,C02113,2026-07-26T10:58:36.637Z,827.10,delivered
065-7849357-6795655,S0012,amazon,KURTI-YEL-M,2,C02577,2026-07-12T23:20:10.608Z,1348.20,cancelled
063-5261064-7571052,S0001,amazon,HOODIE-GRN-XL,2,C02003,2026-07-09T13:37:12.452Z,3678.00,delivered
MSH410167546,S0002,meesho,HOODIE-YEL-M,3,C02644,2026-08-05T22:07:51.941Z,3102.30,delivered
OD219836868509,S0002,flipkart,HOODIE-MAR-L,1,C01625,2026-08-28T00:54:03.433Z,968.05,returned
MSH502225673,S0007,meesho,HOODIE-WHT-L,1,C01005,2026-09-02T02:00:40.427Z,1149.00,delivered
OD439851482024,S0024,flipkart,JEANS-RED-36,2,C02892,2026-08-13T05:31:51.585Z,1598.00,shipped
MYN6188331506,S0038,myntra,SNEAKER-PNK-8,1,C01755,2026-08-29T08:42:42.350Z,1187.10,confirmed
OD638415257704,S0002,flipkart,TSHIRT-WHT-M,1,C00565,2026-07-20T22:11:54.646Z,439.00,returned
MSH598089398,S0001,meesho,TSHIRT-PNK-XL,4,C00469,2026-08-03T15:06:13.192Z,1328.40,pending
MYN9690838699,S0003,myntra,SAREE-MAR-FREE,1,C02317,2026-08-06T11:26:14.374Z,1589.00,returned
OD470644599795,S0017,flipkart,KURTI-PNK-M,1,C01459,2026-08-21T07:59:12.963Z,789.00,shipped
529-1445527-9290242,S0041,amazon,KURTI-YEL-M,2,C00817,2026-07-30T03:51:26.631Z,1564.20,delivered
MYN1024450624,S0046,myntra,HOODIE-PNK-L,1,C00788,2026-07-15T16:31:49.557Z,1799.00,delivered
313-3615055-9255828,S0012,amazon,KURTI-BLU-S,2,C02911,2026-09-12T11:48:21.706Z,1258.00,confirmed
MYN4828356567,S0049,myntra,SAREE-WHT-FREE,4,C02593,2026-07-08T06:36:02.200Z,6956.00,confirmed
156-9698849-1710447,S0004,amazon,KURTI-BLU-S,2,C01674,2026-09-24T20:44:06.865Z,1658.00,delivered
MYN3011480223,S0004,myntra,KURTI-MAR-L,2,C00040,2026-07-11T10:17:56.805Z,587.10,confirmed
881-0297737-7415482,S0045,amazon,WATCH-BLK-FREE,1,C00648,2026-09-23T14:23:26.542Z,3319.00,delivered
MYN0984005897,S0019,myntra,WATCH-BLK-FREE,1,C01402,2026-07-29T05:14:05.022Z,1469.00,delivered
MSH007378970,S0007,meesho,HOODIE-PNK-M,3,C01084,2026-07-15T09:52:08.574Z,3777.00,delivered
MYN5136304326,S0008,myntra,JEANS-BLU-34,2,C00048,2026-08-08T08:09:03.225Z,2848.10,delivered
OD187308966766,S0003,flipkart,SAREE-MAR-FREE,2,C00657,2026-09-10T13:18:07.104Z,3178.00,cancelled
OD345514292226,S0002,flipkart,TSHIRT-PNK-XL,1,C00271,2026-09-15T11:15:14.197Z,246.05,delivered
MYN1465668874,S0040,myntra,JEANS-MAR-30,2,C01657,2026-07-09T17:13:54.186Z,2958.00,delivered
OD880266540159,S0002,flipkart,TSHIRT-PNK-M,1,C01611,2026-08-26T07:57:13.801Z,679.00,delivered
376-7269888-1006356,S0032,amazon,WATCH-WHT-FREE,2,C02182,2026-09-10T18:35:48.354Z,3218.00,returned
OD810257684350,S0002,flipkart,HOODIE-BLU-M,4,C00344,2026-09-04T23:14:39.014Z,7716.00,delivered
OD387941377287,S0002,flipkart,HOODIE-BLK-L,3,C00679,2026-09-21T13:09:45.280Z,2904.15,delivered
563-9001299-8253591,S0043,amazon,HANDBAG-RED-FREE,1,C00279,2026-07-05T12:49:50.103Z,1239.00,delivered
MYN6260492673,S0014,myntra,KURTI-WHT-XL,1,C00493,2026-10-01T22:05:42.007Z,449.10,delivered
OD361404389779,S0003,flipkart,KURTI-PNK-XL,1,C00776,2026-09-12T23:39:13.681Z,789.00,shipped
MYN9917678187,S0041,myntra,TSHIRT-YEL-S,4,C02771,2026-07-28T13:52:40.716Z,2012.40,delivered
OD077958721585,S0010,flipkart,SAREE-WHT-FREE,1,C01974,2026-08-07T13:15:31.725Z,1718.10,delivered
MSH246498362,S0007,meesho,JEANS-BLU-36,2,C02300,2026-09-11T15:00:28.761Z,2238.00,delivered
OD642789650884,S0003,flipkart,KURTI-BLK-L,2,C00235,2026-08-10T22:33:07.773Z,1538.00,delivered
680-1911830-6568379,S0033,amazon,SAREE-BLU-FREE,1,C00702,2026-07-08T04:12:18.679Z,1679.00,delivered
MYN3957371260,S0003,myntra,SAREE-MAR-FREE,2,C02597,2026-10-03T06:50:22.054Z,2860.20,delivered
846-2306501-0612856,S0001,amazon,HOODIE-GRN-XL,2,C01758,2026-07-06T21:25:34.779Z,3678.00,delivered
MYN7953774744,S0014,myntra,KURTI-WHT-XL,1,C01246,2026-08-21T19:35:41.237Z,449.10,delivered
MSH661630948,S0002,meesho,TSHIRT-WHT-M,4,C01628,2026-07-15T21:04:28.595Z,1756.00,shipped
284-6021175-0000506,S0041,amazon,TSHIRT-WHT-XL,1,C01924,2026-07-22T01:53:39.744Z,419.00,returned
MSH313955910,S0002,meesho,HOODIE-YEL-M,2,C02664,2026-09-27T19:41:05.872Z,2068.20,delivered
OD461875631351,S0024,flipkart,KURTI-RED-S,1,C00804,2026-07-15T12:31:47.354Z,519.00,returned
675-3373468-8990390,S0044,amazon,HOODIE-YEL-XL,2,C01776,2026-09-10T00:31:39.777Z,3858.00,confirmed
OD583807207192,S0002,flipkart,HOODIE-MAR-L,1,C02066,2026-07-13T16:31:28.622Z,1019.00,delivered
OD849391902532,S0003,flipkart,KURTI-BLK-M,4,C02912,2026-08-02T00:41:30.197Z,2804.40,shipped
MYN5308119763,S0028,myntra,JEANS-YEL-36,1,C00641,2026-08-30T09:43:03.995Z,949.00,delivered
OD297044973657,S0036,flipkart,HOODIE-GRN-XL,4,C00540,2026-07-14T23:23:57.056Z,7516.00,delivered
MYN4893013480,S0041,myntra,KURTI-WHT-L,1,C01430,2026-09-06T02:06:26.800Z,619.00,delivered
388-8320199-5856348,S0022,amazon,SNEAKER-WHT-10,1,C00269,2026-09-19T15:32:44.668Z,1369.00,shipped
649-9308235-1815012,S0022,amazon,HOODIE-BLK-XL,2,C02002,2026-07-18T22:57:34.621Z,2410.20,delivered
614-6083635-4815765,S0001,amazon,HOODIE-GRN-XL,3,C00540,2026-09-03T12:55:34.973Z,5241.15,confirmed
132-4638753-9476876,S0012,amazon,KURTI-WHT-L,1,C00821,2026-08-12T16:34:35.397Z,509.00,confirmed
OD028118894668,S0009,flipkart,HANDBAG-PNK-FREE,1,C01000,2026-08-14T08:15:17.337Z,1069.00,delivered
OD746925244644,S0002,flipkart,TSHIRT-BLU-XL,1,C01048,2026-08-31T11:14:58.438Z,679.00,cancelled
OD282510698628,S0036,flipkart,HOODIE-GRN-XL,2,C00772,2026-09-20T18:33:27.044Z,3570.10,delivered
780-8945830-2532578,S0001,amazon,TSHIRT-WHT-XL,1,C02159,2026-08-17T00:13:33.429Z,479.00,delivered
OD920739086462,S0003,flipkart,KURTI-BLK-M,2,C00252,2026-07-09T03:03:16.197Z,1558.00,delivered
532-0329401-3047423,S0041,amazon,TSHIRT-YEL-S,1,C02325,2026-08-25T20:16:47.326Z,559.00,delivered
OD247394751034,S0010,flipkart,HANDBAG-RED-FREE,3,C02597,2026-09-18T21:39:19.886Z,1764.15,returned
179-2492067-6009039,S0009,amazon,HANDBAG-BLK-FREE,3,C02325,2026-09-26T14:57:15.803Z,3657.00,delivered
MSH075365429,S0030,meesho,SAREE-PNK-FREE,1,C02476,2026-08-16T06:24:03.668Z,1880.10,delivered
MSH425209802,S0001,meesho,HOODIE-PNK-M,1,C01420,2026-09-14T13:16:07.533Z,1599.00,delivered
MSH154984279,S0005,meesho,SNEAKER-RED-10,2,C00969,2026-08-23T20:32:50.974Z,3838.00,delivered
MYN1219078767,S0040,myntra,SAREE-WHT-FREE,1,C01752,2026-09-04T06:04:33.398Z,2449.00,cancelled
MYN9642557522,S0003,myntra,KURTI-BLK-M,4,C01830,2026-07-16T07:40:30.606Z,2960.20,delivered
451-4338276-1828231,S0016,amazon,HANDBAG-PNK-FREE,2,C00948,2026-09-01T18:00:11.041Z,1043.10,delivered
MSH577201806,S0001,meesho,TSHIRT-WHT-XL,2,C02568,2026-08-11T05:57:33.122Z,958.00,confirmed
MSH907668994,S0021,meesho,SNEAKER-PNK-7,1,C00098,2026-09-16T07:58:30.407Z,2449.00,shipped
MYN8047063901,S0047,myntra,KURTI-YEL-M,2,C01616,2026-08-27T18:25:57.399Z,1778.00,delivered
OD269408751645,S0003,flipkart,SAREE-YEL-FREE,1,C01641,2026-08-12T17:31:26.800Z,1160.10,delivered
MSH938837324,S0005,meesho,SNEAKER-MAR-7,2,C00858,2026-08-12T02:17:31.997Z,4798.00,delivered
MSH758128133,S0012,meesho,KURTI-BLU-XL,1,C01488,2026-08-14T19:32:38.674Z,859.00,delivered
MSH796667706,S0001,meesho,TSHIRT-WHT-XL,2,C00313,2026-07-18T21:07:09.838Z,958.00,delivered
MYN8922223117,S0008,myntra,WATCH-YEL-FREE,3,C02169,2026-09-01T01:43:56.298Z,2427.00,delivered
742-0429208-3572654,S0004,amazon,KURTI-YEL-M,3,C02554,2026-08-18T02:49:20.062Z,2607.00,delivered
OD612408012255,S0015,flipkart,WATCH-PNK-FREE,1,C00780,2026-07-08T15:04:16.287Z,1929.00,shipped
275-4471358-4433933,S0031,amazon,SNEAKER-WHT-7,1,C00275,2026-08-05T08:49:28.366Z,1039.00,confirmed
MSH778238592,S0001,meesho,TSHIRT-PNK-XL,1,C00282,2026-09-12T04:39:07.020Z,332.10,delivered
MSH873602564,S0002,meesho,TSHIRT-WHT-M,1,C00096,2026-09-29T02:30:53.384Z,439.00,delivered
627-6890356-2781866,S0040,amazon,SAREE-YEL-FREE,1,C00690,2026-09-02T03:53:31.881Z,1916.10,shipped
359-4965661-3481962,S0001,amazon,TSHIRT-WHT-XL,3,C02534,2026-07-20T00:57:51.342Z,1365.15,confirmed
MSH940390947,S0001,meesho,HOODIE-GRN-XL,2,C01716,2026-07-29T23:10:01.864Z,3678.00,delivered
OD470112495680,S0010,flipkart,SAREE-GRN-FREE,1,C02699,2026-08-04T10:56:14.888Z,1469.00,delivered
MSH375440595,S0001,meesho,HOODIE-GRN-XL,1,C02147,2026-09-29T06:40:33.252Z,1747.05,delivered
MSH515544846,S0002,meesho,HOODIE-BLK-L,1,C01400,2026-09-13T20:01:28.915Z,917.10,confirmed
MYN5157690823,S0006,myntra,SNEAKER-RED-10,1,C01761,2026-07-31T23:57:29.704Z,2969.00,delivered
MYN8520339552,S0035,myntra,TSHIRT-BLK-M,3,C02513,2026-07-16T20:54:42.512Z,2067.00,delivered
OD153359864207,S0010,flipkart,SAREE-YEL-FREE,2,C01076,2026-07-09T07:35:20.251Z,1258.20,delivered
MYN1318391352,S0033,myntra,TSHIRT-RED-S,1,C00940,2026-07-22T16:49:31.292Z,279.00,delivered
MYN6611496689,S0004,myntra,KURTI-YEL-XL,1,C01096,2026-07-21T13:42:47.944Z,578.55,delivered
328-6049634-4877367,S0032,amazon,WATCH-YEL-FREE,2,C01580,2026-07-26T18:02:34.476Z,6038.00,returned
OD275048717911,S0002,flipkart,HOODIE-MAR-XL,3,C02488,2026-09-28T11:10:37.625Z,2817.00,returned
MSH707974304,S0001,meesho,TSHIRT-PNK-XL,1,C00491,2026-07-22T18:05:14.577Z,369.00,delivered
MYN0126292412,S0008,myntra,JEANS-BLU-34,1,C00170,2026-08-08T05:31:38.117Z,1499.00,confirmed
MYN1922821492,S0006,myntra,SNEAKER-YEL-7,3,C02870,2026-07-15T03:02:18.921Z,4167.00,delivered
MYN9681142714,S0003,myntra,SAREE-MAR-FREE,3,C00481,2026-07-19T00:45:30.709Z,4767.00,returned
OD686904339246,S0026,flipkart,HANDBAG-MAR-FREE,2,C01421,2026-09-30T00:27:55.076Z,2158.00,delivered
MYN5002144171,S0003,myntra,SAREE-MAR-FREE,2,C01514,2026-07-06T13:48:17.593Z,3178.00,delivered
014-0834868-2835339,S0001,amazon,TSHIRT-WHT-XL,1,C00610,2026-09-09T02:44:23.336Z,479.00,cancelled
OD463582375135,S0002,flipkart,TSHIRT-BLU-XL,2,C01346,2026-08-29T16:22:51.490Z,1290.10,delivered
MYN9581375351,S0008,myntra,JEANS-YEL-32,1,C01248,2026-07-19T03:55:17.679Z,1709.05,confirmed
389-9275090-6573327,S0040,amazon,SAREE-BLK-FREE,1,C00015,2026-07-15T10:13:02.569Z,1304.10,confirmed
MYN7729427167,S0019,myntra,WATCH-GRN-FREE,1,C02567,2026-07-31T01:46:58.266Z,2355.05,cancelled
MSH131957057,S0040,meesho,JEANS-MAR-30,1,C00411,2026-09-09T08:41:59.919Z,1331.10,delivered
OD261606272012,S0015,flipkart,SAREE-GRN-FREE,2,C02147,2026-08-02T00:26:49.878Z,4598.00,delivered
531-1357369-1342139,S0001,amazon,HOODIE-GRN-XL,2,C00952,2026-08-23T11:49:55.307Z,3494.10,delivered
129-8827555-6005946,S0004,amazon,KURTI-YEL-XL,1,C02795,2026-07-12T14:36:54.734Z,609.00,delivered
MYN9816871443,S0003,myntra,KURTI-BLK-L,1,C01680,2026-09-09T22:53:35.881Z,692.10,pending
MYN3390976938,S0019,myntra,WATCH-BLK-FREE,2,C00378,2026-09-24T22:31:27.989Z,2938.00,delivered
MSH850244530,S0001,meesho,HOODIE-PNK-M,3,C00120,2026-08-12T18:52:26.560Z,4797.00,shipped
MYN4219026645,S0029,myntra,SNEAKER-YEL-8,1,C00373,2026-09-26T19:42:08.059Z,2249.00,shipped
MYN7087602607,S0047,myntra,KURTI-YEL-M,1,C02862,2026-08-19T23:34:29.869Z,889.00,cancelled
OD952144742298,S0002,flipkart,TSHIRT-RED-L,1,C00258,2026-07-28T12:52:10.574Z,479.00,delivered
MYN2326843897,S0008,myntra,JEANS-BLK-36,3,C02612,2026-08-27T11:16:48.203Z,2397.00,cancelled
MYN5596306856,S0043,myntra,HANDBAG-GRN-FREE,2,C01059,2026-07-09T03:05:21.420Z,1100.10,returned
020-1394664-0825268,S0026,amazon,WATCH-YEL-FREE,1,C01319,2026-07-22T06:40:49.194Z,1063.05,delivered
102-9525944-8818823,S0009,amazon,HANDBAG-PNK-FREE,1,C00205,2026-09-09T16:04:47.443Z,962.10,delivered
OD696412996998,S0002,flipkart,HOODIE-YEL-M,1,C02173,2026-09-27T05:56:14.364Z,1091.55,delivered
MYN9731358375,S0003,myntra,KURTI-BLK-M,1,C01224,2026-08-18T11:41:45.636Z,740.05,delivered
OD750929665171,S0003,flipkart,SAREE-MAR-FREE,1,C01414,2026-08-01T04:36:17.372Z,1589.00,confirmed
092-3263268-0221236,S0045,amazon,WATCH-RED-FREE,1,C00846,2026-07-07T11:26:43.513Z,1699.00,delivered
MYN8891719814,S0003,myntra,SAREE-MAR-FREE,1,C01864,2026-07-28T00:42:43.991Z,1430.10,delivered
MSH725556808,S0001,meesho,TSHIRT-WHT-XL,5,C02126,2026-08-15T17:01:43.259Z,2395.00,delivered
MYN3340383726,S0006,myntra,SNEAKER-YEL-7,1,C02020,2026-09-27T09:19:59.281Z,1389.00,cancelled
661-4542368-5163806,S0008,amazon,JEANS-YEL-32,2,C01386,2026-08-07T20:18:03.521Z,3598.00,delivered
274-7800802-0106095,S0011,amazon,KURTI-BLU-M,1,C00169,2026-08-19T07:57:34.508Z,739.00,delivered
MSH975312974,S0001,meesho,TSHIRT-WHT-XL,1,C01267,2026-07-28T17:51:46.946Z,479.00,delivered
MYN6286303937,S0014,myntra,KURTI-RED-M,1,C00567,2026-07-31T11:31:13.849Z,711.55,cancelled
OD756652038504,S0002,flipkart,HOODIE-YEL-M,1,C01589,2026-07-14T19:54:34.426Z,1091.55,delivered
OD666650827789,S0003,flipkart,SAREE-MAR-FREE,3,C00676,2026-09-02T15:07:35.069Z,4767.00,confirmed
OD959784884090,S0010,flipkart,SAREE-MAR-FREE,1,C01467,2026-08-20T23:34:02.089Z,1179.00,delivered
MSH246023723,S0002,meesho,HOODIE-YEL-M,1,C01875,2026-07-10T04:21:53.327Z,1149.00,cancelled
MSH964152902,S0002,meesho,HOODIE-YEL-M,1,C02612,2026-09-22T00:41:15.459Z,1149.00,delivered
OD867547404416,S0010,flipkart,SAREE-MAR-FREE,3,C01498,2026-07-12T16:58:53.666Z,3537.00,shipped
MSH534944228,S0001,meesho,TSHIRT-WHT-XL,2,C00435,2026-09-03T07:26:50.811Z,958.00,delivered
046-4691677-7531851,S0001,amazon,HOODIE-GRN-XL,5,C00197,2026-09-21T16:27:54.218Z,9195.00,delivered
MYN9121682698,S0003,myntra,SAREE-MAR-FREE,2,C01644,2026-08-04T09:35:26.536Z,3019.10,pending
MYN9450200533,S0003,myntra,KURTI-BLK-L,2,C00726,2026-09-25T11:34:55.022Z,1538.00,delivered
OD109409506721,S0024,flipkart,JEANS-BLU-30,1,C02799,2026-07-07T17:02:42.545Z,1429.00,delivered
MSH841530988,S0002,meesho,TSHIRT-BLU-XL,4,C00566,2026-09-19T21:23:59.770Z,2716.00,delivered
OD025021398293,S0002,flipkart,HOODIE-YEL-M,5,C02254,2026-07-27T05:59:12.897Z,5457.75,returned
MYN3026214251,S0008,myntra,JEANS-PNK-30,1,C01345,2026-08-12T19:01:25.855Z,1179.00,delivered
689-9375375-6339773,S0001,amazon,HOODIE-GRN-XL,2,C00338,2026-09-14T19:42:33.259Z,3678.00,confirmed
MYN8015169353,S0008,myntra,JEANS-BLU-34,3,C02945,2026-09-26T09:33:45.749Z,4272.15,delivered
,S0002,meesho,HOODIE-YEL-M,3,C02739,2026-08-12T03:15:38.717Z,3274.65,delivered
639-2854262-1798888,S0001,amazon,HOODIE-GRN-XL,2,C00181,2026-09-27T23:55:59.711Z,3310.20,confirmed
661-8037970-0300883,S0001,amazon,TSHIRT-PNK-XL,3,C01043,2026-07-07T13:37:09.697Z,1107.00,returned
MSH549327912,S0002,meesho,TSHIRT-PNK-XL,1,C00109,2026-07-09T14:01:14.023Z,259.00,delivered
152-5363905-4489216,S0032,amazon,WATCH-WHT-FREE,1,C02557,2026-07-23T04:24:40.579Z,1609.00,confirmed
506-1287625-0115587,S0022,amazon,HOODIE-YEL-M,2,C01376,2026-07-22T19:42:25.707Z,2194.20,confirmed
OD442948287871,S0048,flipkart,HOODIE-YEL-L,5,,2026-08-20T20:19:19.509Z,9400.25,delivered
MYN2859958217,S0008,myntra,JEANS-YEL-32,4,C02440,2026-08-12T10:56:47.210Z,7196.00,cancelled
MYN6576892726,S0008,myntra,WATCH-YEL-FREE,1,C00259,2026-08-28T03:37:55.959Z,809.00,delivered
OD997994650164,S0010,flipkart,SAREE-GRN-FREE,4,C00025,2026-08-27T23:31:31.509Z,5582.20,delivered
MSH859506029,S0005,meesho,SNEAKER-GRN-7,2,C01506,2026-08-03T15:23:59.479Z,4425.10,pending
960-8014700-9826791,,amazon,WATCH-YEL-FREE,1,C01790,2026-07-09T18:55:43.581Z,1475.10,pending
MYN2135439607,S0006,myntra,SNEAKER-GRN-7,2,C00830,2026-08-26T03:48:47.297Z,1510.20,shipped
222-5455644-3766676,S0018,amazon,JEANS-RED-30,3,C01669,2026-09-17T12:01:33.977Z,3717.00,returned
MSH841434954,S0011,meesho,KURTI-BLU-XL,1,C00911,2026-09-20T17:40:17.538Z,599.00,delivered
OD250098638130,S0042,flipkart,KURTI-PNK-M,1,C01323,2026-07-23T18:26:10.803Z,629.00,shipped
MYN0246089297,S0035,myntra,TSHIRT-GRN-M,1,C02909,2026-08-08T01:36:33.778Z,274.55,shipped
MSH766515231,S0027,meesho,SAREE-MAR-FREE,2,C00255,2026-08-16T17:59:28.199Z,3950.10,delivered
277-5789381-9849411,S0004,amazon,KURTI-BLU-S,2,C02570,2026-07-06T17:22:17.932Z,1575.10,delivered
MYN7925819422,S0019,myntra,WATCH-PNK-FREE,3,C01444,2026-07-14T18:52:07.873Z,9927.00,delivered
OD852009005634,S0035,flipkart,WATCH-YEL-FREE,1,C00247,2026-07-12T23:46:29.217Z,1639.00,delivered
238-5614213-4733438,S0045,amazon,WATCH-BLK-FREE,2,C01356,2026-09-01T01:00:45.543Z,6638.00,confirmed
MSH395964695,S0002,meesho,HOODIE-MAR-L,1,C01035,2026-09-03T00:59:53.142Z,1019.00,delivered
OD111636044169,S0033,flipkart,TSHIRT-RED-L,4,C00292,2026-10-02T05:45:15.249Z,1756.00,delivered
OD040758818194,S0046,flipkart,HOODIE-WHT-M,2,C02430,2026-08-24T11:57:19.332Z,1618.00,delivered
595-6349854-1995673,S0037,amazon,JEANS-MAR-34,2,C02932,2026-09-14T14:33:27.367Z,2867.10,delivered
OD413132455324,S0010,flipkart,HANDBAG-PNK-FREE,2,C01385,2026-08-11T12:37:42.884Z,1438.00,pending
644-7511544-2633905,S0009,amazon,HANDBAG-RED-FREE,1,C00198,2026-08-31T11:08:53.494Z,939.00,delivered
OD921722720852,S0010,flipkart,SAREE-WHT-FREE,1,C02206,2026-09-25T04:14:59.677Z,1909.00,delivered
MYN3711029698,S0003,myntra,KURTI-WHT-XL,1,C02503,2026-08-07T17:34:56.224Z,449.00,returned
OD568819793341,S0003,flipkart,SAREE-MAR-FREE,3,C01794,2026-08-18T06:19:17.622Z,4528.65,pending
982-4504541-4807267,S0009,amazon,HANDBAG-PNK-FREE,1,C02263,2026-07-09T07:04:44.698Z,1069.00,delivered
252-8985798-3692949,S0001,amazon,HOODIE-GRN-XL,3,C02959,2026-08-10T23:29:07.539Z,5517.00,delivered
244-9599882-5031605,S0001,amazon,TSHIRT-PNK-XL,2,C01747,2026-09-24T12:56:47.798Z,701.10,delivered
OD311452432936,S0003,flipkart,SAREE-MAR-FREE,5,C02232,2026-08-12T19:18:53.151Z,7547.75,confirmed
484-9638997-4372730,S0012,amazon,KURTI-YEL-M,1,C01769,2026-08-06T21:03:13.375Z,749.00,returned
MSH122510744,S0002,meesho,HOODIE-BLK-L,1,C01584,2026-07-21T15:47:18.697Z,1019.00,confirmed
MSH294670163,S0001,meesho,TSHIRT-WHT-XL,1,C01984,2026-07-13T06:51:14.479Z,455.05,delivered
MSH711671737,S0010,meesho,SAREE-WHT-FREE,4,C01649,2026-08-03T00:35:15.385Z,7636.00,delivered
MSH782092791,S0001,meesho,HOODIE-GRN-XL,2,C02308,2026-08-22T00:06:17.767Z,3494.10,delivered
OD201303888606,S0050,flipkart,WATCH-WHT-FREE,1,C02002,2026-09-02T02:05:45.013Z,3409.00,delivered
171-2184372-6432687,S0037,amazon,JEANS-BLU-30,5,C00968,2026-08-25T08:49:19.958Z,3177.75,confirmed
OD635833660721,S0002,flipkart,HOODIE-BLU-M,3,C01470,2026-09-12T22:47:42.667Z,5497.65,returned
MSH203318323,S0001,meesho,HOODIE-GRN-XL,1,C02407,2026-07-22T04:40:18.777Z,1839.00,delivered
MSH469048391,S0009,meesho,HANDBAG-RED-FREE,1,C00323,2026-07-10T06:22:19.287Z,939.00,delivered
MSH743321506,S0007,meesho,HOODIE-PNK-M,2,C00509,2026-08-13T06:24:17.710Z,2518.00,delivered
MSH369528905,S0030,meesho,SAREE-MAR-FREE,2,C00824,2026-10-02T09:01:27.788Z,4498.00,delivered
OD474195317199,S0002,flipkart,TSHIRT-RED-S,1,C00337,2026-07-29T10:02:54.024Z,360.05,delivered
MYN5331327094,S0004,myntra,KURTI-BLU-S,1,C01098,2026-08-22T21:59:01.693Z,829.00,delivered
MSH318500630,S0040,meesho,JEANS-PNK-32,3,C00530,2026-07-31T01:32:20.070Z,1752.30,delivered
MYN3627188995,S0014,myntra,KURTI-RED-M,3,C00538,2026-07-21T11:32:52.775Z,2247.00,delivered
MYN7329232669,S0016,myntra,HANDBAG-YEL-FREE,1,C00365,2026-08-27T05:20:27.039Z,839.00,cancelled
943-9307502-4282492,S0032,amazon,WATCH-RED-FREE,5,C00403,2026-08-23T06:15:55.312Z,8275.50,delivered
MYN2573883448,S0008,myntra,JEANS-YEL-32,2,C01251,2026-09-12T23:50:46.766Z,3238.20,returned
683-6750747-9846185,S0048,amazon,HOODIE-GRN-L,2,C00696,2026-07-30T03:43:49.764Z,2598.00,delivered
OD952437406117,S0002,flipkart,TSHIRT-PNK-M,5,C02558,2026-07-09T03:43:44.640Z,3395.00,delivered
873-8753730-6352318,S0041,amazon,TSHIRT-RED-L,2,C02324,2026-08-12T22:49:45.473Z,952.20,delivered
OD184345322395,S0003,flipkart,KURTI-YEL-L,5,C01633,2026-09-30T09:16:41.320Z,2845.00,delivered
MYN9398643437,S0008,myntra,JEANS-YEL-32,1,C02946,2026-09-26T07:57:59.527Z,1799.00,delivered
MYN5851504653,S0004,myntra,KURTI-PNK-M,1,C00309,2026-09-08T21:28:32.626Z,349.00,delivered
MYN5039343607,S0006,myntra,SNEAKER-RED-10,1,C01518,2026-08-09T01:56:09.783Z,2969.00,cancelled
539-4266101-6519839,S0001,amazon,HOODIE-GRN-XL,3,C02612,2026-08-18T06:37:44.341Z,5517.00,delivered
MSH447668994,S0027,meesho,SAREE-WHT-FREE,1,C01079,2026-07-12T08:13:44.560Z,1646.10,delivered
OD530002002430,S0010,flipkart,SAREE-YEL-FREE,4,C01045,2026-09-19T13:57:04.409Z,2796.00,delivered
OD629768331669,S0002,flipkart,HOODIE-YEL-M,3,C01899,2026-09-21T10:19:50.103Z,3274.65,delivered
OD416931301571,S0010,flipkart,SAREE-MAR-FREE,1,C01457,2026-09-26T12:37:03.473Z,1179.00,confirmed
700-2175339-2781868,S0001,amazon,TSHIRT-WHT-XL,2,C01706,2026-08-25T07:08:12.045Z,958.00,delivered
MYN0071093875,S0008,myntra,JEANS-YEL-32,2,C01420,2026-07-24T11:12:30.105Z,3598.00,delivered
OD178939684384,S0024,flipkart,KURTI-BLK-L,1,C01576,2026-08-06T22:06:17.267Z,404.10,delivered
MYN0811798097,S0003,myntra,KURTI-WHT-XL,1,C02574,2026-09-09T01:41:12.602Z,449.00,shipped
OD101391649357,S0002,flipkart,HOODIE-YEL-M,4,C01369,2026-07-09T19:58:04.159Z,4596.00,pending
MSH156087366,S0001,meesho,HOODIE-PNK-M,1,C00684,2026-08-24T20:40:34.732Z,1599.00,returned
061-4859172-4030643,S0001,amazon,HOODIE-GRN-XL,1,C01838,2026-07-18T19:57:04.817Z,1839.00,shipped
OD462667475991,S0048,flipkart,HOODIE-BLU-XL,1,C01202,2026-08-17T08:03:44.077Z,839.00,delivered
495-2944983-0767946,S0009,amazon,HANDBAG-PNK-FREE,1,C00231,2026-07-16T14:16:34.149Z,1015.55,delivered
MYN4886446655,S0008,myntra,JEANS-BLK-36,2,C02449,2026-07-13T22:59:39.335Z,1598.00,returned
OD859787551806,S0048,flipkart,HOODIE-BLK-L,1,C00799,2026-09-23T10:57:27.880Z,1160.10,delivered
668-5135361-8470070,S0012,amazon,KURTI-BLU-XL,1,C01824,2026-07-31T00:36:35.039Z,859.00,cancelled
OD335661969110,S0010,flipkart,SAREE-WHT-FREE,1,C00169,2026-07-12T09:26:58.070Z,1909.00,delivered
MSH868871102,S0007,meesho,JEANS-GRN-34,4,C00741,2026-07-19T08:08:28.146Z,2588.40,delivered
MSH818545712,S0007,meesho,HOODIE-YEL-M,1,C01715,2026-07-26T05:51:01.653Z,719.00,delivered
MYN1031648836,S0008,myntra,JEANS-BLK-36,1,C02250,2026-09-26T13:33:18.006Z,759.05,delivered
169-2801864-2367239,S0031,amazon,SNEAKER-GRN-9,3,C01810,2026-08-01T06:36:13.265Z,2817.00,delivered
MYN2119913487,S0038,myntra,SNEAKER-BLK-8,2,C02540,2026-07-10T07:13:15.847Z,4398.00,delivered
MYN7147443562,S0049,myntra,SNEAKER-MAR-10,1,C02462,2026-08-12T12:56:15.221Z,1259.00,delivered
242-2002838-6993592,S0028,amazon,JEANS-GRN-36,1,C02567,2026-07-14T10:44:59.091Z,799.00,confirmed
MYN1066988484,S0003,myntra,KURTI-BLK-L,1,C01673,2026-09-27T01:22:20.122Z,769.00,confirmed
MSH887710961,S0011,meesho,KURTI-BLU-M,2,C00116,2026-07-07T14:28:38.332Z,1478.00,delivered
OD831569145558,,flipkart,TSHIRT-PNK-M,1,C01508,2026-07-19T12:58:28.814Z,611.10,confirmed
MYN3677480417,S0019,myntra,WATCH-BLK-FREE,5,C01794,2026-10-02T23:54:15.789Z,7345.00,delivered
OD644855103328,S0003,flipkart,KURTI-BLK-M,2,C01718,2026-08-23T19:04:55.540Z,1402.20,delivered
MSH188586421,S0005,meesho,SNEAKER-MAR-7,1,C02389,2026-09-05T04:32:01.399Z,2159.10,delivered
MSH502443403,S0005,meesho,SNEAKER-MAR-7,4,C00568,2026-08-19T19:58:00.776Z,9116.20,pending
MYN2697385283,S0039,myntra,SAREE-YEL-FREE,1,C00189,2026-08-03T11:44:54.499Z,1329.00,confirmed
MYN5763395431,S0029,myntra,SNEAKER-BLK-10,4,C02263,2026-07-24T09:20:50.658Z,5612.40,delivered
292-6634206-4815892,S0045,amazon,WATCH-BLK-FREE,2,C00154,2026-09-02T18:14:49.340Z,6638.00,delivered
519-9800186-2681417,S0001,amazon,HOODIE-PNK-M,3,C00105,2026-09-12T17:45:51.184Z,4797.00,shipped
MSH822275070,S0036,meesho,HOODIE-GRN-L,1,C02530,2026-07-10T11:38:07.083Z,1069.00,delivered
MSH526267929,S0001,meesho,HOODIE-PNK-M,1,C02686,2026-09-18T02:26:58.566Z,1599.00,confirmed
OD507157357022,S0002,flipkart,TSHIRT-PNK-XL,1,C01570,2026-09-15T10:40:31.877Z,233.10,delivered
MYN9356403795,S0003,myntra,SAREE-MAR-FREE,5,C00618,2026-09-24T16:19:13.259Z,7945.00,delivered
MYN5021929710,S0008,myntra,WATCH-YEL-FREE,1,C02421,2026-09-03T09:34:42.836Z,809.00,confirmed
MYN2376863962,S0050,myntra,WATCH-GRN-FREE,3,C00030,2026-07-08T11:34:28.588Z,1587.00,delivered
606-5404286-2163098,S0001,amazon,TSHIRT-PNK-XL,5,C01566,2026-09-28T11:18:06.894Z,1752.75,shipped
801-8983591-7959617,S0001,amazon,TSHIRT-WHT-XL,2,C00335,2026-07-09T16:07:19.350Z,958.00,delivered
MSH526874497,S0002,meesho,HOODIE-YEL-M,1,C02304,2026-07-22T07:29:41.163Z,1091.55,delivered
673-4950131-7275257,S0001,amazon,TSHIRT-GRN-L,1,C00581,2026-09-18T05:01:34.461Z,440.10,delivered
OD973661986655,S0025,flipkart,SNEAKER-YEL-8,3,C01763,2026-07-29T05:37:54.559Z,5316.30,returned
OD161363588723,S0025,flipkart,SNEAKER-RED-9,2,C01286,2026-09-12T03:37:59.349Z,4408.20,delivered
993-1449704-6459680,S0001,amazon,HOODIE-GRN-XL,1,C02010,2026-09-22T05:06:21.465Z,1839.00,delivered
OD834089005427,S0050,flipkart,WATCH-BLU-FREE,1,C00227,2026-08-28T17:44:37.783Z,2009.00,delivered
MYN3788796788,S0049,myntra,SNEAKER-GRN-8,1,C01521,2026-08-09T22:53:03.587Z,1367.10,delivered
MSH203507573,S0036,meesho,HOODIE-GRN-XL,2,C01163,2026-07-10T22:14:47.932Z,3758.00,delivered
MSH241316740,S0027,meesho,SAREE-WHT-FREE,1,C00182,2026-09-01T22:05:29.173Z,1829.00,delivered
MSH983847740,S0005,meesho,SNEAKER-MAR-7,1,C02709,2026-08-28T08:09:16.333Z,2399.00,delivered
183-9192337-8118219,S0045,amazon,WATCH-PNK-FREE,1,C00682,2026-07-15T04:12:41.925Z,729.00,delivered
404-1916574-8559384,S0001,amazon,TSHIRT-GRN-L,1,C00791,2026-07-13T13:28:12.762Z,489.00,delivered
MYN9950137238,S0003,myntra,SAREE-MAR-FREE,1,C01853,2026-09-21T15:33:37.722Z,1589.00,pending
MYN8023963301,S0003,myntra,SAREE-RED-FREE,1,C01901,2026-09-24T17:58:18.861Z,1025.05,confirmed
MYN1231051003,S0047,myntra,KURTI-PNK-M,2,C00669,2026-08-31T20:45:43.019Z,1438.00,confirmed
MSH691895802,S0027,meesho,SAREE-WHT-FREE,1,C02794,2026-09-04T19:38:32.463Z,1646.10,delivered
MYN4819711110,S0006,myntra,SNEAKER-RED-10,4,C02324,2026-08-30T16:40:08.154Z,11876.00,returned
MSH143388711,S0005,meesho,SNEAKER-MAR-7,1,C01670,2026-07-08T16:40:58.507Z,2159.10,delivered
MYN4356238071,S0019,myntra,WATCH-PNK-FREE,1,C00409,2026-10-01T23:07:08.680Z,2978.10,pending
252-8985798-3692949,S0001,amazon,HOODIE-GRN-XL,3,C02959,2026-08-10T23:29:07.539Z,5517.00,delivered
112-5921634-2379747,S0001,amazon,TSHIRT-GRN-L,4,C00938,2026-09-21T05:27:01.193Z,1858.20,delivered
OD089490132010,S0002,flipkart,HOODIE-MAR-L,2,C01757,2026-07-19T07:03:15.695Z,1936.10,confirmed
OD622518932596,S0024,flipkart,JEANS-BLU-30,1,C02306,2026-08-09T02:46:49.811Z,1286.10,pending
MYN5375487517,S0008,myntra,JEANS-YEL-32,1,C01854,2026-07-30T12:36:30.106Z,1799.00,confirmed
MYN6332731841,S0038,myntra,SNEAKER-PNK-8,3,C01518,2026-07-12T19:00:08.017Z,3957.00,delivered
MSH030673037,S0036,meesho,HOODIE-GRN-XL,3,C02474,2026-09-06T20:15:03.006Z,5637.00,delivered
990-6902053-0069095,S0012,amazon,KURTI-BLU-S,2,C00116,2026-07-12T22:37:59.746Z,1258.00,pending
OD454899178667,S0002,flipkart,HOODIE-YEL-M,1,C02719,2026-09-15T21:15:23.031Z,1149.00,delivered
MYN7348542602,S0029,myntra,WATCH-BLK-FREE,1,C02143,2026-09-14T17:28:13.730Z,1279.00,confirmed
MYN5024613562,S0004,myntra,KURTI-PNK-M,1,C01222,2026-08-05T01:08:39.858Z,314.10,delivered
OD381997678850,S0002,flipkart,TSHIRT-WHT-M,1,C02177,2026-07-16T18:59:10.165Z,395.10,delivered
MSH951831668,S0002,meesho,HOODIE-BLK-L,3,C00178,2026-08-28T17:58:20.213Z,3057.00,delivered
969-8110451-1249480,S0020,amazon,JEANS-YEL-36,2,C01476,2026-07-14T19:07:27.307Z,1218.00,delivered
048-1385255-7446054,S0001,amazon,TSHIRT-PNK-XL,3,C01450,2026-09-05T20:38:06.362Z,1051.65,delivered
MSH565591559,S0036,meesho,JEANS-PNK-36,2,C00376,2026-08-09T17:45:38.561Z,2829.10,pending
MYN2364905857,S0047,myntra,KURTI-BLU-S,1,C01077,2026-07-21T05:09:20.728Z,531.05,delivered
264-1903079-5079276,S0027,amazon,SAREE-WHT-FREE,1,C01940,2026-09-30T20:50:43.188Z,1829.00,returned
MSH467580580,S0002,meesho,HOODIE-YEL-M,5,C00182,2026-08-19T13:30:00.833Z,5457.75,delivered
932-8703440-3161769,S0009,amazon,HANDBAG-BLK-FREE,3,C00430,2026-08-27T08:15:51.184Z,3657.00,confirmed
827-0590216-2875785,S0027,amazon,SAREE-BLK-FREE,4,C00881,2026-07-31T07:42:45.993Z,7710.20,delivered
MSH333144668,S0027,meesho,SAREE-WHT-FREE,3,C01295,2026-07-13T06:34:03.603Z,4938.30,delivered
199-6620437-9902172,S0004,amazon,KURTI-PNK-M,5,C02509,2026-09-06T17:35:49.205Z,1745.00,delivered
659-2158625-2309703,S0001,amazon,HOODIE-GRN-XL,3,C01314,2026-09-03T16:04:52.375Z,5517.00,delivered
MYN4526406421,S0043,myntra,HANDBAG-RED-FREE,1,C00142,2026-09-08T10:31:41.075Z,1115.10,cancelled
MYN9252125697,S0008,myntra,WATCH-YEL-FREE,1,C01787,2026-08-24T09:02:15.800Z,809.00,delivered
MSH554220610,S0001,meesho,TSHIRT-GRN-L,2,C01492,2026-07-06T19:26:06.290Z,978.00,delivered
MYN7887532505,S0003,myntra,SAREE-MAR-FREE,4,C01198,2026-08-20T15:13:30.774Z,6038.20,delivered
MSH314933895,S0021,meesho,SNEAKER-GRN-10,1,C02238,2026-09-25T18:16:26.244Z,2039.00,delivered
MYN4059427815,S0048,myntra,HOODIE-BLK-L,1,C01791,2026-08-15T18:01:40.723Z,1160.10,returned
MYN9995517648,S0040,myntra,JEANS-PNK-32,2,C01734,2026-08-09T17:01:31.964Z,1168.20,pending
317-0053897-5801318,S0032,amazon,WATCH-WHT-FREE,1,C01809,2026-09-28T11:08:05.317Z,1448.10,delivered
922-4247545-1061826,S0004,amazon,KURTI-YEL-XL,1,C01768,2026-08-13T17:38:08.329Z,578.55,shipped
OD128999231929,S0036,flipkart,HOODIE-BLU-L,3,C01478,2026-07-25T02:08:20.558Z,2637.00,confirmed
MSH954017541,S0002,meesho,HOODIE-BLK-L,5,C01034,2026-08-26T19:11:05.334Z,4585.50,delivered
MYN0135464201,S0019,myntra,WATCH-MAR-FREE,1,C01762,2026-08-04T07:28:29.379Z,1395.55,delivered
172-7109718-8554473,S0001,amazon,HOODIE-GRN-XL,1,C01783,2026-09-22T18:13:18.676Z,1839.00,returned
MSH733891728,S0012,meesho,KURTI-BLU-XL,1,C01918,2026-07-12T00:53:52.374Z,859.00,delivered
OD030573068463,S0028,flipkart,JEANS-BLU-32,2,C00133,2026-08-10T21:01:41.317Z,1974.10,delivered
MYN6991394399,S0029,myntra,SNEAKER-YEL-8,2,C00570,2026-07-27T08:44:51.389Z,4048.20,returned
MSH324591018,S0011,meesho,KURTI-PNK-S,1,C00267,2026-08-07T18:59:13.999Z,369.00,delivered
502-4763364-8878686,S0001,amazon,HOODIE-GRN-XL,4,C01248,2026-08-14T11:10:11.894Z,7356.00,pending
MSH303381492,S0001,meesho,TSHIRT-GRN-L,1,C02740,2026-09-25T08:49:18.792Z,489.00,shipped
916-5555715-0696821,S0001,amazon,HOODIE-GRN-XL,4,C00686,2026-07-20T09:32:53.815Z,7356.00,delivered
OD042533692362,S0017,flipkart,KURTI-MAR-S,2,C02950,2026-09-07T02:15:17.266Z,970.20,confirmed
OD756422376334,S0028,flipkart,JEANS-BLU-32,1,C00673,2026-08-29T08:22:24.885Z,935.10,cancelled
301-1426852-5048089,S0034,amazon,HANDBAG-YEL-FREE,1,C01495,2026-09-04T02:57:08.876Z,1249.00,delivered
OD599382781165,S0003,flipkart,SAREE-RED-FREE,3,C00159,2026-09-19T07:43:53.463Z,3075.15,delivered
172-0111358-6451962,S0001,amazon,TSHIRT-WHT-XL,1,C00784,2026-09-12T07:49:59.028Z,479.00,delivered
210-9124993-0614437,S0009,amazon,HANDBAG-WHT-FREE,1,C01331,2026-08-10T01:13:37.106Z,1479.00,delivered
OD426857892496,S0003,flipkart,SAREE-MAR-FREE,4,C02482,2026-09-18T20:34:58.936Z,6356.00,delivered
079-5228226-1393344,S0001,amazon,HOODIE-PNK-M,4,C02731,2026-09-15T08:42:06.788Z,5756.40,delivered
MYN9673182381,S0006,myntra,SNEAKER-YEL-10,1,C02642,2026-09-30T12:09:06.055Z,2241.05,delivered
OD173159478278,S0048,flipkart,HOODIE-YEL-M,1,C00486,2026-08-02T02:44:00.236Z,819.00,cancelled
MYN0197593295,S0040,myntra,JEANS-PNK-32,2,C01396,2026-09-22T18:17:58.513Z,1298.00,delivered
095-5758002-2773855,S0001,amazon,TSHIRT-WHT-XL,1,C02994,2026-08-28T09:03:23.541Z,479.00,cancelled
461-8634968-5692039,S0009,amazon,HANDBAG-PNK-FREE,1,C01558,2026-09-09T12:41:26.882Z,1015.55,returned
571-3863735-3717059,S0040,amazon,JEANS-BLU-30,1,C00560,2026-09-24T15:16:16.486Z,1277.10,pending
421-7897048-6077453,S0034,amazon,HANDBAG-YEL-FREE,1,C00900,2026-09-05T02:51:39.388Z,1249.00,delivered
MSH283625811,S0002,meesho,TSHIRT-WHT-M,2,C00560,2026-08-02T20:13:10.256Z,790.20,delivered
109-6080405-2202935,S0039,amazon,SAREE-YEL-FREE,2,C02686,2026-08-01T08:17:30.158Z,2525.10,delivered
OD148463203395,S0009,flipkart,HANDBAG-YEL-FREE,2,C01191,2026-09-11T18:31:55.837Z,1618.00,delivered
790-8178873-4982584,S0013,amazon,SNEAKER-MAR-7,2,C02057,2026-08-16T16:46:14.901Z,5518.00,cancelled
147-5856831-1029287,S0001,amazon,HOODIE-GRN-XL,1,C01545,2026-07-10T21:26:44.667Z,1839.00,delivered
OD985869780142,S0036,flipkart,JEANS-BLU-36,1,C00405,2026-08-23T07:16:54.427Z,881.10,delivered
OD143494429407,S0024,flipkart,JEANS-YEL-30,1,C01487,2026-08-17T17:00:33.737Z,669.00,confirmed
MYN1639267662,S0006,myntra,SNEAKER-YEL-9,2,C00051,2026-07-30T10:37:25.170Z,2898.00,shipped
MSH189828252,S0005,meesho,SNEAKER-MAR-7,1,C00623,2026-08-26T07:54:18.095Z,2159.10,delivered
MYN3158989623,S0003,myntra,KURTI-PNK-XL,1,C02665,2026-09-30T00:09:39.897Z,749.55,delivered
OD672731486900,S0002,flipkart,TSHIRT-WHT-M,2,C02062,2026-07-11T16:14:36.381Z,834.10,delivered
OD198523920537,S0010,flipkart,SAREE-GRN-FREE,1,C02027,2026-09-23T23:36:54.396Z,1469.00,delivered
MYN9169658612,S0029,myntra,SNEAKER-BLU-7,1,C01079,2026-08-23T18:17:53.908Z,999.00,shipped
MYN9634198825,S0019,myntra,WATCH-GRN-FREE,1,C02926,2026-07-28T20:50:22.833Z,2231.10,delivered
MSH790846847,S0012,meesho,KURTI-PNK-XL,4,C00188,2026-09-12T21:13:43.594Z,2356.00,confirmed
MSH321341893,S0001,meesho,TSHIRT-GRN-L,3,C00204,2026-08-05T16:07:44.588Z,1393.65,delivered
MSH649651362,S0001,meesho,TSHIRT-WHT-XL,1,C00711,2026-07-29T00:15:29.440Z,479.00,delivered
075-9649636-2099293,S0018,amazon,JEANS-RED-30,2,C00859,2026-07-21T22:28:30.959Z,2478.00,returned
MSH648093981,S0001,meesho,HOODIE-PNK-M,1,C02945,2026-09-02T07:59:44.556Z,1599.00,delivered
XXXXXXXXXXXXXXXXXXXXXXXXXXXXXXXXXXXXXXXXXXXXXXXXXXXXXXXXXXXXXXXXXXXXXX,S0012,amazon,KURTI-BLU-XL,1,C01207,2026-09-16T20:07:41.756Z,859.00,delivered
MYN6002400448,S0008,myntra,JEANS-YEL-32,1,C01150,2026-09-16T02:08:26.163Z,1799.00,confirmed
637-2452858-4285261,S0028,amazon,JEANS-RED-34,3,C00158,2026-07-09T16:28:59.547Z,3477.00,delivered
OD759098088716,S0003,flipkart,SAREE-MAR-FREE,3,C00914,2026-08-27T06:37:14.219Z,4528.65,delivered
OD144102103781,S0002,flipkart,TSHIRT-RED-L,2,C02714,2026-07-31T04:52:21.314Z,958.00,shipped
447-3451880-6932993,S0020,amazon,JEANS-PNK-34,2,C00551,2026-08-16T06:29:30.419Z,1974.10,delivered
083-8399317-7752943,S0020,amazon,SAREE-RED-FREE,4,C02575,2026-07-08T09:40:18.909Z,5956.00,shipped
MYN0147649786,S0003,myntra,KURTI-PNK-XL,1,C00781,2026-08-09T06:05:55.011Z,789.00,shipped
261-3156906-9073748,S0004,amazon,KURTI-PNK-M,2,C00907,2026-09-02T22:11:28.960Z,698.00,pending
OD901960735864,S0003,flipkart,SAREE-YEL-FREE,1,C01564,2026-08-12T05:27:22.146Z,1160.10,delivered
MYN4996751742,S0029,myntra,WATCH-BLK-FREE,2,C01649,2026-07-24T14:57:50.562Z,2558.00,delivered
MYN8831572759,S0006,myntra,SNEAKER-YEL-10,1,C01407,2026-09-26T03:06:07.661Z,2241.05,delivered
460-7796926-4531252,S0031,amazon,HOODIE-BLU-L,4,C01147,2026-08-09T08:03:32.408Z,5956.00,delivered
OD218013986787,S0002,flipkart,HOODIE-YEL-M,1,C02607,2026-08-31T22:36:27.436Z,1149.00,returned
MSH477381314,S0001,meesho,HOODIE-GRN-XL,1,C01820,2026-09-07T04:32:57.687Z,1747.05,confirmed
645-2440980-1850279,S0001,amazon,TSHIRT-PNK-XL,1,C00409,2026-08-28T06:55:19.775Z,350.55,shipped
MSH199350652,S0005,meesho,SNEAKER-BLK-9,1,C00463,2026-09-09T08:57:00.099Z,1250.10,returned
MSH583860620,S0002,meesho,HOODIE-MAR-L,1,C02104,2026-08-25T05:51:46.292Z,1019.00,delivered
MSH357260125,S0040,meesho,SAREE-YEL-FREE,3,C02940,2026-08-07T05:34:35.083Z,6387.00,shipped
OD226992082365,S0002,flipkart,HOODIE-YEL-M,1,C02752,2026-08-20T11:03:20.514Z,1091.55,delivered
246-9232205-1553776,S0045,amazon,WATCH-BLK-FREE,1,C02209,2026-07-14T05:27:10.078Z,3319.00,confirmed
585-3844754-3086933,S0004,amazon,KURTI-YEL-XL,2,C01650,2026-08-25T19:39:34.227Z,1218.00,pending
MSH922903076,S0001,meesho,TSHIRT-WHT-XL,3,C01171,2026-09-15T16:52:54.141Z,1437.00,delivered
MYN7089138315,S0006,myntra,SNEAKER-MAR-9,1,C02607,2026-07-14T16:01:45.321Z,1929.00,cancelled
OD594571389120,S0025,flipkart,SNEAKER-BLK-8,3,C00333,2026-09-22T13:36:30.183Z,2517.00,shipped
MSH002914376,S0005,meesho,SNEAKER-RED-10,4,C00615,2026-07-18T18:14:31.360Z,7292.20,delivered
MYN2576909241,S0041,myntra,TSHIRT-YEL-S,3,C02978,2026-08-16T04:56:16.883Z,1509.30,delivered
133-9597499-4905247,S0026,amazon,HANDBAG-WHT-FREE,2,C01914,2026-07-25T08:48:44.172Z,2438.00,confirmed
OD289966079715,S0025,flipkart,SNEAKER-PNK-7,1,C01850,2026-07-19T03:20:26.471Z,2989.00,delivered
OD214476932062,S0003,flipkart,SAREE-MAR-FREE,1,C00207,2026-09-29T20:07:36.174Z,1589.00,cancelled
MSH818216627,S0001,meesho,HOODIE-GRN-XL,2,C00091,2026-07-18T14:12:39.613Z,3310.20,shipped
OD107913058674,S0003,flipkart,SAREE-MAR-FREE,2,C01136,2026-08-23T10:19:43.220Z,3019.10,delivered
276-5954338-8097660,S0012,amazon,KURTI-YEL-M,4,C01242,2026-07-14T21:13:01.011Z,2696.40,delivered
MSH575195138,S0001,meesho,HOODIE-GRN-XL,1,C02990,2026-07-07T08:46:52.802Z,1747.05,delivered
715-3523510-7600844,S0001,amazon,TSHIRT-WHT-XL,1,C01796,2026-09-29T01:46:38.035Z,479.00,delivered
OD328046635758,S0003,flipkart,KURTI-BLK-L,5,C01384,2026-08-12T07:54:49.018Z,3652.75,delivered
097-6150523-2041722,S0026,amazon,HANDBAG-GRN-FREE,1,C01806,2026-08-19T14:33:26.424Z,509.00,delivered
MYN8015510489,S0016,myntra,HANDBAG-RED-FREE,1,C01860,2026-08-07T10:55:46.881Z,469.00,delivered
OD473701009645,S0002,flipkart,HOODIE-BLU-M,1,C00420,2026-08-09T11:53:54.260Z,1736.10,pending
OD181247638519,S0002,flipkart,HOODIE-YEL-M,1,C01153,2026-07-28T19:32:09.023Z,1149.00,delivered
446-2111776-9555780,S0039,amazon,HANDBAG-BLK-FREE,2,C00342,2026-08-25T15:11:20.552Z,1618.00,confirmed
479-8311372-1698866,S0044,amazon,HOODIE-PNK-M,1,C00668,2026-08-02T14:53:13.505Z,1349.00,delivered
680-5891186-5627546,S0041,amazon,KURTI-RED-XL,2,C00831,2026-08-23T12:51:24.740Z,934.20,returned
MSH273391501,S0001,meesho,HOODIE-GRN-XL,1,C01330,2026-09-22T02:08:49.017Z,1655.10,shipped
731-4552947-5649970,S0008,amazon,JEANS-BLU-34,1,C00513,2026-07-13T23:16:16.115Z,1499.00,delivered
MYN1592908563,S0003,myntra,SAREE-MAR-FREE,4,C02075,2026-07-23T08:00:50.683Z,6356.00,delivered
MSH626736193,S0005,meesho,SNEAKER-BLK-9,2,C00947,2026-09-27T03:09:02.755Z,2778.00,confirmed
OD345853262826,S0002,flipkart,HOODIE-YEL-M,1,C02542,2026-08-24T14:55:10.578Z,1149.00,delivered
MYN9054897268,S0043,myntra,HANDBAG-RED-FREE,2,C02137,2026-08-21T13:08:21.296Z,2478.00,delivered
683-6750747-9846185,S0048,amazon,HOODIE-GRN-L,2,C00696,2026-07-30T03:43:49.764Z,2598.00,delivered
812-3365537-7600406,S0001,amazon,HOODIE-GRN-XL,1,C00132,2026-08-30T18:31:00.209Z,1747.05,delivered
883-3441656-3507654,S0020,amazon,JEANS-PNK-34,1,C02270,2026-09-11T05:41:00.433Z,935.10,delivered
MYN2683345530,S0046,myntra,HOODIE-BLK-XL,1,C02931,2026-07-17T12:12:40.718Z,797.05,confirmed
752-0234175-3558757,S0026,amazon,WATCH-GRN-FREE,1,C01576,2026-07-09T05:45:38.779Z,638.10,cancelled
MSH809997336,S0001,meesho,TSHIRT-WHT-XL,2,C02851,2026-08-15T12:23:33.685Z,958.00,delivered
677-8897638-0812302,S0001,amazon,HOODIE-GRN-XL,1,C01543,2026-07-12T06:18:22.738Z,1655.10,shipped
MSH996826944,S0001,meesho,TSHIRT-PNK-XL,1,C01310,2026-09-24T12:56:13.861Z,332.10,pending
OD857922010383,S0009,flipkart,HANDBAG-GRN-FREE,1,C02276,2026-09-08T06:10:16.474Z,502.55,delivered
OD488703063545,S0015,flipkart,SAREE-GRN-FREE,2,C02634,2026-09-06T23:08:54.297Z,4368.10,confirmed
472-7959763-6587054,S0012,amazon,KURTI-BLU-XL,1,C01332,2026-07-16T16:06:48.363Z,859.00,delivered
MYN6647988744,S0006,myntra,SNEAKER-WHT-8,2,C00209,2026-07-25T06:23:46.761Z,2898.00,delivered
MYN1929379151,S0035,myntra,TSHIRT-GRN-L,1,C01141,2026-08-08T15:47:32.103Z,455.05,shipped
MSH564635867,S0005,meesho,SNEAKER-WHT-10,1,C01698,2026-09-22T10:53:13.464Z,2989.00,delivered
OD354602892920,S0009,flipkart,HANDBAG-RED-FREE,1,C00563,2026-09-12T04:11:45.857Z,939.00,confirmed
OD946748899081,S0010,flipkart,SAREE-GRN-FREE,1,C01518,2026-07-15T17:17:01.577Z,1469.00,delivered
MYN2888583676,S0003,myntra,SAREE-MAR-FREE,1,C00155,2026-08-31T12:18:58.165Z,1509.55,delivered
OD375384633221,S0003,flipkart,KURTI-BLK-L,5,C01444,2026-08-28T14:51:21.226Z,3845.00,pending
038-4484041-9277655,S0001,amazon,HOODIE-GRN-XL,1,C01756,2026-08-20T13:29:51.225Z,1655.10,delivered
MSH399312941,S0036,meesho,HOODIE-GRN-XL,2,C01130,2026-07-17T17:02:15.775Z,3382.20,delivered
347-2546316-9780457,S0022,amazon,HOODIE-PNK-XL,2,C00995,2026-09-09T05:01:14.547Z,1888.20,delivered
440-9458469-8886324,S0001,amazon,HOODIE-GRN-XL,1,C01160,2026-09-17T17:36:58.250Z,1839.00,delivered
177-8478029-7913694,S0022,amazon,HOODIE-YEL-M,1,C01258,2026-08-02T15:23:01.085Z,1158.05,delivered
MSH735033300,S0001,meesho,TSHIRT-PNK-XL,2,C02520,2026-09-17T02:30:39.507Z,701.10,pending
MYN3718974054,S0008,myntra,JEANS-YEL-32,1,C02596,2026-09-10T23:05:40.291Z,1709.05,delivered
MSH625791196,S0001,meesho,HOODIE-GRN-XL,2,C01229,2026-08-13T11:45:38.042Z,3678.00,pending
MYN4612348786,S0048,myntra,HOODIE-MAR-XL,1,C00318,2026-07-05T19:25:11.133Z,1209.00,returned
120-1152832-2536618,S0001,amazon,HOODIE-GRN-XL,2,C02401,2026-08-01T15:51:52.318Z,3494.10,delivered
MSH305689830,S0001,meesho,HOODIE-GRN-XL,1,C02341,2026-07-10T06:07:18.649Z,1839.00,confirmed
OD747580190485,S0009,flipkart,HANDBAG-BLK-FREE,2,C00482,2026-08-13T02:12:10.287Z,2316.10,delivered
OD073253969716,S0003,flipkart,KURTI-BLK-L,1,C00123,2026-09-17T07:18:46.261Z,692.10,shipped
350-4231710-7477498,S0009,amazon,HANDBAG-PNK-FREE,1,C01697,2026-09-01T21:41:12.447Z,1069.00,delivered
MYN2910912043,S0023,myntra,SAREE-PNK-FREE,2,C02460,2026-09-17T07:05:33.005Z,4178.00,shipped
OD466697978304,S0024,flipkart,KURTI-BLK-L,2,C00286,2026-09-25T06:09:07.983Z,898.00,cancelled
OD812093106530,S0042,flipkart,KURTI-WHT-XL,2,C01880,2026-09-20T21:59:01.143Z,1060.20,delivered
MSH323210036,S0001,meesho,HOODIE-GRN-XL,1,C00928,2026-08-20T20:29:35.679Z,1655.10,delivered
135-8209479-8413464,S0001,amazon,HOODIE-GRN-XL,1,C00027,2026-07-17T18:59:03.054Z,1839.00,delivered
OD289627876311,S0002,flipkart,HOODIE-YEL-M,1,C01276,2026-09-09T21:48:54.077Z,1149.00,pending
OD160463755256,S0050,flipkart,SAREE-YEL-FREE,2,C02155,2026-09-02T09:53:29.140Z,3978.00,cancelled
115-3181786-9231514,S0004,amazon,KURTI-PNK-M,4,C00231,2026-07-29T19:01:52.889Z,1256.40,delivered
828-9425732-7132218,S0025,amazon,SNEAKER-BLU-7,1,C00067,2026-09-09T07:17:00.303Z,2150.10,delivered
731-6467964-6855663,S0012,amazon,KURTI-BLU-XL,4,C00875,2026-09-18T22:12:02.221Z,3436.00,delivered
MYN9872600839,S0003,myntra,KURTI-BLK-M,1,C02387,2026-08-27T02:17:59.973Z,779.00,returned
OD036960943336,S0010,flipkart,SAREE-MAR-FREE,3,C00702,2026-08-02T00:25:02.212Z,3360.15,delivered
OD296729927152,S0002,flipkart,HOODIE-YEL-M,1,C01559,2026-08-16T20:33:27.251Z,1091.55,delivered
OD005786296882,S0002,flipkart,TSHIRT-RED-S,5,C02955,2026-09-15T19:08:47.869Z,1705.50,delivered
MSH613991046,S0001,meesho,HOODIE-GRN-XL,1,C01092,2026-09-15T15:22:07.313Z,1839.00,pending
MSH013717383,S0010,meesho,SAREE-YEL-FREE,1,C01238,2026-07-07T11:12:59.904Z,699.00,delivered
MSH253284465,S0002,meesho,TSHIRT-PNK-M,2,C01395,2026-08-01T15:49:43.863Z,1358.00,delivered
MSH891942130,S0005,meesho,SNEAKER-BLU-8,1,C02075,2026-07-19T06:43:41.499Z,2759.00,shipped
MYN0400378773,S0041,myntra,TSHIRT-WHT-XL,3,C00862,2026-09-13T16:23:26.632Z,1257.00,delivered
MYN9985117886,S0029,myntra,WATCH-BLK-FREE,1,C02104,2026-09-30T02:06:43.420Z,1279.00,delivered
MYN0138053582,S0050,myntra,WATCH-PNK-FREE,1,C02992,2026-09-11T17:19:01.341Z,2289.00,delivered
MSH433283059,S0007,meesho,HOODIE-YEL-M,1,C00421,2026-07-19T12:24:47.546Z,719.00,delivered
MYN4779893281,S0050,myntra,SAREE-GRN-FREE,1,C01018,2026-08-07T18:08:10.621Z,1519.00,delivered
182-9987230-6689581,S0018,amazon,JEANS-BLK-34,2,C01443,2026-08-15T17:30:35.088Z,1638.00,confirmed
MSH704414406,S0002,meesho,TSHIRT-WHT-M,4,C01951,2026-08-21T21:50:30.902Z,1756.00,delivered
OD309713951585,S0014,flipkart,KURTI-YEL-M,2,C02632,2026-09-19T02:44:53.601Z,1518.10,delivered
MYN9544122373,S0008,myntra,JEANS-YEL-32,2,C02673,2026-07-13T23:18:08.891Z,3598.00,delivered
MYN3846313687,S0006,myntra,SNEAKER-RED-10,2,C01465,2026-08-06T07:21:13.719Z,5938.00,delivered
991-8689713-1173232,S0035,amazon,TSHIRT-GRN-L,4,C01649,2026-09-03T06:38:57.144Z,1916.00,delivered
,S0008,myntra,JEANS-PNK-30,2,C02762,2026-08-10T10:06:33.259Z,2358.00,delivered
112-7991873-3368033,S0001,amazon,HOODIE-GRN-XL,1,C02153,2026-08-31T10:47:59.401Z,1839.00,delivered
883-0103457-2830178,S0001,amazon,HOODIE-GRN-XL,3,C00487,2026-09-18T03:26:28.188Z,5517.00,returned
MYN5675199769,S0006,myntra,SNEAKER-RED-10,1,C02933,2026-08-26T09:55:17.304Z,2820.55,delivered
OD546807457704,S0002,flipkart,HOODIE-YEL-M,3,C02931,2026-09-15T01:42:58.757Z,3447.00,returned
MSH807873614,S0010,meesho,SAREE-YEL-FREE,2,C02945,2026-09-28T15:39:40.774Z,1398.00,delivered
723-0127143-9127276,S0013,amazon,SNEAKER-BLU-10,1,C02871,2026-09-10T12:28:25.029Z,959.00,delivered
OD602699826606,S0010,flipkart,SAREE-YEL-FREE,1,C01432,2026-08-05T06:29:57.649Z,699.00,delivered
183-8020220-8567335,S0032,amazon,WATCH-WHT-FREE,2,C01641,2026-08-03T12:38:33.760Z,3218.00,shipped
MYN1952128548,S0029,myntra,SNEAKER-GRN-7,1,C01171,2026-07-11T04:50:51.397Z,939.55,delivered
271-3950205-8886751,S0001,amazon,HOODIE-GRN-XL,3,C02248,2026-09-29T03:03:58.541Z,5517.00,confirmed
MSH615327104,S0012,meesho,KURTI-BLU-XL,2,C02622,2026-07-06T11:17:24.987Z,1546.20,delivered
OD354005718524,S0025,flipkart,SNEAKER-YEL-8,5,C02431,2026-09-11T09:13:18.240Z,9845.00,delivered
OD658444972939,S0002,flipkart,TSHIRT-RED-S,1,C01446,2026-08-14T11:50:56.922Z,379.00,delivered
004-7102450-8006071,S0022,amazon,HOODIE-BLK-XL,1,C01678,2026-07-26T23:07:22.592Z,1339.00,delivered
OD541199210844,S0003,flipkart,KURTI-YEL-M,1,C00621,2026-09-10T00:30:56.856Z,329.00,delivered
MYN1777976514,S0038,myntra,SNEAKER-BLK-8,2,C01161,2026-09-01T14:36:34.995Z,4398.00,pending
MSH031948450,S0039,meesho,HANDBAG-YEL-FREE,3,C02852,2026-08-12T21:44:03.752Z,1963.65,delivered
MYN9704406296,S0003,myntra,SAREE-MAR-FREE,1,C01113,2026-09-18T12:20:14.499Z,1589.00,confirmed
MSH733261551,S0001,meesho,HOODIE-GRN-XL,3,C00729,2026-10-02T14:15:43.120Z,5517.00,delivered
MYN5762852587,S0019,myntra,WATCH-BLK-FREE,1,C02485,2026-09-10T18:56:40.046Z,1469.00,delivered
MYN0606830397,S0008,myntra,JEANS-YEL-32,1,C00385,2026-07-24T08:03:16.053Z,1799.00,delivered
081-3359599-5459285,S0045,amazon,WATCH-BLK-FREE,3,C01196,2026-07-07T22:00:10.549Z,9957.00,delivered
MYN5817771383,S0016,myntra,HANDBAG-PNK-FREE,3,C02673,2026-08-30T09:13:34.570Z,1647.00,pending
MYN7536502879,S0006,myntra,SNEAKER-RED-10,1,C02163,2026-08-29T03:46:40.822Z,2969.00,pending
OD139300866376,S0002,flipkart,TSHIRT-PNK-M,1,C01380,2026-08-14T15:17:08.595Z,679.00,shipped
MYN8438804953,S0028,myntra,JEANS-RED-34,2,C00528,2026-07-30T01:58:26.859Z,2318.00,delivered
MSH620190391,S0001,meesho,HOODIE-GRN-XL,1,C01811,2026-07-12T01:15:29.736Z,1655.10,delivered
MSH193416016,S0001,meesho,HOODIE-GRN-XL,1,C03000,2026-09-15T09:23:51.419Z,1839.00,shipped
MYN5965343210,S0050,myntra,WATCH-GRN-FREE,1,C02925,2026-09-02T09:41:12.614Z,529.00,delivered
OD853777397989,S0003,flipkart,KURTI-MAR-M,2,C01165,2026-07-23T03:47:46.297Z,1158.00,delivered
MYN8555940119,S0003,myntra,KURTI-BLK-L,1,C01528,2026-08-18T04:04:09.003Z,730.55,delivered
MYN2274936812,S0019,myntra,WATCH-RED-FREE,2,C02286,2026-09-18T07:05:25.564Z,6678.00,cancelled
MYN4965228522,S0029,myntra,WATCH-BLK-FREE,2,C01943,2026-09-17T14:17:10.155Z,2558.00,shipped
OD634100646543,S0002,flipkart,HOODIE-BLK-L,1,C01729,2026-08-19T08:17:45.509Z,917.10,delivered
389-7014563-2917207,S0004,amazon,KURTI-YEL-XL,5,C02301,2026-08-19T21:37:34.234Z,3045.00,delivered
146-3245353-8007233,S0008,amazon,JEANS-YEL-32,4,C01303,2026-07-06T17:06:26.684Z,6476.40,cancelled
MYN1486315394,S0004,myntra,KURTI-PNK-M,1,C00176,2026-08-12T16:04:50.903Z,349.00,delivered
143-0508569-2875524,S0009,amazon,HANDBAG-PNK-FREE,1,C02446,2026-07-10T14:56:54.734Z,1015.55,confirmed
917-4817551-8162660,S0033,amazon,SAREE-BLU-FREE,3,C00142,2026-08-21T10:59:32.646Z,4533.30,delivered
MSH175331322,S0005,meesho,SNEAKER-RED-10,1,C01538,2026-07-12T11:11:07.916Z,1823.05,delivered
MSH514133275,S0001,meesho,TSHIRT-GRN-L,1,C02138,2026-08-30T10:10:22.486Z,489.00,shipped
MSH491450285,S0002,meesho,HOODIE-YEL-M,3,C01262,2026-07-30T09:55:58.154Z,3447.00,delivered
MYN8160710540,S0049,myntra,SNEAKER-YEL-10,2,C01478,2026-08-24T10:45:12.760Z,5158.00,confirmed
MSH630689577,S0002,meesho,HOODIE-BLK-L,1,C00596,2026-08-16T22:40:08.223Z,968.05,cancelled
MYN5659159021,S0006,myntra,SNEAKER-GRN-7,1,C01426,2026-07-19T15:40:43.309Z,755.10,cancelled
OD991296977310,S0042,flipkart,WATCH-BLU-FREE,1,C02557,2026-09-13T07:18:05.245Z,1789.00,confirmed
MYN7915207377,S0004,myntra,KURTI-MAR-S,5,C01157,2026-08-07T15:09:14.537Z,1795.00,pending
OD928198832397,S0002,flipkart,HOODIE-MAR-L,3,C00802,2026-08-06T19:45:26.003Z,3057.00,shipped
OD124887554159,S0015,flipkart,WATCH-RED-FREE,2,C01934,2026-08-16T02:39:54.481Z,3562.20,delivered
MYN4179430617,S0011,myntra,KURTI-YEL-XL,3,C01455,2026-08-25T16:33:23.850Z,909.15,delivered
MYN1949658888,S0006,myntra,SNEAKER-YEL-10,2,C01342,2026-08-15T17:57:03.989Z,4246.20,delivered
MYN9267654157,S0003,myntra,KURTI-BLK-L,2,C02137,2026-07-29T16:09:52.387Z,1461.10,delivered
599-9582840-6112365,S0043,amazon,HANDBAG-PNK-FREE,1,C00852,2026-08-15T10:08:25.569Z,1129.00,delivered
MYN7237586825,S0008,myntra,JEANS-YEL-32,2,C00926,2026-10-01T21:46:53.224Z,3238.20,delivered
848-9944645-6777196,S0001,amazon,TSHIRT-GRN-L,1,C02573,2026-07-13T13:21:57.673Z,489.00,pending
MSH723581506,S0005,meesho,SNEAKER-MAR-7,1,C01951,2026-09-04T13:22:31.517Z,2399.00,returned
MYN9702445004,S0006,myntra,SNEAKER-GRN-7,1,C02169,2026-08-06T19:45:25.136Z,839.00,pending
MYN3307079414,S0004,myntra,KURTI-YEL-S,3,C00084,2026-09-01T10:11:10.801Z,927.00,delivered
MSH424849126,S0002,meesho,HOODIE-YEL-M,2,C00786,2026-07-13T07:15:03.726Z,2068.20,delivered
196-1909567-2347699,S0001,amazon,HOODIE-GRN-XL,5,C02980,2026-09-07T18:11:06.405Z,9195.00,cancelled
635-0383513-0838748,S0001,amazon,HOODIE-GRN-XL,5,C01276,2026-08-31T03:02:46.118Z,9195.00,delivered
MSH642032617,S0001,meesho,TSHIRT-PNK-XL,3,C02775,2026-07-07T17:24:09.022Z,1107.00,pending
725-2193523-3607463,S0001,amazon,HOODIE-GRN-XL,2,C02691,2026-07-21T08:29:52.373Z,3678.00,delivered
OD038667484311,S0002,flipkart,TSHIRT-PNK-XL,5,C02616,2026-08-17T00:21:57.835Z,1295.00,returned
OD052640043281,S0024,flipkart,KURTI-RED-XL,2,C00071,2026-07-14T20:22:35.400Z,1218.00,returned
MSH501658169,S0026,meesho,WATCH-PNK-FREE,2,C00363,2026-07-31T20:28:52.202Z,2202.10,delivered
OD548598757521,S0010,flipkart,SAREE-WHT-FREE,2,C00946,2026-07-14T12:35:03.560Z,3818.00,pending
OD545783423880,S0003,flipkart,KURTI-YEL-L,1,C01869,2026-07-25T10:17:59.531Z,569.00,delivered
MYN9493458466,S0023,myntra,SAREE-BLU-FREE,1,C01175,2026-07-25T19:06:56.215Z,2479.00,delivered
285-5042069-3214885,S0044,amazon,HOODIE-WHT-M,1,C00492,2026-08-18T22:10:06.475Z,1389.00,cancelled
522-8878530-1814301,S0022,amazon,HOODIE-PNK-XL,1,C00822,2026-08-03T00:17:36.301Z,1049.00,delivered
MYN9349421938,S0008,myntra,JEANS-PNK-30,2,C01024,2026-07-27T15:05:23.926Z,2358.00,delivered
002-1307996-6715945,S0032,amazon,WATCH-YEL-FREE,1,C01536,2026-08-10T16:40:47.333Z,3019.00,delivered
OD454248457633,S0003,flipkart,KURTI-YEL-L,2,C02945,2026-09-04T04:33:34.376Z,1081.10,returned
544-7681830-7405612,S0001,amazon,HOODIE-GRN-XL,2,C02033,2026-08-05T16:51:57.729Z,3678.00,confirmed
989-5490881-5673099,S0032,amazon,WATCH-GRN-FREE,1,C02882,2026-08-10T06:28:16.980Z,729.00,returned
130-7028819-4583416,S0037,amazon,JEANS-BLK-36,2,C00528,2026-08-29T13:35:52.160Z,2238.00,cancelled
MYN1189552117,S0029,myntra,WATCH-BLK-FREE,3,C01408,2026-08-09T18:05:16.367Z,3645.15,pending
411-8511829-4582357,S0001,amazon,HOODIE-GRN-XL,1,C00047,2026-07-27T23:59:25.773Z,1747.05,shipped
MYN6410410889,S0004,myntra,KURTI-BLU-S,3,C01224,2026-08-21T10:09:11.224Z,2487.00,returned
OD786381240080,S0002,flipkart,HOODIE-YEL-M,1,C01532,2026-08-18T15:36:51.806Z,1149.00,shipped
OD064122568345,S0010,flipkart,HANDBAG-WHT-FREE,1,C01390,2026-09-02T13:45:06.812Z,729.00,delivered
MSH742956785,S0007,meesho,HOODIE-YEL-M,2,C01095,2026-07-31T02:06:35.795Z,1438.00,delivered
MYN0092730422,S0003,myntra,SAREE-RED-FREE,1,C02392,2026-08-10T08:18:32.594Z,1079.00,shipped
MYN4782661079,S0040,myntra,JEANS-PNK-32,4,C02378,2026-08-05T03:05:33.433Z,2596.00,delivered
789-8492359-0103144,S0050,amazon,WATCH-WHT-FREE,2,C01467,2026-07-27T02:19:21.331Z,6818.00,delivered
MYN1936076514,S0019,myntra,WATCH-PNK-FREE,1,C00814,2026-09-03T12:47:56.451Z,3143.55,delivered
MSH231547234,S0001,meesho,TSHIRT-PNK-XL,2,C01791,2026-08-02T20:25:50.784Z,701.10,delivered
MYN9728209225,S0004,myntra,KURTI-PNK-M,1,C01084,2026-08-27T19:01:57.611Z,331.55,cancelled
MYN3045249981,S0034,myntra,HANDBAG-MAR-FREE,1,C02428,2026-07-30T19:54:30.603Z,709.00,delivered
OD628713732621,S0003,flipkart,KURTI-PNK-XL,1,C00763,2026-07-06T06:57:48.954Z,789.00,delivered
MSH170698720,S0001,meesho,TSHIRT-PNK-XL,4,C00563,2026-08-02T12:42:22.872Z,1476.00,delivered
MSH197697166,S0005,meesho,SNEAKER-BLK-9,1,C01532,2026-10-03T01:52:19.770Z,1389.00,delivered
MYN4255367468,S0050,myntra,WATCH-GRN-FREE,1,C01941,2026-07-05T21:58:23.994Z,476.10,delivered
MSH625025753,S0030,meesho,JEANS-PNK-34,2,C01245,2026-09-11T09:48:13.267Z,2038.00,delivered
MSH551413370,S0002,meesho,TSHIRT-PNK-M,3,C00839,2026-09-10T17:31:49.282Z,2037.00,pending
OD897537735902,S0003,flipkart,KURTI-WHT-XL,1,C01812,2026-08-03T18:00:29.419Z,404.10,delivered
MYN5725078478,S0043,myntra,HANDBAG-YEL-FREE,1,C02228,2026-08-29T21:55:38.632Z,1319.00,delivered
OD646326916439,S0002,flipkart,TSHIRT-PNK-M,1,C01089,2026-09-04T07:34:27.788Z,645.05,shipped
MYN1168609604,S0038,myntra,SNEAKER-MAR-8,1,C02582,2026-09-25T04:58:19.747Z,2799.00,shipped
677-1326820-5491202,S0031,amazon,HOODIE-RED-XL,1,C02278,2026-08-25T12:21:09.470Z,1319.55,cancelled
MYN1528869553,S0043,myntra,HANDBAG-RED-FREE,1,C01793,2026-08-27T22:16:49.165Z,1239.00,shipped
MYN1670343358,S0004,myntra,KURTI-YEL-XL,1,C00440,2026-07-27T11:03:20.888Z,609.00,cancelled
MYN6693205683,S0034,myntra,HANDBAG-BLU-FREE,4,C02588,2026-08-30T14:04:42.570Z,5316.00,delivered
443-9896296-4514388,S0001,amazon,HOODIE-GRN-XL,2,C00620,2026-09-22T14:45:41.786Z,3678.00,delivered
MSH364840050,S0002,meesho,HOODIE-YEL-M,1,C02740,2026-08-27T13:50:23.786Z,1149.00,delivered
OD009921355132,S0003,flipkart,KURTI-BLK-M,1,C02855,2026-07-05T19:15:17.312Z,779.00,pending
629-2724413-6287457,S0045,amazon,WATCH-BLU-FREE,1,C02742,2026-09-08T00:10:37.003Z,909.00,delivered
723-8743460-5422999,S0001,amazon,TSHIRT-PNK-XL,1,C01838,2026-07-06T14:00:46.756Z,350.55,delivered
953-9051749-8957976,S0001,amazon,TSHIRT-WHT-XL,1,C00124,2026-09-20T04:08:18.527Z,479.00,delivered
MSH043464693,S0002,meesho,HOODIE-YEL-M,5,C00401,2026-09-02T00:08:23.649Z,5457.75,delivered
MSH068234891,S0029,meesho,SNEAKER-MAR-8,1,C00328,2026-09-04T23:35:33.439Z,2699.00,shipped
OD532718074905,S0002,flipkart,TSHIRT-WHT-M,1,C02164,2026-09-16T22:32:05.008Z,417.05,shipped
166-6840261-0671609,S0025,amazon,SNEAKER-MAR-8,1,C00398,2026-07-29T15:03:02.249Z,1409.00,delivered
MSH441905067,S0039,meesho,SAREE-YEL-FREE,2,C00052,2026-08-08T15:47:11.438Z,2658.00,returned
MYN2847243869,S0004,myntra,KURTI-YEL-XL,1,C01587,2026-10-02T18:20:16.504Z,609.00,returned
OD665477975459,S0002,flipkart,HOODIE-MAR-L,2,C00427,2026-08-12T00:58:48.817Z,2038.00,delivered
588-9963040-9566764,S0026,amazon,WATCH-GRN-FREE,1,C00473,2026-09-30T21:14:26.464Z,709.00,cancelled
MYN8997541257,S0004,myntra,KURTI-BLU-S,1,C00418,2026-09-14T15:44:01.414Z,829.00,returned
647-9407974-2172241,S0045,amazon,WATCH-BLK-FREE,2,C00584,2026-09-01T04:52:31.979Z,6638.00,delivered
OD962004061889,S0003,flipkart,KURTI-BLK-M,2,C02041,2026-09-10T19:05:29.488Z,1558.00,pending
MSH358532612,S0001,meesho,TSHIRT-GRN-L,1,C00090,2026-07-22T11:45:00.886Z,489.00,delivered
MSH238625232,S0002,meesho,TSHIRT-GRN-M,4,C02078,2026-09-13T13:35:19.220Z,1858.20,delivered
OD922499874012,S0003,flipkart,KURTI-BLK-M,2,C01127,2026-07-16T00:29:57.683Z,1480.10,delivered
MSH275710252,S0002,meesho,TSHIRT-WHT-M,4,C00815,2026-08-06T21:02:42.242Z,1756.00,delivered
OD296828229449,S0044,flipkart,HOODIE-RED-M,4,C01700,2026-09-27T17:34:50.694Z,6000.20,confirmed
MSH241460740,S0005,meesho,SNEAKER-PNK-9,2,C01245,2026-07-06T19:31:49.813Z,1838.00,delivered
MYN7869346998,S0047,myntra,KURTI-BLK-L,5,C00339,2026-08-19T16:53:24.126Z,1645.00,delivered
MSH633653052,S0001,meesho,HOODIE-GRN-XL,3,C00900,2026-09-10T02:59:15.472Z,5517.00,delivered
MSH416471593,S0005,meesho,SNEAKER-GRN-7,1,C01102,2026-09-19T05:15:01.696Z,2096.10,delivered
OD346814492269,S0003,flipkart,KURTI-WHT-XL,1,C02439,2026-08-31T12:33:26.488Z,449.00,delivered
813-0197932-4654326,S0001,amazon,TSHIRT-GRN-L,4,C02950,2026-07-19T04:30:59.568Z,1956.00,delivered
MSH908710748,S0026,meesho,HANDBAG-MAR-FREE,1,C00792,2026-08-30T06:07:38.273Z,1079.00,returned
202-0286937-6681359,S0001,amazon,TSHIRT-WHT-XL,2,C00909,2026-08-28T22:23:09.142Z,958.00,shipped
232-0087040-4732130,S0009,amazon,HANDBAG-YEL-FREE,3,C02560,2026-09-24T04:52:39.289Z,2427.00,delivered
OD481806301885,S0002,flipkart,HOODIE-YEL-M,1,C00142,2026-09-24T17:31:46.608Z,1149.00,cancelled
326-3788678-8939259,S0009,amazon,HANDBAG-BLU-FREE,2,C02463,2026-07-14T19:12:59.402Z,2958.00,delivered
952-3383075-7662785,S0008,amazon,WATCH-PNK-FREE,1,C02251,2026-08-31T10:14:05.233Z,3419.00,confirmed
OD990635294097,S0048,flipkart,HOODIE-RED-XL,1,C01036,2026-08-31T16:00:32.927Z,929.00,delivered
OD138424798956,S0024,flipkart,JEANS-MAR-36,1,C01760,2026-09-16T01:20:43.015Z,839.00,delivered
MYN7206636408,S0003,myntra,KURTI-WHT-XL,4,C00196,2026-10-01T06:18:02.564Z,1796.00,pending
OD138927653990,S0036,flipkart,JEANS-PNK-36,1,C02997,2026-09-27T07:11:18.587Z,1489.00,delivered
MSH298888721,S0001,meesho,TSHIRT-WHT-XL,1,C01023,2026-07-12T03:26:02.960Z,479.00,shipped
744-0489038-1379992,S0009,amazon,HANDBAG-RED-FREE,3,C01432,2026-09-23T23:55:52.159Z,2817.00,shipped
MSH363721541,S0009,meesho,HANDBAG-MAR-FREE,1,C02184,2026-08-16T23:53:53.938Z,739.00,returned
MSH285679910,S0021,meesho,SNEAKER-GRN-10,1,C00296,2026-09-03T03:44:00.802Z,-1835.10,shipped
487-3066730-3131939,S0031,amazon,SNEAKER-WHT-10,2,C02109,2026-07-09T13:09:30.837Z,5038.20,cancelled
MYN9952256292,S0040,myntra,JEANS-PNK-32,2,C01040,2026-08-20T03:18:42.163Z,1233.10,delivered
MYN3252730166,S0008,myntra,JEANS-YEL-32,1,C00402,2026-09-28T10:22:08.948Z,1799.00,delivered
MYN1096937730,S0004,myntra,KURTI-BLU-S,2,C02094,2026-08-01T06:26:03.321Z,1658.00,delivered
832-9586938-9892234,S0001,amazon,TSHIRT-GRN-L,1,C01554,2026-07-15T10:39:45.344Z,489.00,cancelled
OD994962029168,S0002,flipkart,HOODIE-YEL-M,1,C01843,2026-07-21T05:59:46.458Z,1091.55,cancelled
MSH822790977,S0002,meesho,TSHIRT-WHT-M,1,C01088,2026-07-25T18:39:51.263Z,395.10,cancelled
OD116187257582,S0003,flipkart,SAREE-MAR-FREE,2,C00237,2026-07-09T01:58:40.367Z,2860.20,cancelled
772-3769325-7358101,S0050,amazon,WATCH-WHT-FREE,2,C00913,2026-09-08T19:47:24.551Z,6818.00,delivered
542-6001961-9470331,S0001,amazon,HOODIE-GRN-XL,1,C01366,2026-08-23T08:31:38.219Z,1839.00,delivered
MSH039195193,S0007,meesho,HOODIE-PNK-M,2,C01313,2026-08-27T15:43:00.535Z,2518.00,delivered
793-2294226-9723409,S0001,amazon,TSHIRT-WHT-XL,1,C00436,2026-08-16T02:14:53.495Z,431.10,delivered
OD614250270008,S0010,flipkart,SAREE-WHT-FREE,3,C01190,2026-07-30T17:12:34.104Z,5727.00,delivered
OD785755594400,S0003,flipkart,KURTI-WHT-XL,2,C02145,2026-07-06T13:16:44.778Z,898.00,delivered
MYN1310123556,S0008,myntra,JEANS-YEL-32,1,C02791,2026-09-23T05:20:17.177Z,1799.00,pending
803-1410081-4866263,S0008,amazon,JEANS-YEL-32,2,C02140,2026-09-27T19:51:04.542Z,3418.10,delivered
MSH612503240,S0001,meesho,HOODIE-PNK-M,1,C02473,2026-08-20T19:33:50.831Z,1599.00,cancelled
098-9384334-2769402,S0022,amazon,HOODIE-PNK-XL,1,C00952,2026-07-29T11:09:45.858Z,944.10,confirmed
MYN2358070394,S0003,myntra,KURTI-WHT-XL,2,C01311,2026-08-31T01:09:21.265Z,808.20,confirmed
992-0226172-4399770,S0001,amazon,TSHIRT-PNK-XL,2,C02714,2026-07-20T10:32:11.034Z,701.10,delivered
390-0574949-1189845,S0021,amazon,SNEAKER-GRN-7,2,C02651,2026-08-12T05:53:31.773Z,4358.00,delivered
OD413423834243,S0002,flipkart,HOODIE-YEL-M,2,C02532,2026-08-02T17:08:21.457Z,2298.00,delivered
OD611382861923,S0044,flipkart,HOODIE-YEL-XL,1,C01253,2026-07-08T22:17:32.442Z,1929.00,cancelled
MYN8651770941,S0047,myntra,KURTI-YEL-M,4,C02201,2026-08-17T23:10:27.662Z,3378.20,delivered
MYN5487004479,S0003,myntra,KURTI-BLK-M,2,C02982,2026-08-02T15:29:50.424Z,1480.10,delivered
MYN3471872748,S0006,myntra,SNEAKER-YEL-10,1,C00547,2026-09-26T21:22:37.602Z,2123.10,delivered
OD377579279436,S0035,flipkart,WATCH-YEL-FREE,1,C02532,2026-09-07T18:11:05.670Z,1639.00,delivered
MYN1406456188,S0003,myntra,KURTI-GRN-L,1,C00032,2026-09-11T19:54:35.693Z,440.10,delivered
952-5428539-7471464,S0037,amazon,JEANS-PNK-34,1,C00509,2026-08-24T22:33:13.614Z,1614.05,delivered
OD939969389395,S0015,flipkart,SAREE-GRN-FREE,1,C00223,2026-07-27T00:23:32.929Z,2299.00,delivered
MYN1673299621,S0050,myntra,WATCH-PNK-FREE,1,C01546,2026-09-18T06:28:54.251Z,2289.00,delivered
MYN5310133365,S0050,myntra,WATCH-WHT-FREE,1,C02828,2026-09-18T18:45:32.462Z,3409.00,delivered
MYN9326891818,S0006,myntra,SNEAKER-RED-10,1,C02850,2026-09-12T16:59:37.461Z,2820.55,returned
MSH555556517,S0001,meesho,HOODIE-GRN-XL,2,C00076,2026-09-21T10:29:31.327Z,3494.10,confirmed
OD364238100733,S0042,flipkart,KURTI-WHT-S,1,C01159,2026-07-12T11:33:42.549Z,609.00,shipped
879-8105057-9026130,S0001,amazon,TSHIRT-GRN-L,1,C00584,2026-09-20T09:38:10.669Z,489.00,delivered
536-2308565-4186219,S0012,amazon,KURTI-YEL-M,1,C02181,2026-09-02T20:41:55.459Z,749.00,delivered
MSH749529527,S0026,meesho,HANDBAG-GRN-FREE,1,C01683,2026-08-16T05:25:03.545Z,509.00,delivered
OD671306819563,S0010,flipkart,SAREE-PNK-FREE,1,C00116,2026-07-26T21:45:11.314Z,1869.00,delivered
149-4803383-3130191,S0008,amazon,JEANS-YEL-32,5,C00771,2026-08-11T06:48:53.665Z,8995.00,confirmed
OD144289033713,S0003,flipkart,KURTI-BLK-M,2,C00551,2026-09-27T19:52:15.350Z,1558.00,delivered
OD979880957704,S0017,flipkart,KURTI-WHT-XL,3,C00312,2026-09-13T15:09:10.766Z,1707.00,delivered
MYN5606037890,S0047,myntra,WATCH-MAR-FREE,1,C02622,2026-09-01T02:04:50.445Z,2019.00,confirmed
MYN6882175411,S0003,myntra,KURTI-BLK-L,2,C01975,2026-09-02T07:23:56.388Z,1384.20,cancelled
762-3997926-2022834,S0012,amazon,KURTI-YEL-M,1,C00163,2026-08-15T00:17:56.578Z,674.10,cancelled
963-0426285-4546244,S0033,amazon,TSHIRT-MAR-L,1,C02159,2026-09-29T07:37:49.128Z,599.00,confirmed
MYN8960589773,S0008,myntra,JEANS-BLU-34,2,C02591,2026-08-25T22:37:47.405Z,2998.00,delivered
MSH564830049,S0030,meesho,JEANS-MAR-30,4,C00468,2026-07-25T19:47:25.239Z,2636.00,delivered
997-1916263-7243256,S0040,amazon,JEANS-MAR-30,1,C01533,2026-09-25T20:55:18.336Z,1479.00,confirmed
MSH046201846,S0005,meesho,SNEAKER-MAR-7,2,C02752,2026-08-24T06:57:33.041Z,4798.00,delivered
MYN9634198825,S0019,myntra,WATCH-GRN-FREE,1,C02926,2026-07-28T20:50:22.833Z,2231.10,delivered
OD930981532039,S0002,flipkart,HOODIE-BLK-L,4,C00764,2026-07-08T18:32:03.087Z,3872.20,delivered
709-0969665-6178601,S0009,amazon,HANDBAG-RED-FREE,3,C02140,2026-07-29T05:04:33.845Z,2817.00,returned
MYN9574311717,S0004,myntra,KURTI-PNK-M,1,C00273,2026-08-22T10:01:19.905Z,331.55,delivered
MYN6972138818,S0003,myntra,KURTI-BLK-L,2,C01960,2026-08-17T09:39:57.976Z,1538.00,delivered
MYN9574311717,S0004,myntra,KURTI-PNK-M,1,C00273,2026-08-22T10:01:19.905Z,331.55,delivered
MYN7504740401,S0048,myntra,HOODIE-BLK-L,1,C01494,2026-09-30T13:24:46.252Z,1160.10,cancelled
MSH089519050,S0009,meesho,HANDBAG-BLK-FREE,2,C00119,2026-08-02T13:25:58.049Z,2316.10,confirmed
OD959650285606,S0010,flipkart,SAREE-MAR-FREE,1,C02031,2026-09-30T05:37:17.954Z,1179.00,delivered
MYN1079874434,S0003,myntra,KURTI-MAR-XL,2,C00388,2026-08-07T16:31:54.200Z,1060.20,delivered
OD669793919635,S0002,flipkart,HOODIE-BLK-L,1,C00670,2026-07-09T07:39:29.554Z,1019.00,returned
MSH735809353,S0001,meesho,HOODIE-PNK-M,1,C00743,2026-08-08T07:13:18.415Z,1599.00,delivered
MSH051331723,S0001,meesho,HOODIE-GRN-XL,1,C00255,2026-08-05T08:47:30.182Z,1839.00,delivered
572-4788208-3724740,S0001,amazon,HOODIE-GRN-XL,3,C01364,2026-08-30T17:11:29.059Z,5517.00,delivered
OD336127923622,S0010,flipkart,HANDBAG-PNK-FREE,1,C00723,2026-08-31T01:46:52.675Z,683.05,delivered
MSH187488423,S0011,meesho,KURTI-BLU-M,3,C02832,2026-08-15T20:20:51.687Z,2106.15,delivered
760-7441302-1256622,S0041,amazon,TSHIRT-RED-L,1,C02965,2026-08-19T22:40:38.654Z,529.00,delivered
MYN3716547257,S0029,myntra,SNEAKER-PNK-7,1,C01290,2026-07-10T12:18:50.547Z,2285.10,pending
167-1822401-9331931,S0045,amazon,WATCH-RED-FREE,1,C01962,2026-08-01T21:00:41.742Z,1529.10,delivered
119-2347771-3614745,S0004,amazon,KURTI-MAR-L,2,C01689,2026-09-02T10:48:58.286Z,587.10,confirmed
MYN9265583045,S0006,myntra,SNEAKER-RED-10,2,C02394,2026-07-10T13:12:36.677Z,5641.10,delivered
270-7449486-8894247,S0004,amazon,KURTI-PNK-M,2,C01879,2026-08-12T15:02:59.990Z,698.00,delivered
124-6574924-9250180,S0001,amazon,TSHIRT-PNK-XL,1,C02226,2026-08-07T22:14:16.593Z,369.00,shipped
149-3175922-3554903,S0044,amazon,HOODIE-YEL-XL,2,C01817,2026-08-07T13:55:25.229Z,3665.10,delivered
OD874878388868,S0002,flipkart,HOODIE-YEL-M,2,C00898,2026-08-19T06:57:56.400Z,2183.107,delivered
MYN4375375926,S0023,myntra,SAREE-MAR-FREE,1,C00676,2026-07-20T06:33:30.498Z,2159.00,shipped
MYN4546402081,S0004,myntra,KURTI-YEL-S,1,C02234,2026-08-16T20:17:33.850Z,309.00,delivered
